experiment_id,timestamp_utc,relative_time_sec,sample_index,role,device,sample_interval_ms,telemetry_source,bytes_sent_total,bytes_received_total,bytes_sent_delta,bytes_received_delta,cpu_usage_percent,memory_usage_mb,memory_usage_percent,gpu_usage_percent,gpu_memory_used_mb,gpu_memory_total_mb,cpu_power_w,gpu_power_w,system_power_w,cpu_energy_j,gpu_energy_j,system_energy_j
20260820_142704_79edcc8b,2026-08-20T18:27:04.721993+00:00,0.5004070510040037,0,server,ubuntu,500,psutil,12915193995,26839559813,0,0,13.0,11423.43359375,35.8,,,,,,,,,
20260820_142704_79edcc8b,2026-08-20T18:27:05.311295+00:00,1.0897103610041086,1,server,ubuntu,500,psutil,12915194089,26839559879,94,66,14.2,11552.08203125,36.2,,,,,,,,,
20260820_142704_79edcc8b,2026-08-20T18:27:05.817795+00:00,1.5962084750062786,2,server,ubuntu,500,psutil,12915198467,26839566122,4378,6243,2.0,11566.61328125,36.3,,,,,,,,,
20260820_142704_79edcc8b,2026-08-20T18:27:06.318330+00:00,2.0967436770151835,3,server,ubuntu,500,psutil,12915202202,26839571142,3735,5020,1.8,11565.8828125,36.3,,,,,,,,,
20260820_142704_79edcc8b,2026-08-20T18:27:06.818733+00:00,2.597148061002372,4,server,ubuntu,500,psutil,12915202296,26839571208,94,66,1.5,11565.8828125,36.3,,,,,,,,,
20260820_142704_79edcc8b,2026-08-20T18:27:07.319197+00:00,3.0976122099964414,5,server,ubuntu,500,psutil,12915202484,26839571340,188,132,1.5,11552.734375,36.2,,,,,,,,,
20260820_142704_79edcc8b,2026-08-20T18:27:07.819862+00:00,3.5982772190182004,6,server,ubuntu,500,psutil,12915202484,26839571340,0,0,1.5,11551.9921875,36.2,,,,,,,,,
20260820_142704_79edcc8b,2026-08-20T18:27:08.320362+00:00,4.098776814003941,7,server,ubuntu,500,psutil,12915202578,26839571406,94,66,1.5,11550.015625,36.2,,,,,,,,,
20260820_142704_79edcc8b,2026-08-20T18:27:08.820768+00:00,4.599183204991277,8,server,ubuntu,500,psutil,12915202700,26839571562,122,156,1.5,11550.015625,36.2,,,,,,,,,
20260820_142704_79edcc8b,2026-08-20T18:27:09.321492+00:00,5.099906716000987,9,server,ubuntu,500,psutil,12915202794,26839571628,94,66,1.0,11547.85546875,36.2,,,,,,,,,
20260820_142704_79edcc8b,2026-08-20T18:27:09.822220+00:00,5.6006356610159855,10,server,ubuntu,500,psutil,12915204069,26839571694,1275,66,1.3,11547.85546875,36.2,,,,,,,,,
20260820_142704_79edcc8b,2026-08-20T18:27:10.322616+00:00,6.101030677993549,11,server,ubuntu,500,psutil,12915204629,26839572737,560,1043,2.2,11546.27734375,36.2,,,,,,,,,
20260820_142704_79edcc8b,2026-08-20T18:27:10.823352+00:00,6.601767407002626,12,server,ubuntu,500,psutil,12915204629,26839573415,0,678,1.0,11546.27734375,36.2,,,,,,,,,
20260820_142704_79edcc8b,2026-08-20T18:27:11.323731+00:00,7.102145587006817,13,server,ubuntu,500,psutil,12915204943,26839573575,314,160,6.8,11544.625,36.2,,,,,,,,,
20260820_142704_79edcc8b,2026-08-20T18:27:11.824226+00:00,7.602640685014194,14,server,ubuntu,500,psutil,12915204943,26839573575,0,0,1.3,11544.37890625,36.2,,,,,,,,,
20260820_142704_79edcc8b,2026-08-20T18:27:12.324965+00:00,8.10338041500654,15,server,ubuntu,500,psutil,12915205058,26839573656,115,81,1.5,11544.3828125,36.2,,,,,,,,,
20260820_142704_79edcc8b,2026-08-20T18:27:12.825706+00:00,8.604121637006756,16,server,ubuntu,500,psutil,12915205152,26839573722,94,66,1.0,11544.62890625,36.2,,,,,,,,,
20260820_142704_79edcc8b,2026-08-20T18:27:13.326432+00:00,9.104847728012828,17,server,ubuntu,500,psutil,12915205372,26839573816,220,94,1.8,11544.62890625,36.2,,,,,,,,,
20260820_142704_79edcc8b,2026-08-20T18:27:13.826994+00:00,9.60540935001336,18,server,ubuntu,500,psutil,12915206100,26839573882,728,66,1.3,11544.62890625,36.2,,,,,,,,,
20260820_142704_79edcc8b,2026-08-20T18:27:14.327577+00:00,10.105992191995028,19,server,ubuntu,500,psutil,12915206100,26839573882,0,0,1.0,11544.37890625,36.2,,,,,,,,,
20260820_142704_79edcc8b,2026-08-20T18:27:14.828290+00:00,10.606704602017999,20,server,ubuntu,500,psutil,12915206194,26839573948,94,66,1.0,11544.37890625,36.2,,,,,,,,,
20260820_142704_79edcc8b,2026-08-20T18:27:15.329072+00:00,11.107487021014094,21,server,ubuntu,500,psutil,12915206194,26839573948,0,0,1.5,11544.3671875,36.2,,,,,,,,,
20260820_142704_79edcc8b,2026-08-20T18:27:15.829825+00:00,11.608240147004835,22,server,ubuntu,500,psutil,12915206714,26839574199,520,251,1.3,11544.3671875,36.2,,,,,,,,,
20260820_142704_79edcc8b,2026-08-20T18:27:16.330247+00:00,12.10866180100129,23,server,ubuntu,500,psutil,12915206714,26839574199,0,0,1.3,11544.44921875,36.2,,,,,,,,,
20260820_142704_79edcc8b,2026-08-20T18:27:16.830726+00:00,12.609141340013593,24,server,ubuntu,500,psutil,12915206808,26839574265,94,66,1.3,11544.44921875,36.2,,,,,,,,,
20260820_142704_79edcc8b,2026-08-20T18:27:17.331163+00:00,13.109577852999792,25,server,ubuntu,500,psutil,12915206808,26839574265,0,0,1.3,11544.44921875,36.2,,,,,,,,,
20260820_142704_79edcc8b,2026-08-20T18:27:17.831680+00:00,13.610095364012523,26,server,ubuntu,500,psutil,12915206902,26839574331,94,66,1.5,11544.44921875,36.2,,,,,,,,,
20260820_142704_79edcc8b,2026-08-20T18:27:18.332150+00:00,14.110565751005197,27,server,ubuntu,500,psutil,12915207325,26839574568,423,237,1.5,11544.44921875,36.2,,,,,,,,,
20260820_142704_79edcc8b,2026-08-20T18:27:18.832620+00:00,14.611034567991737,28,server,ubuntu,500,psutil,12915207808,26839575091,483,523,1.5,11544.44921875,36.2,,,,,,,,,
20260820_142704_79edcc8b,2026-08-20T18:27:19.333211+00:00,15.111626276018796,29,server,ubuntu,500,psutil,12915207808,26839575091,0,0,1.3,11544.44921875,36.2,,,,,,,,,
20260820_142704_79edcc8b,2026-08-20T18:27:19.833654+00:00,15.612068998016184,30,server,ubuntu,500,psutil,12915207902,26839575157,94,66,1.5,11544.68359375,36.2,,,,,,,,,
20260820_142704_79edcc8b,2026-08-20T18:27:20.334115+00:00,16.112530990008963,31,server,ubuntu,500,psutil,12915207996,26839575262,94,105,1.5,11544.68359375,36.2,,,,,,,,,
20260820_142704_79edcc8b,2026-08-20T18:27:20.834630+00:00,16.61301950699999,32,server,ubuntu,500,psutil,12915213078,26839577131,5082,1869,1.5,11544.68359375,36.2,,,,,,,,,
20260820_142704_79edcc8b,2026-08-20T18:27:21.335121+00:00,17.11353667799267,33,server,ubuntu,500,psutil,12915215397,26839579731,2319,2600,1.8,11545.4375,36.2,,,,,,,,,
20260820_142704_79edcc8b,2026-08-20T18:27:21.835590+00:00,17.61400471799425,34,server,ubuntu,500,psutil,12915215491,26839579797,94,66,1.3,11545.4375,36.2,,,,,,,,,
20260820_142704_79edcc8b,2026-08-20T18:27:22.336054+00:00,18.114468831015984,35,server,ubuntu,500,psutil,12915215867,26839580034,376,237,1.3,11545.4375,36.2,,,,,,,,,
20260820_142704_79edcc8b,2026-08-20T18:27:22.836523+00:00,18.614938392012846,36,server,ubuntu,500,psutil,12915215961,26839580166,94,132,1.0,11545.4375,36.2,,,,,,,,,
20260820_142704_79edcc8b,2026-08-20T18:27:23.336994+00:00,19.115409004996764,37,server,ubuntu,500,psutil,12915215961,26839580166,0,0,1.5,11545.4375,36.2,,,,,,,,,
20260820_142704_79edcc8b,2026-08-20T18:27:23.837669+00:00,19.61608345701825,38,server,ubuntu,500,psutil,12915216055,26839580232,94,66,1.3,11545.4375,36.2,,,,,,,,,
20260820_142704_79edcc8b,2026-08-20T18:27:24.338184+00:00,20.116598508000607,39,server,ubuntu,500,psutil,12915216055,26839580232,0,0,1.3,11545.4375,36.2,,,,,,,,,
20260820_142704_79edcc8b,2026-08-20T18:27:24.838886+00:00,20.617301430000225,40,server,ubuntu,500,psutil,12915216149,26839580298,94,66,1.0,11545.4375,36.2,,,,,,,,,
20260820_142704_79edcc8b,2026-08-20T18:27:25.339535+00:00,21.11794972399366,41,server,ubuntu,500,psutil,12915216149,26839580298,0,0,1.5,11545.4375,36.2,,,,,,,,,
20260820_142704_79edcc8b,2026-08-20T18:27:25.840109+00:00,21.61852388101397,42,server,ubuntu,500,psutil,12915216243,26839580364,94,66,1.8,11545.4375,36.2,,,,,,,,,
20260820_142704_79edcc8b,2026-08-20T18:27:26.340618+00:00,22.119033675990067,43,server,ubuntu,500,psutil,12915219811,26839585227,3568,4863,1.3,11544.67578125,36.2,,,,,,,,,
20260820_142704_79edcc8b,2026-08-20T18:27:26.841127+00:00,22.61954245000379,44,server,ubuntu,500,psutil,12915219905,26839585293,94,66,1.5,11544.67578125,36.2,,,,,,,,,
20260820_142704_79edcc8b,2026-08-20T18:27:27.341804+00:00,23.12021857901709,45,server,ubuntu,500,psutil,12915219905,26839585293,0,0,1.0,11544.68359375,36.2,,,,,,,,,
20260820_142704_79edcc8b,2026-08-20T18:27:27.842474+00:00,23.62088900100207,46,server,ubuntu,500,psutil,12915219999,26839585359,94,66,1.7,11544.6796875,36.2,,,,,,,,,
20260820_142704_79edcc8b,2026-08-20T18:27:28.343167+00:00,24.121582176012453,47,server,ubuntu,500,psutil,12915219999,26839585359,0,0,1.3,11544.6796875,36.2,,,,,,,,,
20260820_142704_79edcc8b,2026-08-20T18:27:28.843898+00:00,24.622313243016833,48,server,ubuntu,500,psutil,12915220285,26839585623,286,264,2.0,11548.3671875,36.2,,,,,,,,,
20260820_142704_79edcc8b,2026-08-20T18:27:29.344499+00:00,25.122914284991566,49,server,ubuntu,500,psutil,12915220285,26839585623,0,0,1.8,11548.72265625,36.2,,,,,,,,,
20260820_142704_79edcc8b,2026-08-20T18:27:29.845232+00:00,25.62364714901196,50,server,ubuntu,500,psutil,12915220379,26839585689,94,66,1.0,11548.72265625,36.2,,,,,,,,,
20260820_142704_79edcc8b,2026-08-20T18:27:30.345730+00:00,26.124144920991967,51,server,ubuntu,500,psutil,12915220567,26839585755,188,66,1.3,11548.72265625,36.2,,,,,,,,,
20260820_142704_79edcc8b,2026-08-20T18:27:30.846430+00:00,26.624845643993467,52,server,ubuntu,500,psutil,12915220661,26839585821,94,66,1.0,11548.72265625,36.2,,,,,,,,,
20260820_142704_79edcc8b,2026-08-20T18:27:31.346880+00:00,27.125295395991998,53,server,ubuntu,500,psutil,12915220881,26839585915,220,94,1.3,11548.72265625,36.2,,,,,,,,,
20260820_142704_79edcc8b,2026-08-20T18:27:31.847317+00:00,27.62573239899939,54,server,ubuntu,500,psutil,12915222434,26839586853,1553,938,1.5,11548.72265625,36.2,,,,,,,,,
20260820_142704_79edcc8b,2026-08-20T18:27:32.347762+00:00,28.12617763201706,55,server,ubuntu,500,psutil,12915222434,26839586853,0,0,1.0,11548.72265625,36.2,,,,,,,,,
20260820_142704_79edcc8b,2026-08-20T18:27:32.848251+00:00,28.62666579100187,56,server,ubuntu,500,psutil,12915232781,26839594721,10347,7868,2.3,11550.67578125,36.2,,,,,,,,,
20260820_142704_79edcc8b,2026-08-20T18:27:33.348765+00:00,29.12717990000965,57,server,ubuntu,500,psutil,12915232781,26839594721,0,0,1.3,11551.08203125,36.2,,,,,,,,,
20260820_142704_79edcc8b,2026-08-20T18:27:33.849231+00:00,29.627645836997544,58,server,ubuntu,500,psutil,12915233611,26839595415,830,694,2.8,11552.3828125,36.2,,,,,,,,,
20260820_142704_79edcc8b,2026-08-20T18:27:34.349679+00:00,30.128095276013482,59,server,ubuntu,500,psutil,12915233705,26839595520,94,105,1.3,11551.95703125,36.2,,,,,,,,,
20260820_142704_79edcc8b,2026-08-20T18:27:34.850152+00:00,30.628567092993762,60,server,ubuntu,500,psutil,12915233705,26839595520,0,0,1.5,11552.01171875,36.2,,,,,,,,,
20260820_142704_79edcc8b,2026-08-20T18:27:35.350713+00:00,31.129128205007873,61,server,ubuntu,500,psutil,12915234151,26839595913,446,393,2.0,11551.99609375,36.2,,,,,,,,,
20260820_142704_79edcc8b,2026-08-20T18:27:35.851175+00:00,31.629589560005115,62,server,ubuntu,500,psutil,12915234245,26839596018,94,105,1.5,11551.99609375,36.2,,,,,,,,,
20260820_142704_79edcc8b,2026-08-20T18:27:36.351608+00:00,32.13002410900663,63,server,ubuntu,500,psutil,12915234339,26839596084,94,66,1.5,11551.99609375,36.2,,,,,,,,,
20260820_142704_79edcc8b,2026-08-20T18:27:36.852075+00:00,32.63049029401736,64,server,ubuntu,500,psutil,12915234453,26839596200,114,116,2.0,11551.99609375,36.2,,,,,,,,,
20260820_142704_79edcc8b,2026-08-20T18:27:37.352543+00:00,33.13095822799369,65,server,ubuntu,500,psutil,12915234641,26839596332,188,132,1.3,11551.99609375,36.2,,,,,,,,,
20260820_142704_79edcc8b,2026-08-20T18:27:37.853011+00:00,33.63142565501039,66,server,ubuntu,500,psutil,12915234735,26839596398,94,66,1.5,11551.99609375,36.2,,,,,,,,,
20260820_142704_79edcc8b,2026-08-20T18:27:38.353389+00:00,34.13180501500028,67,server,ubuntu,500,psutil,12915234829,26839596464,94,66,1.3,11551.9140625,36.2,,,,,,,,,
20260820_142704_79edcc8b,2026-08-20T18:27:38.854210+00:00,34.63262523300364,68,server,ubuntu,500,psutil,12915234829,26839596464,0,0,1.5,11550.484375,36.2,,,,,,,,,
20260820_142704_79edcc8b,2026-08-20T18:27:39.354807+00:00,35.13322249299381,69,server,ubuntu,500,psutil,12915234923,26839596530,94,66,1.3,11550.484375,36.2,,,,,,,,,
20260820_142704_79edcc8b,2026-08-20T18:27:39.855293+00:00,35.633708145003766,70,server,ubuntu,500,psutil,12915234923,26839596530,0,0,1.5,11550.484375,36.2,,,,,,,,,
20260820_142704_79edcc8b,2026-08-20T18:27:40.355797+00:00,36.13421259299503,71,server,ubuntu,500,psutil,12915235017,26839596596,94,66,1.3,11550.5625,36.2,,,,,,,,,
20260820_142704_79edcc8b,2026-08-20T18:27:40.856513+00:00,36.63492824201239,72,server,ubuntu,500,psutil,12915235244,26839597445,227,849,1.7,11550.5625,36.2,,,,,,,,,
20260820_142704_79edcc8b,2026-08-20T18:27:41.357002+00:00,37.13541675900342,73,server,ubuntu,500,psutil,12915235673,26839597686,429,241,1.3,11550.5625,36.2,,,,,,,,,
20260820_142704_79edcc8b,2026-08-20T18:27:41.857724+00:00,37.63613919899217,74,server,ubuntu,500,psutil,12915235779,26839597772,106,86,1.7,11550.5625,36.2,,,,,,,,,
20260820_142704_79edcc8b,2026-08-20T18:27:42.358111+00:00,38.13652678101789,75,server,ubuntu,500,psutil,12915235873,26839597838,94,66,1.3,11550.5625,36.2,,,,,,,,,
20260820_142704_79edcc8b,2026-08-20T18:27:42.858847+00:00,38.6372619800095,76,server,ubuntu,500,psutil,12915235873,26839597838,0,0,1.5,11550.5625,36.2,,,,,,,,,
20260820_142704_79edcc8b,2026-08-20T18:27:43.359340+00:00,39.137755057017785,77,server,ubuntu,500,psutil,12915236187,26839597998,314,160,1.3,11550.5625,36.2,,,,,,,,,
20260820_142704_79edcc8b,2026-08-20T18:27:43.860133+00:00,39.63854823401198,78,server,ubuntu,500,psutil,12915236821,26839597998,634,0,1.7,11550.5625,36.2,,,,,,,,,
20260820_142704_79edcc8b,2026-08-20T18:27:44.360781+00:00,40.13919685501605,79,server,ubuntu,500,psutil,12915236915,26839598064,94,66,1.3,11550.80859375,36.2,,,,,,,,,
20260820_142704_79edcc8b,2026-08-20T18:27:44.861532+00:00,40.63994698799797,80,server,ubuntu,500,psutil,12915236915,26839598064,0,0,1.5,11550.80859375,36.2,,,,,,,,,
20260820_142704_79edcc8b,2026-08-20T18:27:45.361937+00:00,41.140351440990344,81,server,ubuntu,500,psutil,12915237009,26839598130,94,66,1.8,11550.8046875,36.2,,,,,,,,,
20260820_142704_79edcc8b,2026-08-20T18:27:45.862637+00:00,41.64105245700921,82,server,ubuntu,500,psutil,12915237009,26839598130,0,0,1.8,11550.8046875,36.2,,,,,,,,,
20260820_142704_79edcc8b,2026-08-20T18:27:46.363114+00:00,42.141529022017494,83,server,ubuntu,500,psutil,12915240556,26839602979,3547,4849,2.2,11550.8046875,36.2,,,,,,,,,
20260820_142704_79edcc8b,2026-08-20T18:27:46.863537+00:00,42.64195267600007,84,server,ubuntu,500,psutil,12915240556,26839602979,0,0,1.5,11551.046875,36.2,,,,,,,,,
20260820_142704_79edcc8b,2026-08-20T18:27:47.363951+00:00,43.142366709013004,85,server,ubuntu,500,psutil,12915240744,26839603150,188,171,1.8,11550.51953125,36.2,,,,,,,,,
20260820_142704_79edcc8b,2026-08-20T18:27:47.864371+00:00,43.64278646701132,86,server,ubuntu,500,psutil,12915240744,26839603150,0,0,1.7,11550.51953125,36.2,,,,,,,,,
20260820_142704_79edcc8b,2026-08-20T18:27:48.364920+00:00,44.143335133005166,87,server,ubuntu,500,psutil,12915240932,26839603321,188,171,1.3,11550.51953125,36.2,,,,,,,,,
20260820_142704_79edcc8b,2026-08-20T18:27:48.865388+00:00,44.64380315801827,88,server,ubuntu,500,psutil,12915241477,26839603714,545,393,1.8,11550.5234375,36.2,,,,,,,,,
20260820_142704_79edcc8b,2026-08-20T18:27:49.365897+00:00,45.14431310200598,89,server,ubuntu,500,psutil,12915241884,26839604171,407,457,1.7,11550.7578125,36.2,,,,,,,,,
20260820_142704_79edcc8b,2026-08-20T18:27:49.866366+00:00,45.64478111200151,90,server,ubuntu,500,psutil,12915241884,26839604171,0,0,1.7,11550.7578125,36.2,,,,,,,,,
20260820_142704_79edcc8b,2026-08-20T18:27:50.366768+00:00,46.145183434011415,91,server,ubuntu,500,psutil,12915242166,26839604303,282,132,1.3,11550.75,36.2,,,,,,,,,
20260820_142704_79edcc8b,2026-08-20T18:27:50.867237+00:00,46.64565174799645,92,server,ubuntu,500,psutil,12915243625,26839605175,1459,872,1.8,11550.75,36.2,,,,,,,,,
20260820_142704_79edcc8b,2026-08-20T18:27:51.367618+00:00,47.146032456017565,93,server,ubuntu,500,psutil,12915243939,26839605335,314,160,1.3,11550.75,36.2,,,,,,,,,
20260820_142704_79edcc8b,2026-08-20T18:27:51.868189+00:00,47.64660439101863,94,server,ubuntu,500,psutil,12915244067,26839605501,128,166,1.3,11550.75,36.2,,,,,,,,,
20260820_142704_79edcc8b,2026-08-20T18:27:52.368650+00:00,48.147065589000704,95,server,ubuntu,500,psutil,12915244161,26839605567,94,66,2.3,11550.75,36.2,,,,,,,,,
20260820_142704_79edcc8b,2026-08-20T18:27:52.869128+00:00,48.64754336999613,96,server,ubuntu,500,psutil,12915244161,26839605567,0,0,1.5,11550.7421875,36.2,,,,,,,,,
20260820_142704_79edcc8b,2026-08-20T18:27:53.369713+00:00,49.148128266009735,97,server,ubuntu,500,psutil,12915244255,26839605633,94,66,1.5,11550.8046875,36.2,,,,,,,,,
20260820_142704_79edcc8b,2026-08-20T18:27:53.870108+00:00,49.64852314401651,98,server,ubuntu,500,psutil,12915244255,26839605633,0,0,1.3,11550.8046875,36.2,,,,,,,,,
20260820_142704_79edcc8b,2026-08-20T18:27:54.370594+00:00,50.149008661013795,99,server,ubuntu,500,psutil,12915244464,26839605780,209,147,1.5,11551.05078125,36.2,,,,,,,,,
20260820_142704_79edcc8b,2026-08-20T18:27:54.871165+00:00,50.64958010299597,100,server,ubuntu,500,psutil,12915244464,26839605780,0,0,1.0,11551.05078125,36.2,,,,,,,,,
20260820_142704_79edcc8b,2026-08-20T18:27:55.371625+00:00,51.150040189997526,101,server,ubuntu,500,psutil,12915244558,26839605846,94,66,1.3,11551.05078125,36.2,,,,,,,,,
20260820_142704_79edcc8b,2026-08-20T18:27:55.872281+00:00,51.65069643600145,102,server,ubuntu,500,psutil,12915244558,26839605846,0,0,1.3,11551.05078125,36.2,,,,,,,,,
20260820_142704_79edcc8b,2026-08-20T18:27:56.372722+00:00,52.15113739899243,103,server,ubuntu,500,psutil,12915244652,26839605846,94,0,1.0,11551.046875,36.2,,,,,,,,,
20260820_142704_79edcc8b,2026-08-20T18:27:56.873479+00:00,52.65189430199098,104,server,ubuntu,500,psutil,12915245440,26839606565,788,719,1.3,11551.046875,36.2,,,,,,,,,
20260820_142704_79edcc8b,2026-08-20T18:27:57.373968+00:00,53.152382539003156,105,server,ubuntu,500,psutil,12915245440,26839606565,0,0,2.7,11551.046875,36.2,,,,,,,,,
20260820_142704_79edcc8b,2026-08-20T18:27:57.874713+00:00,53.65312881601858,106,server,ubuntu,500,psutil,12915245534,26839606631,94,66,1.3,11551.046875,36.2,,,,,,,,,
20260820_142704_79edcc8b,2026-08-20T18:27:58.375452+00:00,54.15386721500545,107,server,ubuntu,500,psutil,12915263257,26839612416,17723,5785,1.5,11551.7109375,36.2,,,,,,,,,
20260820_142704_79edcc8b,2026-08-20T18:27:58.876204+00:00,54.6546194429975,108,server,ubuntu,500,psutil,12915263445,26839612482,188,66,1.3,11551.7109375,36.2,,,,,,,,,
20260820_142704_79edcc8b,2026-08-20T18:27:59.376613+00:00,55.155027647997485,109,server,ubuntu,500,psutil,12915263445,26839612482,0,0,1.0,11551.95703125,36.2,,,,,,,,,
20260820_142704_79edcc8b,2026-08-20T18:27:59.877361+00:00,55.655775893013924,110,server,ubuntu,500,psutil,12915263539,26839612548,94,66,1.3,11551.95703125,36.2,,,,,,,,,
20260820_142704_79edcc8b,2026-08-20T18:28:00.378128+00:00,56.15654317199369,111,server,ubuntu,500,psutil,12915263539,26839612548,0,0,1.5,11551.94921875,36.2,,,,,,,,,
20260820_142704_79edcc8b,2026-08-20T18:28:00.878805+00:00,56.65722025799914,112,server,ubuntu,500,psutil,12915264542,26839613427,1003,879,1.0,11551.94921875,36.2,,,,,,,,,
20260820_142704_79edcc8b,2026-08-20T18:28:01.379412+00:00,57.1578274530184,113,server,ubuntu,500,psutil,12915264856,26839613626,314,199,1.5,11551.94921875,36.2,,,,,,,,,
20260820_142704_79edcc8b,2026-08-20T18:28:01.879877+00:00,57.65829192701494,114,server,ubuntu,500,psutil,12915264950,26839613692,94,66,1.5,11551.94921875,36.2,,,,,,,,,
20260820_142704_79edcc8b,2026-08-20T18:28:02.380282+00:00,58.158696635015076,115,server,ubuntu,500,psutil,12915264950,26839613692,0,0,1.8,11551.94921875,36.2,,,,,,,,,
20260820_142704_79edcc8b,2026-08-20T18:28:02.880757+00:00,58.659172782994574,116,server,ubuntu,500,psutil,12915265138,26839613863,188,171,1.5,11541.49609375,36.2,,,,,,,,,
20260820_142704_79edcc8b,2026-08-20T18:28:03.381188+00:00,59.15960283001186,117,server,ubuntu,500,psutil,12915265138,26839613863,0,0,1.3,11541.5390625,36.2,,,,,,,,,
20260820_142704_79edcc8b,2026-08-20T18:28:03.881600+00:00,59.66001488099573,118,server,ubuntu,500,psutil,12915265232,26839613929,94,66,1.3,11541.5390625,36.2,,,,,,,,,
20260820_142704_79edcc8b,2026-08-20T18:28:04.382070+00:00,60.1604846350092,119,server,ubuntu,500,psutil,12915266544,26839615084,1312,1155,1.0,11542.52734375,36.2,,,,,,,,,
20260820_142704_79edcc8b,2026-08-20T18:28:04.882550+00:00,60.66096534600365,120,server,ubuntu,500,psutil,12915266638,26839615150,94,66,1.5,11542.51171875,36.2,,,,,,,,,
20260820_142704_79edcc8b,2026-08-20T18:28:05.383023+00:00,61.16143816401018,121,server,ubuntu,500,psutil,12915266753,26839615274,115,124,1.5,11542.53125,36.2,,,,,,,,,
20260820_142704_79edcc8b,2026-08-20T18:28:05.883576+00:00,61.661991386004956,122,server,ubuntu,500,psutil,12915266917,26839615382,164,108,1.3,11542.53125,36.2,,,,,,,,,
20260820_142704_79edcc8b,2026-08-20T18:28:06.384086+00:00,62.162501112004975,123,server,ubuntu,500,psutil,12915270274,26839617510,3357,2128,1.5,11542.53125,36.2,,,,,,,,,
20260820_142704_79edcc8b,2026-08-20T18:28:06.884582+00:00,62.662996597005986,124,server,ubuntu,500,psutil,12915270556,26839617642,282,132,1.3,11542.53125,36.2,,,,,,,,,
20260820_142704_79edcc8b,2026-08-20T18:28:07.385055+00:00,63.16346988300211,125,server,ubuntu,500,psutil,12915270671,26839617789,115,147,1.3,11542.99609375,36.2,,,,,,,,,
20260820_142704_79edcc8b,2026-08-20T18:28:07.885522+00:00,63.663937011006055,126,server,ubuntu,500,psutil,12915270765,26839617855,94,66,1.3,11542.99609375,36.2,,,,,,,,,
20260820_142704_79edcc8b,2026-08-20T18:28:08.385990+00:00,64.16440450699884,127,server,ubuntu,500,psutil,12915270765,26839617855,0,0,1.5,11542.99609375,36.2,,,,,,,,,
20260820_142704_79edcc8b,2026-08-20T18:28:08.886541+00:00,64.66495590799605,128,server,ubuntu,500,psutil,12915270981,26839618077,216,222,1.5,11542.99609375,36.2,,,,,,,,,
20260820_142704_79edcc8b,2026-08-20T18:28:09.387032+00:00,65.16544680399238,129,server,ubuntu,500,psutil,12915270981,26839618077,0,0,1.5,11542.99609375,36.2,,,,,,,,,
20260820_142704_79edcc8b,2026-08-20T18:28:09.887741+00:00,65.66615669900784,130,server,ubuntu,500,psutil,12915271075,26839618143,94,66,1.0,11542.99609375,36.2,,,,,,,,,
20260820_142704_79edcc8b,2026-08-20T18:28:10.388471+00:00,66.16688579600304,131,server,ubuntu,500,psutil,12915271263,26839618209,188,66,1.5,11542.99609375,36.2,,,,,,,,,
20260820_142704_79edcc8b,2026-08-20T18:28:10.889202+00:00,66.66761760099325,132,server,ubuntu,500,psutil,12915271483,26839618953,220,744,1.3,11542.99609375,36.2,,,,,,,,,
20260820_142704_79edcc8b,2026-08-20T18:28:11.389977+00:00,67.16839195499779,133,server,ubuntu,500,psutil,12915271577,26839619047,94,94,6.5,11542.99609375,36.2,,,,,,,,,
20260820_142704_79edcc8b,2026-08-20T18:28:11.890716+00:00,67.66913070200826,134,server,ubuntu,500,psutil,12915272946,26839619179,1369,132,1.5,11542.99609375,36.2,,,,,,,,,
20260820_142704_79edcc8b,2026-08-20T18:28:12.391206+00:00,68.16962148799212,135,server,ubuntu,500,psutil,12915273130,26839619985,184,806,1.8,11542.98828125,36.2,,,,,,,,,
20260820_142704_79edcc8b,2026-08-20T18:28:12.891727+00:00,68.67014222801663,136,server,ubuntu,500,psutil,12915273224,26839620051,94,66,1.5,11542.98828125,36.2,,,,,,,,,
20260820_142704_79edcc8b,2026-08-20T18:28:13.392216+00:00,69.1706308730063,137,server,ubuntu,500,psutil,12915273444,26839620145,220,94,1.0,11542.98828125,36.2,,,,,,,,,
20260820_142704_79edcc8b,2026-08-20T18:28:13.893001+00:00,69.67141639901092,138,server,ubuntu,500,psutil,12915274172,26839620211,728,66,1.3,11542.98828125,36.2,,,,,,,,,
20260820_142704_79edcc8b,2026-08-20T18:28:14.393747+00:00,70.17216164999991,139,server,ubuntu,500,psutil,12915274266,26839620316,94,105,1.3,11542.98828125,36.2,,,,,,,,,
20260820_142704_79edcc8b,2026-08-20T18:28:14.894493+00:00,70.67290870400029,140,server,ubuntu,500,psutil,12915274360,26839620382,94,66,1.5,11542.98828125,36.2,,,,,,,,,
20260820_142704_79edcc8b,2026-08-20T18:28:15.395240+00:00,71.17365501899621,141,server,ubuntu,500,psutil,12915274360,26839620382,0,0,1.3,11543.1953125,36.2,,,,,,,,,
20260820_142704_79edcc8b,2026-08-20T18:28:15.896037+00:00,71.67445213801693,142,server,ubuntu,500,psutil,12915274764,26839620709,404,327,1.3,11543.1953125,36.2,,,,,,,,,
20260820_142704_79edcc8b,2026-08-20T18:28:16.396466+00:00,72.17487506201724,143,server,ubuntu,500,psutil,12915274764,26839620709,0,0,1.5,11543.421875,36.2,,,,,,,,,
20260820_142704_79edcc8b,2026-08-20T18:28:16.896902+00:00,72.67531690601027,144,server,ubuntu,500,psutil,12915274858,26839620775,94,66,1.3,11543.421875,36.2,,,,,,,,,
20260820_142704_79edcc8b,2026-08-20T18:28:17.397334+00:00,73.17574878799496,145,server,ubuntu,500,psutil,12915274858,26839620775,0,0,1.5,11543.421875,36.2,,,,,,,,,
20260820_142704_79edcc8b,2026-08-20T18:28:17.897855+00:00,73.67627030899166,146,server,ubuntu,500,psutil,12915274952,26839620841,94,66,1.0,11543.421875,36.2,,,,,,,,,
20260820_142704_79edcc8b,2026-08-20T18:28:18.398324+00:00,74.176738818991,147,server,ubuntu,500,psutil,12915274952,26839620841,0,0,1.0,11543.90234375,36.2,,,,,,,,,
20260820_142704_79edcc8b,2026-08-20T18:28:18.898714+00:00,74.67712907699752,148,server,ubuntu,500,psutil,12915275046,26839620841,94,0,1.5,11543.90234375,36.2,,,,,,,,,
20260820_142704_79edcc8b,2026-08-20T18:28:19.399186+00:00,75.17760159401223,149,server,ubuntu,500,psutil,12915275469,26839621144,423,303,1.5,11543.90234375,36.2,,,,,,,,,
20260820_142704_79edcc8b,2026-08-20T18:28:19.899658+00:00,75.67807306299801,150,server,ubuntu,500,psutil,12915275858,26839621601,389,457,1.3,11543.8125,36.2,,,,,,,,,
20260820_142704_79edcc8b,2026-08-20T18:28:20.400155+00:00,76.1785698599997,151,server,ubuntu,500,psutil,12915276067,26839621748,209,147,1.5,11543.82421875,36.2,,,,,,,,,
20260820_142704_79edcc8b,2026-08-20T18:28:20.900614+00:00,76.67902940901695,152,server,ubuntu,500,psutil,12915276287,26839621842,220,94,1.3,11543.82421875,36.2,,,,,,,,,
20260820_142704_79edcc8b,2026-08-20T18:28:21.401056+00:00,77.17947131200344,153,server,ubuntu,500,psutil,12915276619,26839622060,332,218,1.8,11543.82421875,36.2,,,,,,,,,
20260820_142704_79edcc8b,2026-08-20T18:28:21.901532+00:00,77.67994662400451,154,server,ubuntu,500,psutil,12915276952,26839622192,333,132,1.3,11543.82421875,36.2,,,,,,,,,
20260820_142704_79edcc8b,2026-08-20T18:28:22.401993+00:00,78.1804083790048,155,server,ubuntu,500,psutil,12915277140,26839622324,188,132,1.8,11543.82421875,36.2,,,,,,,,,
20260820_142704_79edcc8b,2026-08-20T18:28:22.902466+00:00,78.68088102201,156,server,ubuntu,500,psutil,12915277140,26839622324,0,0,1.3,11543.82421875,36.2,,,,,,,,,
20260820_142704_79edcc8b,2026-08-20T18:28:23.402891+00:00,79.18130539299455,157,server,ubuntu,500,psutil,12915277234,26839622390,94,66,1.5,11543.52734375,36.2,,,,,,,,,
20260820_142704_79edcc8b,2026-08-20T18:28:23.903350+00:00,79.68176483601565,158,server,ubuntu,500,psutil,12915277328,26839622456,94,66,1.3,11543.52734375,36.2,,,,,,,,,
20260820_142704_79edcc8b,2026-08-20T18:28:24.403764+00:00,80.1821790279937,159,server,ubuntu,500,psutil,12915277422,26839622522,94,66,1.5,11544.01171875,36.2,,,,,,,,,
20260820_142704_79edcc8b,2026-08-20T18:28:24.904229+00:00,80.68264435301535,160,server,ubuntu,500,psutil,12915277422,26839622522,0,0,1.3,11544.01171875,36.2,,,,,,,,,
20260820_142704_79edcc8b,2026-08-20T18:28:25.404679+00:00,81.18309474401758,161,server,ubuntu,500,psutil,12915277516,26839622588,94,66,1.8,11544.01171875,36.2,,,,,,,,,
20260820_142704_79edcc8b,2026-08-20T18:28:25.905162+00:00,81.68357740301872,162,server,ubuntu,500,psutil,12915277516,26839622588,0,0,1.8,11544.01171875,36.2,,,,,,,,,
20260820_142704_79edcc8b,2026-08-20T18:28:26.405750+00:00,82.18416567301028,163,server,ubuntu,500,psutil,12915281063,26839627436,3547,4848,2.0,11544.0390625,36.2,,,,,,,,,
20260820_142704_79edcc8b,2026-08-20T18:28:26.906229+00:00,82.68464417001815,164,server,ubuntu,500,psutil,12915281283,26839627600,220,164,1.5,11544.046875,36.2,,,,,,,,,
20260820_142704_79edcc8b,2026-08-20T18:28:27.407005+00:00,83.1854196130007,165,server,ubuntu,500,psutil,12915281377,26839627666,94,66,1.5,11544.0390625,36.2,,,,,,,,,
20260820_142704_79edcc8b,2026-08-20T18:28:27.907487+00:00,83.68590161201428,166,server,ubuntu,500,psutil,12915281471,26839627771,94,105,1.5,11544.0390625,36.2,,,,,,,,,
20260820_142704_79edcc8b,2026-08-20T18:28:28.408036+00:00,84.18645104300231,167,server,ubuntu,500,psutil,12915281565,26839627837,94,66,1.7,11544.26953125,36.2,,,,,,,,,
20260820_142704_79edcc8b,2026-08-20T18:28:28.908739+00:00,84.68715477199294,168,server,ubuntu,500,psutil,12915281781,26839628098,216,261,1.7,11544.26953125,36.2,,,,,,,,,
20260820_142704_79edcc8b,2026-08-20T18:28:29.409492+00:00,85.18790779501433,169,server,ubuntu,500,psutil,12915281875,26839628164,94,66,1.8,11544.26953125,36.2,,,,,,,,,
20260820_142704_79edcc8b,2026-08-20T18:28:29.909855+00:00,85.6882696300163,170,server,ubuntu,500,psutil,12915281875,26839628164,0,0,1.7,11544.26953125,36.2,,,,,,,,,
20260820_142704_79edcc8b,2026-08-20T18:28:30.410333+00:00,86.18874747399241,171,server,ubuntu,500,psutil,12915282157,26839628296,282,132,2.0,11544.515625,36.2,,,,,,,,,
20260820_142704_79edcc8b,2026-08-20T18:28:30.910992+00:00,86.6894073279982,172,server,ubuntu,500,psutil,12915282377,26839628390,220,94,1.8,11544.76171875,36.2,,,,,,,,,
20260820_142704_79edcc8b,2026-08-20T18:28:31.411726+00:00,87.19014070701087,173,server,ubuntu,500,psutil,12915282471,26839628456,94,66,1.3,11544.75390625,36.2,,,,,,,,,
20260820_142704_79edcc8b,2026-08-20T18:28:31.912495+00:00,87.69088702599402,174,server,ubuntu,500,psutil,12915282471,26839628456,0,0,1.5,11544.75390625,36.2,,,,,,,,,
20260820_142704_79edcc8b,2026-08-20T18:28:32.412908+00:00,88.19132260500919,175,server,ubuntu,500,psutil,12915282565,26839628522,94,66,1.3,11544.75390625,36.2,,,,,,,,,
20260820_142704_79edcc8b,2026-08-20T18:28:32.913304+00:00,88.69171884999378,176,server,ubuntu,500,psutil,12915282565,26839628522,0,0,1.5,11544.75390625,36.2,,,,,,,,,
20260820_142704_79edcc8b,2026-08-20T18:28:33.413700+00:00,89.19211518301745,177,server,ubuntu,500,psutil,12915282774,26839628669,209,147,1.3,11544.5078125,36.2,,,,,,,,,
20260820_142704_79edcc8b,2026-08-20T18:28:33.914116+00:00,89.69253120300709,178,server,ubuntu,500,psutil,12915284233,26839629541,1459,872,1.5,11544.5078125,36.2,,,,,,,,,
20260820_142704_79edcc8b,2026-08-20T18:28:34.414633+00:00,90.19304746200214,179,server,ubuntu,500,psutil,12915284327,26839629607,94,66,1.8,11544.50390625,36.2,,,,,,,,,
20260820_142704_79edcc8b,2026-08-20T18:28:34.915096+00:00,90.69351123701199,180,server,ubuntu,500,psutil,12915285157,26839630301,830,694,1.5,11544.49609375,36.2,,,,,,,,,
20260820_142704_79edcc8b,2026-08-20T18:28:35.415563+00:00,91.19397849199595,181,server,ubuntu,500,psutil,12915285251,26839630367,94,66,1.7,11544.49609375,36.2,,,,,,,,,
20260820_142704_79edcc8b,2026-08-20T18:28:35.916063+00:00,91.69447884600959,182,server,ubuntu,500,psutil,12915285251,26839630367,0,0,1.3,11544.49609375,36.2,,,,,,,,,
20260820_142704_79edcc8b,2026-08-20T18:28:36.416626+00:00,92.19504064499051,183,server,ubuntu,500,psutil,12915285345,26839630433,94,66,1.3,11544.73828125,36.2,,,,,,,,,
20260820_142704_79edcc8b,2026-08-20T18:28:36.917099+00:00,92.69551410901477,184,server,ubuntu,500,psutil,12915285439,26839630499,94,66,1.5,11544.73046875,36.2,,,,,,,,,
20260820_142704_79edcc8b,2026-08-20T18:28:37.417526+00:00,93.19594198898994,185,server,ubuntu,500,psutil,12915285533,26839630565,94,66,1.3,11544.73046875,36.2,,,,,,,,,
20260820_142704_79edcc8b,2026-08-20T18:28:37.917989+00:00,93.69640474100015,186,server,ubuntu,500,psutil,12915285627,26839630631,94,66,1.5,11544.73046875,36.2,,,,,,,,,
20260820_142704_79edcc8b,2026-08-20T18:28:38.418452+00:00,94.19686694600387,187,server,ubuntu,500,psutil,12915285721,26839630697,94,66,1.3,11544.73046875,36.2,,,,,,,,,
20260820_142704_79edcc8b,2026-08-20T18:28:38.918964+00:00,94.69737896000152,188,server,ubuntu,500,psutil,12915285721,26839630697,0,0,1.5,11544.73046875,36.2,,,,,,,,,
20260820_142704_79edcc8b,2026-08-20T18:28:39.419432+00:00,95.19784684799379,189,server,ubuntu,500,psutil,12915286023,26839630883,302,186,1.3,11544.9765625,36.2,,,,,,,,,
20260820_142704_79edcc8b,2026-08-20T18:28:39.920042+00:00,95.69845665700268,190,server,ubuntu,500,psutil,12915286250,26839631054,227,171,1.5,11544.9765625,36.2,,,,,,,,,
20260820_142704_79edcc8b,2026-08-20T18:28:40.420531+00:00,96.19894609300536,191,server,ubuntu,500,psutil,12915286344,26839631120,94,66,1.0,11544.9765625,36.2,,,,,,,,,
20260820_142704_79edcc8b,2026-08-20T18:28:40.921234+00:00,96.69964881500346,192,server,ubuntu,500,psutil,12915286564,26839631892,220,772,1.5,11544.9765625,36.2,,,,,,,,,
20260820_142704_79edcc8b,2026-08-20T18:28:41.421734+00:00,97.20014888900914,193,server,ubuntu,500,psutil,12915286564,26839631892,0,0,1.0,11544.9765625,36.2,,,,,,,,,
20260820_142704_79edcc8b,2026-08-20T18:28:41.922211+00:00,97.70062578900252,194,server,ubuntu,500,psutil,12915286846,26839632168,282,276,1.3,11544.9765625,36.2,,,,,,,,,
20260820_142704_79edcc8b,2026-08-20T18:28:42.422832+00:00,98.2012467670138,195,server,ubuntu,500,psutil,12915286846,26839632168,0,0,1.5,11544.9765625,36.2,,,,,,,,,
20260820_142704_79edcc8b,2026-08-20T18:28:42.923571+00:00,98.70198636100395,196,server,ubuntu,500,psutil,12915286940,26839632234,94,66,1.3,11544.9765625,36.2,,,,,,,,,
20260820_142704_79edcc8b,2026-08-20T18:28:43.424294+00:00,99.20270871499088,197,server,ubuntu,500,psutil,12915287160,26839632328,220,94,1.3,11544.9765625,36.2,,,,,,,,,
20260820_142704_79edcc8b,2026-08-20T18:28:43.924664+00:00,99.7030792570149,198,server,ubuntu,500,psutil,12915287958,26839632436,798,108,1.5,11544.9765625,36.2,,,,,,,,,
20260820_142704_79edcc8b,2026-08-20T18:28:44.425138+00:00,100.20355341900722,199,server,ubuntu,500,psutil,12915291632,26839633290,3674,854,1.3,11544.9765625,36.2,,,,,,,,,
20260820_142704_79edcc8b,2026-08-20T18:28:44.925863+00:00,100.70427782699699,200,server,ubuntu,500,psutil,12915300206,26839640496,8574,7206,4.7,11565.44921875,36.3,,,,,,,,,
20260820_142704_79edcc8b,2026-08-20T18:28:45.426343+00:00,101.20475861601881,201,server,ubuntu,500,psutil,12915300206,26839640496,0,0,1.8,11566.09375,36.3,,,,,,,,,
20260820_142704_79edcc8b,2026-08-20T18:28:45.926982+00:00,101.70539654101594,202,server,ubuntu,500,psutil,12915300842,26839640893,636,397,1.5,11566.09375,36.3,,,,,,,,,
20260820_142704_79edcc8b,2026-08-20T18:28:46.678793+00:00,102.45720847399207,203,server,ubuntu,500,psutil,12915575498,26839648099,274656,7206,17.5,12375.9140625,38.8,,,,,,,,,
20260820_142704_79edcc8b,2026-08-20T18:28:47.244128+00:00,103.02254355399054,204,server,ubuntu,500,psutil,12917648326,26839662280,2072828,14181,8.9,12368.43359375,38.8,,,,,,,,,
20260820_142704_79edcc8b,2026-08-20T18:28:47.750684+00:00,103.5290995700052,205,server,ubuntu,500,psutil,12920029058,26839671972,2380732,9692,8.8,12384.71875,38.9,,,,,,,,,
20260820_142704_79edcc8b,2026-08-20T18:28:48.251120+00:00,104.02953564201016,206,server,ubuntu,500,psutil,12922497800,26839682167,2468742,10195,9.5,12392.6875,38.9,,,,,,,,,
20260820_142704_79edcc8b,2026-08-20T18:28:48.751465+00:00,104.52988092799205,207,server,ubuntu,500,psutil,12924707702,26839691930,2209902,9763,9.1,12393.7890625,38.9,,,,,,,,,
20260820_142704_79edcc8b,2026-08-20T18:28:49.251903+00:00,105.03031895001186,208,server,ubuntu,500,psutil,12927099344,26839701369,2391642,9439,9.0,12406.22265625,38.9,,,,,,,,,
20260820_142704_79edcc8b,2026-08-20T18:28:49.756696+00:00,105.53511076699942,209,server,ubuntu,500,psutil,12929386553,26839710913,2287209,9544,10.8,12399.25390625,38.9,,,,,,,,,
20260820_142704_79edcc8b,2026-08-20T18:28:50.258676+00:00,106.03709207900101,210,server,ubuntu,500,psutil,12931946756,26839720150,2560203,9237,9.2,12391.42578125,38.9,,,,,,,,,
20260820_142704_79edcc8b,2026-08-20T18:28:50.759027+00:00,106.53744327701861,211,server,ubuntu,500,psutil,12934218404,26839729571,2271648,9421,8.1,12392.65234375,38.9,,,,,,,,,
20260820_142704_79edcc8b,2026-08-20T18:28:51.259462+00:00,107.03787489200477,212,server,ubuntu,500,psutil,12936622602,26839739962,2404198,10391,8.3,12391.3125,38.9,,,,,,,,,
20260820_142704_79edcc8b,2026-08-20T18:28:51.760607+00:00,107.539022751007,213,server,ubuntu,500,psutil,12939159320,26839749706,2536718,9744,8.8,12385.91796875,38.9,,,,,,,,,
20260820_142704_79edcc8b,2026-08-20T18:28:52.320108+00:00,108.09852330799913,214,server,ubuntu,500,psutil,12942078420,26839760668,2919100,10962,11.4,12385.8203125,38.9,,,,,,,,,
20260820_142704_79edcc8b,2026-08-20T18:28:52.825152+00:00,108.60356769000646,215,server,ubuntu,500,psutil,12944689120,26839769766,2610700,9098,9.9,12386.8828125,38.9,,,,,,,,,
20260820_142704_79edcc8b,2026-08-20T18:28:53.330452+00:00,109.10886788900825,216,server,ubuntu,500,psutil,12947048380,26839779036,2359260,9270,8.7,12385.8203125,38.9,,,,,,,,,
20260820_142704_79edcc8b,2026-08-20T18:28:53.837567+00:00,109.61598228299408,217,server,ubuntu,500,psutil,12949318204,26839788776,2269824,9740,8.5,12400.46484375,38.9,,,,,,,,,
20260820_142704_79edcc8b,2026-08-20T18:28:54.339565+00:00,110.11798089899821,218,server,ubuntu,500,psutil,12951703772,26839798712,2385568,9936,8.3,12409.37109375,38.9,,,,,,,,,
20260820_142704_79edcc8b,2026-08-20T18:28:54.840021+00:00,110.61843562900322,219,server,ubuntu,500,psutil,12954126254,26839807485,2422482,8773,8.6,12424.75,39.0,,,,,,,,,
20260820_142704_79edcc8b,2026-08-20T18:28:55.342470+00:00,111.12088620100985,220,server,ubuntu,500,psutil,12956411803,26839818339,2285549,10854,9.2,12450.21484375,39.1,,,,,,,,,
20260820_142704_79edcc8b,2026-08-20T18:28:55.842903+00:00,111.62131887799478,221,server,ubuntu,500,psutil,12958710925,26839827400,2299122,9061,8.6,12456.48828125,39.1,,,,,,,,,
20260820_142704_79edcc8b,2026-08-20T18:28:56.343334+00:00,112.12175051501254,222,server,ubuntu,500,psutil,12960880613,26839837049,2169688,9649,10.5,12463.76953125,39.1,,,,,,,,,
20260820_142704_79edcc8b,2026-08-20T18:28:56.844449+00:00,112.62286551401485,223,server,ubuntu,500,psutil,12963249125,26839847789,2368512,10740,8.5,12472.78515625,39.1,,,,,,,,,
20260820_142704_79edcc8b,2026-08-20T18:28:57.347626+00:00,113.12604225499672,224,server,ubuntu,500,psutil,12965409561,26839859028,2160436,11239,9.0,12485.89453125,39.2,,,,,,,,,
20260820_142704_79edcc8b,2026-08-20T18:28:57.849634+00:00,113.62805052101612,225,server,ubuntu,500,psutil,12967656255,26839870711,2246694,11683,8.2,12503.04296875,39.2,,,,,,,,,
20260820_142704_79edcc8b,2026-08-20T18:28:58.353914+00:00,114.1323298990028,226,server,ubuntu,500,psutil,12969881643,26839881880,2225388,11169,8.3,12517.859375,39.3,,,,,,,,,
20260820_142704_79edcc8b,2026-08-20T18:28:58.854358+00:00,114.6327745160088,227,server,ubuntu,500,psutil,12972302747,26839893239,2421104,11359,8.1,12532.59375,39.3,,,,,,,,,
20260820_142704_79edcc8b,2026-08-20T18:28:59.355338+00:00,115.13375432800967,228,server,ubuntu,500,psutil,12974490939,26839903855,2188192,10616,8.7,12540.078125,39.3,,,,,,,,,
20260820_142704_79edcc8b,2026-08-20T18:28:59.855915+00:00,115.63432951801224,229,server,ubuntu,500,psutil,12976705251,26839913817,2214312,9962,8.0,12545.62890625,39.4,,,,,,,,,
20260820_142704_79edcc8b,2026-08-20T18:29:00.356489+00:00,116.13490438301233,230,server,ubuntu,500,psutil,12978998299,26839925121,2293048,11304,8.6,12555.2734375,39.4,,,,,,,,,
20260820_142704_79edcc8b,2026-08-20T18:29:00.924938+00:00,116.70335300799343,231,server,ubuntu,500,psutil,12981626215,26839937259,2627916,12138,10.9,12563.73046875,39.4,,,,,,,,,
20260820_142704_79edcc8b,2026-08-20T18:29:01.433449+00:00,117.21186468799715,232,server,ubuntu,500,psutil,12983815709,26839950655,2189494,13396,8.8,12580.04296875,39.5,,,,,,,,,
20260820_142704_79edcc8b,2026-08-20T18:29:01.933851+00:00,117.7122674260172,233,server,ubuntu,500,psutil,12985937501,26839962913,2121792,12258,7.5,12588.2734375,39.5,,,,,,,,,
20260820_142704_79edcc8b,2026-08-20T18:29:02.434289+00:00,118.21270550400368,234,server,ubuntu,500,psutil,12987851136,26839977078,1913635,14165,7.0,12604.05078125,39.5,,,,,,,,,
20260820_142704_79edcc8b,2026-08-20T18:29:02.934728+00:00,118.71314468301716,235,server,ubuntu,500,psutil,12989901996,26839992301,2050860,15223,6.8,12612.63671875,39.6,,,,,,,,,
20260820_142704_79edcc8b,2026-08-20T18:29:03.435082+00:00,119.21349754699622,236,server,ubuntu,500,psutil,12992053180,26840007811,2151184,15510,7.5,12624.6953125,39.6,,,,,,,,,
20260820_142704_79edcc8b,2026-08-20T18:29:03.937767+00:00,119.71618321101414,237,server,ubuntu,500,psutil,12994067043,26840125703,2013863,117892,7.3,12635.6796875,39.6,,,,,,,,,
20260820_142704_79edcc8b,2026-08-20T18:29:04.442124+00:00,120.22054022399243,238,server,ubuntu,500,psutil,12995285584,26841717364,1218541,1591661,10.2,12656.05078125,39.7,,,,,,,,,
20260820_142704_79edcc8b,2026-08-20T18:29:04.947185+00:00,120.72560086101294,239,server,ubuntu,500,psutil,12995994069,26844679028,708485,2961664,11.3,12680.13671875,39.8,,,,,,,,,
20260820_142704_79edcc8b,2026-08-20T18:29:05.457537+00:00,121.23595207801554,240,server,ubuntu,500,psutil,12996492726,26846995852,498657,2316824,10.6,12675.50390625,39.8,,,,,,,,,
20260820_142704_79edcc8b,2026-08-20T18:29:05.962404+00:00,121.74082002800424,241,server,ubuntu,500,psutil,12996939024,26849458851,446298,2462999,10.5,12683.83984375,39.8,,,,,,,,,
20260820_142704_79edcc8b,2026-08-20T18:29:06.569189+00:00,122.34760336199543,242,server,ubuntu,500,psutil,12997359876,26852497441,420852,3038590,12.4,12694.1640625,39.8,,,,,,,,,
20260820_142704_79edcc8b,2026-08-20T18:29:07.081473+00:00,122.85988918499788,243,server,ubuntu,500,psutil,12997837164,26855028042,477288,2530601,10.9,12712.69140625,39.9,,,,,,,,,
20260820_142704_79edcc8b,2026-08-20T18:29:07.588535+00:00,123.36695146901184,244,server,ubuntu,500,psutil,12998294272,26857401985,457108,2373943,9.9,12713.46875,39.9,,,,,,,,,
20260820_142704_79edcc8b,2026-08-20T18:29:08.092478+00:00,123.8708937689953,245,server,ubuntu,500,psutil,12998680627,26859961911,386355,2559926,10.0,12724.42578125,39.9,,,,,,,,,
20260820_142704_79edcc8b,2026-08-20T18:29:08.604680+00:00,124.38309623199166,246,server,ubuntu,500,psutil,12999139549,26862369125,458922,2407214,9.6,12737.3203125,40.0,,,,,,,,,
20260820_142704_79edcc8b,2026-08-20T18:29:09.110355+00:00,124.88877164799487,247,server,ubuntu,500,psutil,12999505926,26865013176,366377,2644051,9.1,12733.41796875,40.0,,,,,,,,,
20260820_142704_79edcc8b,2026-08-20T18:29:09.630246+00:00,125.40866152200033,248,server,ubuntu,500,psutil,13000105626,26866676007,599700,1662831,7.4,12742.76953125,40.0,,,,,,,,,
20260820_142704_79edcc8b,2026-08-20T18:29:10.131171+00:00,125.90958656001021,249,server,ubuntu,500,psutil,13000679139,26868070891,573513,1394884,7.8,12739.5859375,40.0,,,,,,,,,
20260820_142704_79edcc8b,2026-08-20T18:29:10.641469+00:00,126.41988513199612,250,server,ubuntu,500,psutil,13001269853,26869922163,590714,1851272,7.6,12749.8046875,40.0,,,,,,,,,
20260820_142704_79edcc8b,2026-08-20T18:29:11.146404+00:00,126.92482018200099,251,server,ubuntu,500,psutil,13001841289,26871443815,571436,1521652,7.9,12745.34765625,40.0,,,,,,,,,
20260820_142704_79edcc8b,2026-08-20T18:29:11.653341+00:00,127.43175742399762,252,server,ubuntu,500,psutil,13002423273,26872959730,581984,1515915,13.4,12759.734375,40.0,,,,,,,,,
20260820_142704_79edcc8b,2026-08-20T18:29:12.156914+00:00,127.93533019599272,253,server,ubuntu,500,psutil,13003053294,26874548616,630021,1588886,8.6,12764.98828125,40.0,,,,,,,,,
20260820_142704_79edcc8b,2026-08-20T18:29:12.666272+00:00,128.44468663900625,254,server,ubuntu,500,psutil,13003688920,26875869842,635626,1321226,7.3,12768.73828125,40.1,,,,,,,,,
20260820_142704_79edcc8b,2026-08-20T18:29:13.176612+00:00,128.95502824999858,255,server,ubuntu,500,psutil,13004458022,26876927396,769102,1057554,6.9,12776.22265625,40.1,,,,,,,,,
20260820_142704_79edcc8b,2026-08-20T18:29:13.844367+00:00,129.6227818960033,256,server,ubuntu,500,psutil,13005285221,26878496670,827199,1569274,11.0,12787.34375,40.1,,,,,,,,,
20260820_142704_79edcc8b,2026-08-20T18:29:14.355832+00:00,130.13424878701335,257,server,ubuntu,500,psutil,13005877823,26879729754,592602,1233084,7.5,12777.2421875,40.1,,,,,,,,,
20260820_142704_79edcc8b,2026-08-20T18:29:14.857809+00:00,130.63622492400464,258,server,ubuntu,500,psutil,13006434161,26881158320,556338,1428566,8.7,12781.41015625,40.1,,,,,,,,,
20260820_142704_79edcc8b,2026-08-20T18:29:15.358164+00:00,131.13657959300326,259,server,ubuntu,500,psutil,13006981727,26882496121,547566,1337801,7.3,12780.44921875,40.1,,,,,,,,,
20260820_142704_79edcc8b,2026-08-20T18:29:15.861740+00:00,131.64015538501553,260,server,ubuntu,500,psutil,13007559647,26883802005,577920,1305884,7.5,12738.40234375,40.0,,,,,,,,,
20260820_142704_79edcc8b,2026-08-20T18:29:16.362687+00:00,132.141102752008,261,server,ubuntu,500,psutil,13008148373,26885124609,588726,1322604,7.6,12739.35546875,40.0,,,,,,,,,
20260820_142704_79edcc8b,2026-08-20T18:29:16.863039+00:00,132.64145504200133,262,server,ubuntu,500,psutil,13008744921,26886623167,596548,1498558,9.0,12747.99609375,40.0,,,,,,,,,
20260820_142704_79edcc8b,2026-08-20T18:29:17.363413+00:00,133.14182809201884,263,server,ubuntu,500,psutil,13009645386,26886797613,900465,174446,6.3,12821.640625,40.2,,,,,,,,,
20260820_142704_79edcc8b,2026-08-20T18:29:17.863828+00:00,133.64224332000595,264,server,ubuntu,500,psutil,13010538935,26886814134,893549,16521,5.0,12815.734375,40.2,,,,,,,,,
20260820_142704_79edcc8b,2026-08-20T18:29:18.364302+00:00,134.1427171989926,265,server,ubuntu,500,psutil,13010629270,26886819150,90335,5016,1.8,12813.07421875,40.2,,,,,,,,,
20260820_142704_79edcc8b,2026-08-20T18:29:18.864843+00:00,134.64325847500004,266,server,ubuntu,500,psutil,13010629270,26886819150,0,0,1.5,12812.828125,40.2,,,,,,,,,
20260820_142704_79edcc8b,2026-08-20T18:29:19.365302+00:00,135.14371742701042,267,server,ubuntu,500,psutil,13010629364,26886819216,94,66,1.8,12807.30859375,40.2,,,,,,,,,
20260820_142704_79edcc8b,2026-08-20T18:29:19.865854+00:00,135.6442694659927,268,server,ubuntu,500,psutil,13010629364,26886819216,0,0,1.3,12807.5546875,40.2,,,,,,,,,
20260820_142704_79edcc8b,2026-08-20T18:29:20.366355+00:00,136.14476953601115,269,server,ubuntu,500,psutil,13010629528,26886819324,164,108,1.3,12801.1953125,40.2,,,,,,,,,
20260820_142704_79edcc8b,2026-08-20T18:29:20.866837+00:00,136.64525221000076,270,server,ubuntu,500,psutil,13010630362,26886820018,834,694,1.7,12804.8671875,40.2,,,,,,,,,
20260820_142704_79edcc8b,2026-08-20T18:29:21.367380+00:00,137.14579453199985,271,server,ubuntu,500,psutil,13010630456,26886820084,94,66,1.7,12798.4453125,40.2,,,,,,,,,
20260820_142704_79edcc8b,2026-08-20T18:29:21.867936+00:00,137.64635142401676,272,server,ubuntu,500,psutil,13010630644,26886820255,188,171,1.8,12798.4453125,40.2,,,,,,,,,
20260820_142704_79edcc8b,2026-08-20T18:29:22.368394+00:00,138.14680923201377,273,server,ubuntu,500,psutil,13010630832,26886820387,188,132,1.7,12790.4765625,40.1,,,,,,,,,
20260820_142704_79edcc8b,2026-08-20T18:29:22.868859+00:00,138.64727447301266,274,server,ubuntu,500,psutil,13010630926,26886820492,94,105,1.8,12790.72265625,40.1,,,,,,,,,
20260820_142704_79edcc8b,2026-08-20T18:29:23.369313+00:00,139.14772856299533,275,server,ubuntu,500,psutil,13010631020,26886820558,94,66,1.3,12783.60546875,40.1,,,,,,,,,
20260820_142704_79edcc8b,2026-08-20T18:29:23.869736+00:00,139.648151536996,276,server,ubuntu,500,psutil,13010631020,26886820558,0,0,1.5,12783.60546875,40.1,,,,,,,,,
20260820_142704_79edcc8b,2026-08-20T18:29:24.370219+00:00,140.1486346180027,277,server,ubuntu,500,psutil,13010631208,26886820716,188,158,2.8,12859.80859375,40.3,,,,,,,,,
20260820_142704_79edcc8b,2026-08-20T18:29:24.870669+00:00,140.6490837839956,278,server,ubuntu,500,psutil,13010631302,26886820848,94,132,1.5,12859.93359375,40.3,,,,,,,,,
20260820_142704_79edcc8b,2026-08-20T18:29:25.371368+00:00,141.1497833240137,279,server,ubuntu,500,psutil,13010631584,26886821046,282,198,2.5,12851.73828125,40.3,,,,,,,,,
20260820_142704_79edcc8b,2026-08-20T18:29:25.871733+00:00,141.65014865700505,280,server,ubuntu,500,psutil,13010631584,26886821046,0,0,1.5,12851.73828125,40.3,,,,,,,,,
20260820_142704_79edcc8b,2026-08-20T18:29:26.372232+00:00,142.15064683000674,281,server,ubuntu,500,psutil,13010635131,26886825895,3547,4849,2.0,12838.9765625,40.3,,,,,,,,,
20260820_142704_79edcc8b,2026-08-20T18:29:26.872553+00:00,142.65096819101018,282,server,ubuntu,500,psutil,13010635831,26886826450,700,555,2.2,12838.94921875,40.3,,,,,,,,,
20260820_142704_79edcc8b,2026-08-20T18:29:27.373090+00:00,143.151505345013,283,server,ubuntu,500,psutil,13010636255,26886826544,424,94,1.5,12834.26953125,40.3,,,,,,,,,
20260820_142704_79edcc8b,2026-08-20T18:29:27.873740+00:00,143.65215570200235,284,server,ubuntu,500,psutil,13010636349,26886826610,94,66,1.3,12834.515625,40.3,,,,,,,,,
20260820_142704_79edcc8b,2026-08-20T18:29:28.374508+00:00,144.15292348200455,285,server,ubuntu,500,psutil,13010636451,26886826610,102,0,1.5,12828.8984375,40.2,,,,,,,,,
20260820_142704_79edcc8b,2026-08-20T18:29:28.874875+00:00,144.6532905990025,286,server,ubuntu,500,psutil,13010636667,26886826832,216,222,1.3,12828.328125,40.2,,,,,,,,,
20260820_142704_79edcc8b,2026-08-20T18:29:29.375353+00:00,145.15376816299977,287,server,ubuntu,500,psutil,13010636667,26886826832,0,0,2.0,12822.515625,40.2,,,,,,,,,
20260820_142704_79edcc8b,2026-08-20T18:29:29.875716+00:00,145.6541313320049,288,server,ubuntu,500,psutil,13010636863,26886826898,196,66,1.3,12822.390625,40.2,,,,,,,,,
20260820_142704_79edcc8b,2026-08-20T18:29:30.376184+00:00,146.1545996000059,289,server,ubuntu,500,psutil,13010637051,26886826964,188,66,1.5,12817.78125,40.2,,,,,,,,,
20260820_142704_79edcc8b,2026-08-20T18:29:30.876605+00:00,146.65501972701168,290,server,ubuntu,500,psutil,13010637571,26886827214,520,250,1.8,12817.53515625,40.2,,,,,,,,,
20260820_142704_79edcc8b,2026-08-20T18:29:31.377084+00:00,147.15549916101736,291,server,ubuntu,500,psutil,13010637673,26886827214,102,0,1.3,12817.66796875,40.2,,,,,,,,,
20260820_142704_79edcc8b,2026-08-20T18:29:31.877690+00:00,147.65610502599156,292,server,ubuntu,500,psutil,13010637767,26886827280,94,66,1.5,12817.66796875,40.2,,,,,,,,,
20260820_142704_79edcc8b,2026-08-20T18:29:32.378171+00:00,148.15658643600182,293,server,ubuntu,500,psutil,13010637882,26886827361,115,81,1.8,12816.5390625,40.2,,,,,,,,,
20260820_142704_79edcc8b,2026-08-20T18:29:32.878621+00:00,148.6570359180041,294,server,ubuntu,500,psutil,13010638391,26886827715,509,354,1.3,12816.7578125,40.2,,,,,,,,,
20260820_142704_79edcc8b,2026-08-20T18:29:33.379015+00:00,149.15742975100875,295,server,ubuntu,500,psutil,13010638493,26886827715,102,0,1.5,12814.77734375,40.2,,,,,,,,,
20260820_142704_79edcc8b,2026-08-20T18:29:33.879411+00:00,149.65782678499818,296,server,ubuntu,500,psutil,13010638587,26886827781,94,66,1.5,12814.77734375,40.2,,,,,,,,,
20260820_142704_79edcc8b,2026-08-20T18:29:34.379848+00:00,150.15826282600756,297,server,ubuntu,500,psutil,13010638587,26886827781,0,0,1.5,12812.828125,40.2,,,,,,,,,
20260820_142704_79edcc8b,2026-08-20T18:29:34.880376+00:00,150.65879100299207,298,server,ubuntu,500,psutil,13010638877,26886827952,290,171,1.5,12813.91015625,40.2,,,,,,,,,
20260820_142704_79edcc8b,2026-08-20T18:29:35.380879+00:00,151.1592937890091,299,server,ubuntu,500,psutil,13010638877,26886827952,0,0,1.5,12812.453125,40.2,,,,,,,,,
20260820_142704_79edcc8b,2026-08-20T18:29:35.881344+00:00,151.659759311995,300,server,ubuntu,500,psutil,13010641166,26886829519,2289,1567,1.5,12812.2109375,40.2,,,,,,,,,
20260820_142704_79edcc8b,2026-08-20T18:29:36.381695+00:00,152.16010971501237,301,server,ubuntu,500,psutil,13010641260,26886829624,94,105,0.8,12811.40625,40.2,,,,,,,,,
20260820_142704_79edcc8b,2026-08-20T18:29:36.882156+00:00,152.66057065600762,302,server,ubuntu,500,psutil,13010641354,26886829690,94,66,1.3,12811.40625,40.2,,,,,,,,,
20260820_142704_79edcc8b,2026-08-20T18:29:37.382658+00:00,153.16107320299488,303,server,ubuntu,500,psutil,13010641668,26886829850,314,160,1.3,12812.14453125,40.2,,,,,,,,,
20260820_142704_79edcc8b,2026-08-20T18:29:37.883124+00:00,153.66153966999264,304,server,ubuntu,500,psutil,13010641856,26886829982,188,132,1.0,12812.14453125,40.2,,,,,,,,,
20260820_142704_79edcc8b,2026-08-20T18:29:38.383829+00:00,154.1622448269918,305,server,ubuntu,500,psutil,13010641856,26886829982,0,0,1.3,12811.80859375,40.2,,,,,,,,,
20260820_142704_79edcc8b,2026-08-20T18:29:38.884300+00:00,154.66271553601837,306,server,ubuntu,500,psutil,13010641950,26886830048,94,66,1.3,12810.88671875,40.2,,,,,,,,,
20260820_142704_79edcc8b,2026-08-20T18:29:39.384815+00:00,155.16323049701168,307,server,ubuntu,500,psutil,13010641950,26886830048,0,0,1.5,12809.22265625,40.2,,,,,,,,,
20260820_142704_79edcc8b,2026-08-20T18:29:39.885286+00:00,155.66370126401307,308,server,ubuntu,500,psutil,13010642044,26886830114,94,66,1.0,12809.22265625,40.2,,,,,,,,,
20260820_142704_79edcc8b,2026-08-20T18:29:40.385676+00:00,156.1640911590075,309,server,ubuntu,500,psutil,13010642044,26886830114,0,0,1.5,12807.30859375,40.2,,,,,,,,,
20260820_142704_79edcc8b,2026-08-20T18:29:40.886149+00:00,156.6645642830117,310,server,ubuntu,500,psutil,13010642138,26886830858,94,744,1.3,12807.30859375,40.2,,,,,,,,,
20260820_142704_79edcc8b,2026-08-20T18:29:41.386606+00:00,157.16502157400828,311,server,ubuntu,500,psutil,13010642138,26886830858,0,0,1.3,12805.15625,40.2,,,,,,,,,
20260820_142704_79edcc8b,2026-08-20T18:29:41.887086+00:00,157.6655009110109,312,server,ubuntu,500,psutil,13010642232,26886830924,94,66,1.3,12805.15625,40.2,,,,,,,,,
20260820_142704_79edcc8b,2026-08-20T18:29:42.387564+00:00,158.16597894500592,313,server,ubuntu,500,psutil,13010642232,26886830924,0,0,1.5,12805.15625,40.2,,,,,,,,,
20260820_142704_79edcc8b,2026-08-20T18:29:42.888037+00:00,158.66645129400422,314,server,ubuntu,500,psutil,13010642326,26886830990,94,66,1.0,12805.15625,40.2,,,,,,,,,
20260820_142704_79edcc8b,2026-08-20T18:29:43.388515+00:00,159.1669304970128,315,server,ubuntu,500,psutil,13010642546,26886831084,220,94,1.5,12805.390625,40.2,,,,,,,,,
20260820_142704_79edcc8b,2026-08-20T18:29:43.888989+00:00,159.6674039530044,316,server,ubuntu,500,psutil,13010643735,26886831499,1189,415,1.8,12805.390625,40.2,,,,,,,,,
20260820_142704_79edcc8b,2026-08-20T18:29:44.389719+00:00,160.16813357101637,317,server,ubuntu,500,psutil,13010643735,26886831499,0,0,1.3,12805.390625,40.2,,,,,,,,,
20260820_142704_79edcc8b,2026-08-20T18:29:44.890197+00:00,160.66861243301537,318,server,ubuntu,500,psutil,13010643829,26886831565,94,66,1.3,12806.40625,40.2,,,,,,,,,
20260820_142704_79edcc8b,2026-08-20T18:29:45.390934+00:00,161.1693495369982,319,server,ubuntu,500,psutil,13010665774,26886837613,21945,6048,1.8,12806.62109375,40.2,,,,,,,,,
20260820_142704_79edcc8b,2026-08-20T18:29:45.891587+00:00,161.67000260099303,320,server,ubuntu,500,psutil,13010665868,26886837679,94,66,1.5,12806.62109375,40.2,,,,,,,,,
20260820_142704_79edcc8b,2026-08-20T18:29:46.392073+00:00,162.17048771301052,321,server,ubuntu,500,psutil,13010669553,26886842680,3685,5001,1.7,12806.8515625,40.2,,,,,,,,,
20260820_142704_79edcc8b,2026-08-20T18:29:46.892675+00:00,162.67109012400033,322,server,ubuntu,500,psutil,13010669762,26886842827,209,147,1.0,12806.8515625,40.2,,,,,,,,,
20260820_142704_79edcc8b,2026-08-20T18:29:47.393426+00:00,163.17184097401332,323,server,ubuntu,500,psutil,13010669982,26886842921,220,94,1.5,12806.8515625,40.2,,,,,,,,,
20260820_142704_79edcc8b,2026-08-20T18:29:47.894158+00:00,163.67257360601798,324,server,ubuntu,500,psutil,13010670076,26886842987,94,66,1.3,12807.0859375,40.2,,,,,,,,,
20260820_142704_79edcc8b,2026-08-20T18:29:48.394905+00:00,164.1733204970078,325,server,ubuntu,500,psutil,13010670076,26886842987,0,0,1.3,12806.83984375,40.2,,,,,,,,,
20260820_142704_79edcc8b,2026-08-20T18:29:48.895384+00:00,164.67379928799346,326,server,ubuntu,500,psutil,13010670292,26886843209,216,222,1.5,12806.83984375,40.2,,,,,,,,,
20260820_142704_79edcc8b,2026-08-20T18:29:49.395811+00:00,165.17422576001263,327,server,ubuntu,500,psutil,13010670292,26886843209,0,0,1.0,12806.83984375,40.2,,,,,,,,,
20260820_142704_79edcc8b,2026-08-20T18:29:49.896201+00:00,165.67461644401192,328,server,ubuntu,500,psutil,13010670386,26886843314,94,105,1.5,12807.41015625,40.2,,,,,,,,,
20260820_142704_79edcc8b,2026-08-20T18:29:50.396655+00:00,166.17506987700472,329,server,ubuntu,500,psutil,13010670762,26886843551,376,237,1.3,12807.2109375,40.2,,,,,,,,,
20260820_142704_79edcc8b,2026-08-20T18:29:50.897044+00:00,166.67545871000038,330,server,ubuntu,500,psutil,13010671185,26886843788,423,237,1.3,12807.2109375,40.2,,,,,,,,,
20260820_142704_79edcc8b,2026-08-20T18:29:51.397505+00:00,167.17592029701336,331,server,ubuntu,500,psutil,13010671830,26886844377,645,589,1.5,12805.38671875,40.2,,,,,,,,,
20260820_142704_79edcc8b,2026-08-20T18:29:51.897988+00:00,167.67640263499925,332,server,ubuntu,500,psutil,13010671958,26886844543,128,166,1.3,12805.41015625,40.2,,,,,,,,,
20260820_142704_79edcc8b,2026-08-20T18:29:52.398450+00:00,168.17686530400533,333,server,ubuntu,500,psutil,13010672052,26886844609,94,66,2.0,12805.38671875,40.2,,,,,,,,,
20260820_142704_79edcc8b,2026-08-20T18:29:52.898964+00:00,168.67737902101362,334,server,ubuntu,500,psutil,13010672052,26886844609,0,0,1.0,12805.38671875,40.2,,,,,,,,,
20260820_142704_79edcc8b,2026-08-20T18:29:53.399455+00:00,169.17787077100365,335,server,ubuntu,500,psutil,13010672146,26886844675,94,66,1.3,12804.6484375,40.2,,,,,,,,,
20260820_142704_79edcc8b,2026-08-20T18:29:53.899878+00:00,169.67829367000377,336,server,ubuntu,500,psutil,13010672146,26886844675,0,0,1.7,12804.6484375,40.2,,,,,,,,,
20260820_142704_79edcc8b,2026-08-20T18:29:54.400331+00:00,170.1787466389942,337,server,ubuntu,500,psutil,13010672240,26886844741,94,66,1.3,12804.6484375,40.2,,,,,,,,,
20260820_142704_79edcc8b,2026-08-20T18:29:54.900713+00:00,170.67912858401542,338,server,ubuntu,500,psutil,13010672240,26886844741,0,0,1.5,12804.6484375,40.2,,,,,,,,,
20260820_142704_79edcc8b,2026-08-20T18:29:55.401177+00:00,171.17959207700915,339,server,ubuntu,500,psutil,13010672334,26886844807,94,66,1.8,12804.6328125,40.2,,,,,,,,,
20260820_142704_79edcc8b,2026-08-20T18:29:55.901615+00:00,171.68002981401514,340,server,ubuntu,500,psutil,13010673793,26886845679,1459,872,1.8,12804.6328125,40.2,,,,,,,,,
20260820_142704_79edcc8b,2026-08-20T18:29:56.402082+00:00,172.18049717400572,341,server,ubuntu,500,psutil,13010673887,26886845745,94,66,1.3,12804.6328125,40.2,,,,,,,,,
20260820_142704_79edcc8b,2026-08-20T18:29:56.902549+00:00,172.680964536994,342,server,ubuntu,500,psutil,13010674107,26886845909,220,164,1.3,12804.6328125,40.2,,,,,,,,,
20260820_142704_79edcc8b,2026-08-20T18:29:57.403018+00:00,173.18143274000613,343,server,ubuntu,500,psutil,13010674421,26886846069,314,160,2.3,12804.6328125,40.2,,,,,,,,,
20260820_142704_79edcc8b,2026-08-20T18:29:57.903493+00:00,173.68190843900084,344,server,ubuntu,500,psutil,13010674421,26886846069,0,0,1.5,12804.6328125,40.2,,,,,,,,,
20260820_142704_79edcc8b,2026-08-20T18:29:58.403856+00:00,174.18227124601253,345,server,ubuntu,500,psutil,13010674585,26886846177,164,108,1.3,12805.11328125,40.2,,,,,,,,,
20260820_142704_79edcc8b,2026-08-20T18:29:58.904335+00:00,174.6827500940126,346,server,ubuntu,500,psutil,13010674585,26886846177,0,0,1.5,12805.11328125,40.2,,,,,,,,,
20260820_142704_79edcc8b,2026-08-20T18:29:59.404880+00:00,175.18329504400026,347,server,ubuntu,500,psutil,13010674794,26886846324,209,147,1.5,12805.11328125,40.2,,,,,,,,,
20260820_142704_79edcc8b,2026-08-20T18:29:59.905451+00:00,175.6838662220107,348,server,ubuntu,500,psutil,13010674794,26886846324,0,0,1.7,12805.11328125,40.2,,,,,,,,,
20260820_142704_79edcc8b,2026-08-20T18:30:00.405968+00:00,176.18438326299656,349,server,ubuntu,500,psutil,13010674888,26886846390,94,66,1.3,12805.10546875,40.2,,,,,,,,,
20260820_142704_79edcc8b,2026-08-20T18:30:00.906681+00:00,176.68509623999125,350,server,ubuntu,500,psutil,13010674888,26886846390,0,0,1.7,12805.10546875,40.2,,,,,,,,,
20260820_142704_79edcc8b,2026-08-20T18:30:01.407352+00:00,177.1857673310151,351,server,ubuntu,500,psutil,13010674982,26886846456,94,66,1.7,12805.10546875,40.2,,,,,,,,,
20260820_142704_79edcc8b,2026-08-20T18:30:01.908087+00:00,177.68650246801553,352,server,ubuntu,500,psutil,13010674982,26886846456,0,0,1.8,12805.10546875,40.2,,,,,,,,,
20260820_142704_79edcc8b,2026-08-20T18:30:02.408568+00:00,178.18698312999913,353,server,ubuntu,500,psutil,13010675076,26886846522,94,66,1.5,12805.12109375,40.2,,,,,,,,,
20260820_142704_79edcc8b,2026-08-20T18:30:02.909317+00:00,178.68773209801293,354,server,ubuntu,500,psutil,13010675170,26886846627,94,105,1.5,12805.1171875,40.2,,,,,,,,,
20260820_142704_79edcc8b,2026-08-20T18:30:03.409686+00:00,179.18810086100711,355,server,ubuntu,500,psutil,13010675358,26886846798,188,171,1.5,12805.1171875,40.2,,,,,,,,,
20260820_142704_79edcc8b,2026-08-20T18:30:03.910431+00:00,179.6888464660151,356,server,ubuntu,500,psutil,13010675358,26886846798,0,0,1.5,12805.1171875,40.2,,,,,,,,,
20260820_142704_79edcc8b,2026-08-20T18:30:04.410914+00:00,180.18932957100333,357,server,ubuntu,500,psutil,13010675452,26886846864,94,66,1.5,12805.1171875,40.2,,,,,,,,,
20260820_142704_79edcc8b,2026-08-20T18:30:04.911395+00:00,180.6898105230066,358,server,ubuntu,500,psutil,13010675452,26886846864,0,0,2.0,12805.1171875,40.2,,,,,,,,,
20260820_142704_79edcc8b,2026-08-20T18:30:05.412122+00:00,181.1905375799979,359,server,ubuntu,500,psutil,13010683153,26886846996,7701,132,1.7,12805.1171875,40.2,,,,,,,,,
20260820_142704_79edcc8b,2026-08-20T18:30:05.912558+00:00,181.69097341501038,360,server,ubuntu,500,psutil,13010683268,26886847556,115,560,2.0,12804.546875,40.2,,,,,,,,,
20260820_142704_79edcc8b,2026-08-20T18:30:06.412967+00:00,182.19138237001607,361,server,ubuntu,500,psutil,13010687954,26886850850,4686,3294,1.7,12805.05078125,40.2,,,,,,,,,
20260820_142704_79edcc8b,2026-08-20T18:30:06.913390+00:00,182.69180525100091,362,server,ubuntu,500,psutil,13010688142,26886850982,188,132,1.8,12805.05078125,40.2,,,,,,,,,
20260820_142704_79edcc8b,2026-08-20T18:30:07.413768+00:00,183.1921826050093,363,server,ubuntu,500,psutil,13010688456,26886851142,314,160,1.8,12805.05078125,40.2,,,,,,,,,
20260820_142704_79edcc8b,2026-08-20T18:30:07.914234+00:00,183.6926493899955,364,server,ubuntu,500,psutil,13010688456,26886851142,0,0,1.5,12805.05078125,40.2,,,,,,,,,
20260820_142704_79edcc8b,2026-08-20T18:30:08.414667+00:00,184.19308219401864,365,server,ubuntu,500,psutil,13010688550,26886851208,94,66,1.5,12805.05078125,40.2,,,,,,,,,
20260820_142704_79edcc8b,2026-08-20T18:30:08.915136+00:00,184.69355122101842,366,server,ubuntu,500,psutil,13010688672,26886851364,122,156,1.7,12805.05078125,40.2,,,,,,,,,
20260820_142704_79edcc8b,2026-08-20T18:30:09.415604+00:00,185.1940191090107,367,server,ubuntu,500,psutil,13010688766,26886851430,94,66,1.3,12805.05078125,40.2,,,,,,,,,
20260820_142704_79edcc8b,2026-08-20T18:30:09.916040+00:00,185.69445552001707,368,server,ubuntu,500,psutil,13010688766,26886851430,0,0,1.5,12805.05078125,40.2,,,,,,,,,
20260820_142704_79edcc8b,2026-08-20T18:30:10.416753+00:00,186.19516838301206,369,server,ubuntu,500,psutil,13010689048,26886851562,282,132,1.5,12805.296875,40.2,,,,,,,,,
20260820_142704_79edcc8b,2026-08-20T18:30:10.917253+00:00,186.69566814001882,370,server,ubuntu,500,psutil,13010689048,26886852240,0,678,1.8,12805.296875,40.2,,,,,,,,,
20260820_142704_79edcc8b,2026-08-20T18:30:11.417721+00:00,187.19613637801376,371,server,ubuntu,500,psutil,13010689142,26886852306,94,66,6.5,12805.296875,40.2,,,,,,,,,
20260820_142704_79edcc8b,2026-08-20T18:30:11.918195+00:00,187.69661078299396,372,server,ubuntu,500,psutil,13010689142,26886852306,0,0,1.0,12805.296875,40.2,,,,,,,,,
20260820_142704_79edcc8b,2026-08-20T18:30:12.418615+00:00,188.19702996101114,373,server,ubuntu,500,psutil,13010689142,26886852306,0,0,1.7,12805.296875,40.2,,,,,,,,,
20260820_142704_79edcc8b,2026-08-20T18:30:12.919087+00:00,188.69750142999692,374,server,ubuntu,500,psutil,13010689236,26886852372,94,66,1.0,12805.296875,40.2,,,,,,,,,
20260820_142704_79edcc8b,2026-08-20T18:30:13.419558+00:00,189.19797354901675,375,server,ubuntu,500,psutil,13010689456,26886852466,220,94,1.5,12805.296875,40.2,,,,,,,,,
20260820_142704_79edcc8b,2026-08-20T18:30:13.920038+00:00,189.69845347499358,376,server,ubuntu,500,psutil,13010690299,26886852613,843,147,1.5,12805.515625,40.2,,,,,,,,,
20260820_142704_79edcc8b,2026-08-20T18:30:14.420639+00:00,190.19905324600404,377,server,ubuntu,500,psutil,13010690299,26886852613,0,0,1.5,12805.515625,40.2,,,,,,,,,
20260820_142704_79edcc8b,2026-08-20T18:30:14.921365+00:00,190.69978036900284,378,server,ubuntu,500,psutil,13010690393,26886852679,94,66,1.8,12805.515625,40.2,,,,,,,,,
20260820_142704_79edcc8b,2026-08-20T18:30:15.422079+00:00,191.20049384899903,379,server,ubuntu,500,psutil,13010690609,26886852769,216,90,1.5,12805.515625,40.2,,,,,,,,,
20260820_142704_79edcc8b,2026-08-20T18:30:15.922636+00:00,191.70105122899986,380,server,ubuntu,500,psutil,13010691223,26886853256,614,487,1.3,12805.515625,40.2,,,,,,,,,
20260820_142704_79edcc8b,2026-08-20T18:30:16.423114+00:00,192.20152933200006,381,server,ubuntu,500,psutil,13010692682,26886854128,1459,872,1.5,12805.5,40.2,,,,,,,,,
20260820_142704_79edcc8b,2026-08-20T18:30:16.923600+00:00,192.70201442899997,382,server,ubuntu,500,psutil,13010692776,26886854194,94,66,1.5,12805.5,40.2,,,,,,,,,
20260820_142704_79edcc8b,2026-08-20T18:30:17.424345+00:00,193.2027599470166,383,server,ubuntu,500,psutil,13010692996,26886854288,220,94,1.3,12805.5,40.2,,,,,,,,,
20260820_142704_79edcc8b,2026-08-20T18:30:17.924732+00:00,193.7031470029906,384,server,ubuntu,500,psutil,13010693184,26886854459,188,171,1.8,12805.5,40.2,,,,,,,,,
20260820_142704_79edcc8b,2026-08-20T18:30:18.425123+00:00,194.20353832101682,385,server,ubuntu,500,psutil,13010693184,26886854459,0,0,1.3,12805.5,40.2,,,,,,,,,
20260820_142704_79edcc8b,2026-08-20T18:30:18.925610+00:00,194.7040252739971,386,server,ubuntu,500,psutil,13010693278,26886854525,94,66,1.7,12805.5,40.2,,,,,,,,,
20260820_142704_79edcc8b,2026-08-20T18:30:19.426365+00:00,195.20478039400768,387,server,ubuntu,500,psutil,13010693278,26886854525,0,0,1.3,12805.49609375,40.2,,,,,,,,,
20260820_142704_79edcc8b,2026-08-20T18:30:19.926733+00:00,195.70514771601302,388,server,ubuntu,500,psutil,13010693372,26886854591,94,66,1.3,12805.49609375,40.2,,,,,,,,,
20260820_142704_79edcc8b,2026-08-20T18:30:20.427431+00:00,196.20584630800295,389,server,ubuntu,500,psutil,13010693372,26886854591,0,0,1.0,12805.49609375,40.2,,,,,,,,,
20260820_142704_79edcc8b,2026-08-20T18:30:20.927802+00:00,196.70621681699413,390,server,ubuntu,500,psutil,13010693466,26886854657,94,66,1.3,12805.49609375,40.2,,,,,,,,,
20260820_142704_79edcc8b,2026-08-20T18:30:21.428218+00:00,197.20663246599725,391,server,ubuntu,500,psutil,13010693889,26886854894,423,237,1.5,12805.49609375,40.2,,,,,,,,,
20260820_142704_79edcc8b,2026-08-20T18:30:21.928658+00:00,197.7070736720052,392,server,ubuntu,500,psutil,13010694705,26886855549,816,655,1.0,12805.49609375,40.2,,,,,,,,,
20260820_142704_79edcc8b,2026-08-20T18:30:22.429057+00:00,198.20747172599658,393,server,ubuntu,500,psutil,13010694799,26886855615,94,66,1.3,12805.50390625,40.2,,,,,,,,,
20260820_142704_79edcc8b,2026-08-20T18:30:22.929434+00:00,198.70784834801452,394,server,ubuntu,500,psutil,13010694893,26886855681,94,66,1.3,12805.50390625,40.2,,,,,,,,,
20260820_142704_79edcc8b,2026-08-20T18:30:23.429929+00:00,199.20834370699595,395,server,ubuntu,500,psutil,13010694893,26886855681,0,0,1.0,12805.50390625,40.2,,,,,,,,,
20260820_142704_79edcc8b,2026-08-20T18:30:23.930440+00:00,199.7088551899942,396,server,ubuntu,500,psutil,13010694987,26886855747,94,66,1.0,12805.50390625,40.2,,,,,,,,,
20260820_142704_79edcc8b,2026-08-20T18:30:24.430956+00:00,200.20937143999618,397,server,ubuntu,500,psutil,13010694987,26886855747,0,0,1.3,12805.50390625,40.2,,,,,,,,,
20260820_142704_79edcc8b,2026-08-20T18:30:24.931429+00:00,200.70984388000215,398,server,ubuntu,500,psutil,13010695081,26886855813,94,66,1.0,12805.50390625,40.2,,,,,,,,,
20260820_142704_79edcc8b,2026-08-20T18:30:25.431938+00:00,201.21035307299462,399,server,ubuntu,500,psutil,13010695081,26886855813,0,0,1.5,12805.50390625,40.2,,,,,,,,,
20260820_142704_79edcc8b,2026-08-20T18:30:25.932406+00:00,201.710821346991,400,server,ubuntu,500,psutil,13010695175,26886855879,94,66,1.0,12805.49609375,40.2,,,,,,,,,
20260820_142704_79edcc8b,2026-08-20T18:30:26.432791+00:00,202.21120492299087,401,server,ubuntu,500,psutil,13010698628,26886860661,3453,4782,2.0,12805.9609375,40.2,,,,,,,,,
20260820_142704_79edcc8b,2026-08-20T18:30:26.933291+00:00,202.71170585701475,402,server,ubuntu,500,psutil,13010698910,26886860859,282,198,1.0,12805.984375,40.2,,,,,,,,,
20260820_142704_79edcc8b,2026-08-20T18:30:27.433798+00:00,203.21221292499104,403,server,ubuntu,500,psutil,13010702039,26886861020,3129,161,1.7,12805.96484375,40.2,,,,,,,,,
20260820_142704_79edcc8b,2026-08-20T18:30:27.934273+00:00,203.71268759699888,404,server,ubuntu,500,psutil,13010708308,26886862531,6269,1511,1.8,12806.00390625,40.2,,,,,,,,,
20260820_142704_79edcc8b,2026-08-20T18:30:28.434616+00:00,204.21303067400004,405,server,ubuntu,500,psutil,13010711608,26886868187,3300,5656,1.8,12808.20703125,40.2,,,,,,,,,
20260820_142704_79edcc8b,2026-08-20T18:30:28.934998+00:00,204.71341272999416,406,server,ubuntu,500,psutil,13010711824,26886868409,216,222,1.5,12808.21484375,40.2,,,,,,,,,
20260820_142704_79edcc8b,2026-08-20T18:30:29.435464+00:00,205.21387857801165,407,server,ubuntu,500,psutil,13010716683,26886871376,4859,2967,2.3,12808.4296875,40.2,,,,,,,,,
20260820_142704_79edcc8b,2026-08-20T18:30:29.935872+00:00,205.71428693001508,408,server,ubuntu,500,psutil,13010716777,26886871442,94,66,1.3,12808.4296875,40.2,,,,,,,,,
20260820_142704_79edcc8b,2026-08-20T18:30:30.436407+00:00,206.21482211101102,409,server,ubuntu,500,psutil,13010716965,26886871508,188,66,1.8,12808.67578125,40.2,,,,,,,,,
20260820_142704_79edcc8b,2026-08-20T18:30:30.937119+00:00,206.71553357999073,410,server,ubuntu,500,psutil,13010717153,26886871640,188,132,1.3,12808.18359375,40.2,,,,,,,,,
20260820_142704_79edcc8b,2026-08-20T18:30:31.437600+00:00,207.2160154739977,411,server,ubuntu,500,psutil,13013582858,26886914396,2865705,42756,9.0,12794.67578125,40.1,,,,,,,,,
20260820_142704_79edcc8b,2026-08-20T18:30:31.938069+00:00,207.71648445300525,412,server,ubuntu,500,psutil,13014086309,26886922514,503451,8118,2.0,12792.60546875,40.1,,,,,,,,,
20260820_142704_79edcc8b,2026-08-20T18:30:32.438581+00:00,208.21699641799205,413,server,ubuntu,500,psutil,13014086403,26886922619,94,105,1.3,12792.1953125,40.1,,,,,,,,,
20260820_142704_79edcc8b,2026-08-20T18:30:32.939056+00:00,208.71747124701506,414,server,ubuntu,500,psutil,13014086497,26886922685,94,66,1.5,12792.1953125,40.1,,,,,,,,,
20260820_142704_79edcc8b,2026-08-20T18:30:33.439566+00:00,209.2179804579937,415,server,ubuntu,500,psutil,13014086685,26886925286,188,2601,4.5,12825.47265625,40.2,,,,,,,,,
20260820_142704_79edcc8b,2026-08-20T18:30:33.939951+00:00,209.71836545900442,416,server,ubuntu,500,psutil,13014086779,26886925286,94,0,2.0,12825.47265625,40.2,,,,,,,,,
20260820_142704_79edcc8b,2026-08-20T18:30:34.440409+00:00,210.21882378900773,417,server,ubuntu,500,psutil,13014086779,26886925352,0,66,2.8,12825.94140625,40.2,,,,,,,,,
20260820_142704_79edcc8b,2026-08-20T18:30:34.940759+00:00,210.71917438099626,418,server,ubuntu,500,psutil,13014086779,26886925352,0,0,2.3,12824.98828125,40.2,,,,,,,,,
20260820_142704_79edcc8b,2026-08-20T18:30:35.441230+00:00,211.21964511999977,419,server,ubuntu,500,psutil,13014086873,26886925418,94,66,2.0,12825.26953125,40.2,,,,,,,,,
20260820_142704_79edcc8b,2026-08-20T18:30:35.941647+00:00,211.72006239800248,420,server,ubuntu,500,psutil,13014090460,26886927054,3587,1636,3.3,12825.75,40.2,,,,,,,,,
20260820_142704_79edcc8b,2026-08-20T18:30:36.442110+00:00,212.220525059005,421,server,ubuntu,500,psutil,13014090762,26886928150,302,1096,6.3,12824.796875,40.2,,,,,,,,,
20260820_142704_79edcc8b,2026-08-20T18:30:36.942588+00:00,212.72100332399714,422,server,ubuntu,500,psutil,13014091668,26886928910,906,760,18.6,12826.15234375,40.2,,,,,,,,,
20260820_142704_79edcc8b,2026-08-20T18:30:37.443050+00:00,213.22146434299066,423,server,ubuntu,500,psutil,13014092076,26886929070,408,160,5.1,12824.171875,40.2,,,,,,,,,
20260820_142704_79edcc8b,2026-08-20T18:30:37.943650+00:00,213.72206509599346,424,server,ubuntu,500,psutil,13014093445,26886930008,1369,938,4.8,12823.4609375,40.2,,,,,,,,,
20260820_142704_79edcc8b,2026-08-20T18:30:38.444128+00:00,214.2225425959914,425,server,ubuntu,500,psutil,13014093539,26886930074,94,66,5.0,12810.69921875,40.2,,,,,,,,,
20260820_142704_79edcc8b,2026-08-20T18:30:38.944732+00:00,214.7231466170051,426,server,ubuntu,500,psutil,13014093539,26886930074,0,0,3.8,12810.46484375,40.2,,,,,,,,,
20260820_142704_79edcc8b,2026-08-20T18:30:39.445130+00:00,215.22354467699188,427,server,ubuntu,500,psutil,13014093633,26886930140,94,66,4.3,12807.8046875,40.2,,,,,,,,,
20260820_142704_79edcc8b,2026-08-20T18:30:39.945522+00:00,215.72393709301832,428,server,ubuntu,500,psutil,13014093633,26886930140,0,0,2.3,12807.6015625,40.2,,,,,,,,,
20260820_142704_79edcc8b,2026-08-20T18:30:40.445926+00:00,216.22434168300242,429,server,ubuntu,500,psutil,13014093727,26886930206,94,66,2.3,12806.1796875,40.2,,,,,,,,,
20260820_142704_79edcc8b,2026-08-20T18:30:40.946327+00:00,216.72474253099062,430,server,ubuntu,500,psutil,13014093727,26886930884,0,678,2.0,12805.4921875,40.2,,,,,,,,,
20260820_142704_79edcc8b,2026-08-20T18:30:41.446776+00:00,217.22519114500028,431,server,ubuntu,500,psutil,13014137678,26886934225,43951,3341,4.5,12803.54296875,40.2,,,,,,,,,
20260820_142704_79edcc8b,2026-08-20T18:30:41.947138+00:00,217.7255533419957,432,server,ubuntu,500,psutil,13014139428,26886934825,1750,600,5.0,12803.5390625,40.2,,,,,,,,,
20260820_142704_79edcc8b,2026-08-20T18:30:42.447645+00:00,218.22606035601348,433,server,ubuntu,500,psutil,13014141906,26886936473,2478,1648,5.6,12804.73046875,40.2,,,,,,,,,
20260820_142704_79edcc8b,2026-08-20T18:30:42.948026+00:00,218.72644106199732,434,server,ubuntu,500,psutil,13014143738,26886938446,1832,1973,6.0,12806.07421875,40.2,,,,,,,,,
20260820_142704_79edcc8b,2026-08-20T18:30:43.448493+00:00,219.22690791400964,435,server,ubuntu,500,psutil,13014144146,26886938711,408,265,5.3,12805.921875,40.2,,,,,,,,,
20260820_142704_79edcc8b,2026-08-20T18:30:43.948959+00:00,219.72737397899618,436,server,ubuntu,500,psutil,13014148157,26886940069,4011,1358,5.0,12805.9140625,40.2,,,,,,,,,
20260820_142704_79edcc8b,2026-08-20T18:30:44.449338+00:00,220.2277527830156,437,server,ubuntu,500,psutil,13014150083,26886942163,1926,2094,6.3,12805.91015625,40.2,,,,,,,,,
20260820_142704_79edcc8b,2026-08-20T18:30:44.949734+00:00,220.72814976799418,438,server,ubuntu,500,psutil,13014150083,26886942163,0,0,4.5,12805.91015625,40.2,,,,,,,,,
20260820_142704_79edcc8b,2026-08-20T18:30:45.450125+00:00,221.22854022000683,439,server,ubuntu,500,psutil,13014150529,26886942556,446,393,5.6,12805.9765625,40.2,,,,,,,,,
20260820_142704_79edcc8b,2026-08-20T18:30:45.950554+00:00,221.72896900901105,440,server,ubuntu,500,psutil,13014150529,26886942556,0,0,16.9,12806.79296875,40.2,,,,,,,,,
20260820_142704_79edcc8b,2026-08-20T18:30:46.450953+00:00,222.22936824301723,441,server,ubuntu,500,psutil,13014162288,26886952915,11759,10359,6.3,12807.1796875,40.2,,,,,,,,,
20260820_142704_79edcc8b,2026-08-20T18:30:46.951363+00:00,222.72977804401307,442,server,ubuntu,500,psutil,13014164119,26886954145,1831,1230,5.5,12807.78125,40.2,,,,,,,,,
20260820_142704_79edcc8b,2026-08-20T18:30:47.451860+00:00,223.2302747440117,443,server,ubuntu,500,psutil,13014166265,26886955517,2146,1372,16.5,12882.4609375,40.4,,,,,,,,,
20260820_142704_79edcc8b,2026-08-20T18:30:47.952280+00:00,223.7306943779986,444,server,ubuntu,500,psutil,13014168003,26886956718,1738,1201,10.0,12899.2265625,40.5,,,,,,,,,
20260820_142704_79edcc8b,2026-08-20T18:30:48.452714+00:00,224.23112992901588,445,server,ubuntu,500,psutil,13014169929,26886957954,1926,1236,5.6,12892.0859375,40.4,,,,,,,,,
20260820_142704_79edcc8b,2026-08-20T18:30:48.953191+00:00,224.73160603601718,446,server,ubuntu,500,psutil,13014170051,26886958110,122,156,6.0,12896.5546875,40.5,,,,,,,,,
20260820_142704_79edcc8b,2026-08-20T18:30:49.453620+00:00,225.23203495601774,447,server,ubuntu,500,psutil,13014170239,26886958242,188,132,5.3,12888.6796875,40.4,,,,,,,,,
20260820_142704_79edcc8b,2026-08-20T18:30:49.954010+00:00,225.73242497700267,448,server,ubuntu,500,psutil,13014170239,26886958242,0,0,5.3,12889.16015625,40.4,,,,,,,,,
20260820_142704_79edcc8b,2026-08-20T18:30:50.454432+00:00,226.23284662299557,449,server,ubuntu,500,psutil,13014170615,26886958440,376,198,5.3,12889.2109375,40.4,,,,,,,,,
20260820_142704_79edcc8b,2026-08-20T18:30:50.954790+00:00,226.733205379016,450,server,ubuntu,500,psutil,13014170615,26886958440,0,0,6.0,12895.453125,40.5,,,,,,,,,
20260820_142704_79edcc8b,2026-08-20T18:30:51.455259+00:00,227.23367398401024,451,server,ubuntu,500,psutil,13014170931,26886958672,316,232,5.2,12887.234375,40.4,,,,,,,,,
20260820_142704_79edcc8b,2026-08-20T18:30:51.955620+00:00,227.73403495599632,452,server,ubuntu,500,psutil,13014171743,26886959432,812,760,4.3,12888.14453125,40.4,,,,,,,,,
20260820_142704_79edcc8b,2026-08-20T18:30:52.456012+00:00,228.2344268730085,453,server,ubuntu,500,psutil,13014171931,26886959564,188,132,4.8,12881.94921875,40.4,,,,,,,,,
20260820_142704_79edcc8b,2026-08-20T18:30:52.956491+00:00,228.73490578500787,454,server,ubuntu,500,psutil,13014171931,26886959564,0,0,4.5,12886.1015625,40.4,,,,,,,,,
20260820_142704_79edcc8b,2026-08-20T18:30:53.456895+00:00,229.2353098890162,455,server,ubuntu,500,psutil,13014175312,26886961663,3381,2099,4.3,12878.76953125,40.4,,,,,,,,,
20260820_142704_79edcc8b,2026-08-20T18:30:53.957383+00:00,229.73579764101305,456,server,ubuntu,500,psutil,13014177238,26886962957,1926,1294,5.8,12879.578125,40.4,,,,,,,,,
20260820_142704_79edcc8b,2026-08-20T18:30:54.457901+00:00,230.2363156590145,457,server,ubuntu,500,psutil,13014178976,26886964035,1738,1078,6.0,12874.0,40.4,,,,,,,,,
20260820_142704_79edcc8b,2026-08-20T18:30:54.958376+00:00,230.73679095500847,458,server,ubuntu,500,psutil,13014179164,26886964167,188,132,18.4,12876.2109375,40.4,,,,,,,,,
20260820_142704_79edcc8b,2026-08-20T18:30:55.458774+00:00,231.23718958400423,459,server,ubuntu,500,psutil,13014179258,26886964272,94,105,6.3,12878.421875,40.4,,,,,,,,,
20260820_142704_79edcc8b,2026-08-20T18:30:55.959248+00:00,231.7376634220127,460,server,ubuntu,500,psutil,13014182920,26886966589,3662,2317,5.6,12878.421875,40.4,,,,,,,,,
20260820_142704_79edcc8b,2026-08-20T18:30:56.459674+00:00,232.23808902900782,461,server,ubuntu,500,psutil,13014186396,26886968835,3476,2246,5.8,12868.40234375,40.4,,,,,,,,,
20260820_142704_79edcc8b,2026-08-20T18:30:56.960150+00:00,232.73856537099346,462,server,ubuntu,500,psutil,13014186584,26886968967,188,132,4.8,12868.9296875,40.4,,,,,,,,,
20260820_142704_79edcc8b,2026-08-20T18:30:57.460606+00:00,233.23902028700104,463,server,ubuntu,500,psutil,13014188288,26886970076,1704,1109,7.0,12858.08203125,40.3,,,,,,,,,
20260820_142704_79edcc8b,2026-08-20T18:30:57.960986+00:00,233.7394013540179,464,server,ubuntu,500,psutil,13014188476,26886970208,188,132,4.5,12858.5390625,40.3,,,,,,,,,
20260820_142704_79edcc8b,2026-08-20T18:30:58.461371+00:00,234.2397864779923,465,server,ubuntu,500,psutil,13014188476,26886970208,0,0,4.8,12859.08203125,40.3,,,,,,,,,
20260820_142704_79edcc8b,2026-08-20T18:30:58.961753+00:00,234.74016818901873,466,server,ubuntu,500,psutil,13014188664,26886970340,188,132,4.5,12859.59765625,40.3,,,,,,,,,
20260820_142704_79edcc8b,2026-08-20T18:30:59.462142+00:00,235.24055779201444,467,server,ubuntu,500,psutil,13014190491,26886970835,1827,495,5.3,12860.12109375,40.3,,,,,,,,,
20260820_142704_79edcc8b,2026-08-20T18:30:59.962585+00:00,235.74100032099523,468,server,ubuntu,500,psutil,13014194061,26886972978,3570,2143,6.5,12860.58984375,40.3,,,,,,,,,
20260820_142704_79edcc8b,2026-08-20T18:31:00.462946+00:00,236.2413603750174,469,server,ubuntu,500,psutil,13014195893,26886975121,1832,2143,6.8,12861.4453125,40.4,,,,,,,,,
20260820_142704_79edcc8b,2026-08-20T18:31:00.963422+00:00,236.74183677500696,470,server,ubuntu,500,psutil,13014196507,26886975503,614,382,6.8,12865.6796875,40.4,,,,,,,,,
20260820_142704_79edcc8b,2026-08-20T18:31:01.463933+00:00,237.2423479820136,471,server,ubuntu,500,psutil,13014196622,26886976539,115,1036,6.3,12864.07421875,40.4,,,,,,,,,
20260820_142704_79edcc8b,2026-08-20T18:31:01.964399+00:00,237.7428138840187,472,server,ubuntu,500,psutil,13014196810,26886976671,188,132,5.8,12864.01171875,40.4,,,,,,,,,
20260820_142704_79edcc8b,2026-08-20T18:31:02.464752+00:00,238.2431672340026,473,server,ubuntu,500,psutil,13014196904,26886976782,94,111,6.3,12862.6953125,40.4,,,,,,,,,
20260820_142704_79edcc8b,2026-08-20T18:31:02.965201+00:00,238.74360982101643,474,server,ubuntu,500,psutil,13014200473,26886979065,3569,2283,7.3,12863.671875,40.4,,,,,,,,,
20260820_142704_79edcc8b,2026-08-20T18:31:03.465639+00:00,239.24405369799933,475,server,ubuntu,500,psutil,13014202211,26886980314,1738,1249,7.0,12863.0546875,40.4,,,,,,,,,
20260820_142704_79edcc8b,2026-08-20T18:31:03.966335+00:00,239.7447491440107,476,server,ubuntu,500,psutil,13014204137,26886981562,1926,1248,15.8,12863.5234375,40.4,,,,,,,,,
20260820_142704_79edcc8b,2026-08-20T18:31:04.466825+00:00,240.24524045101134,477,server,ubuntu,500,psutil,13014204137,26886981562,0,0,9.6,12862.30859375,40.4,,,,,,,,,
20260820_142704_79edcc8b,2026-08-20T18:31:04.967172+00:00,240.74558675900334,478,server,ubuntu,500,psutil,13014204325,26886981694,188,132,5.8,12862.0625,40.4,,,,,,,,,
20260820_142704_79edcc8b,2026-08-20T18:31:05.467532+00:00,241.24594684201293,479,server,ubuntu,500,psutil,13014207800,26886983932,3475,2238,7.3,12862.62109375,40.4,,,,,,,,,
20260820_142704_79edcc8b,2026-08-20T18:31:05.967916+00:00,241.74633158900542,480,server,ubuntu,500,psutil,13014209726,26886985287,1926,1355,5.8,12862.62109375,40.4,,,,,,,,,
20260820_142704_79edcc8b,2026-08-20T18:31:06.468264+00:00,242.2466784150165,481,server,ubuntu,500,psutil,13014215051,26886991321,5325,6034,7.1,12853.7734375,40.3,,,,,,,,,
20260820_142704_79edcc8b,2026-08-20T18:31:06.968670+00:00,242.7470847220102,482,server,ubuntu,500,psutil,13014219136,26886993022,4085,1701,6.3,12853.9921875,40.3,,,,,,,,,
20260820_142704_79edcc8b,2026-08-20T18:31:07.469075+00:00,243.2474900209927,483,server,ubuntu,500,psutil,13014221483,26886994753,2347,1731,6.8,12854.0546875,40.3,,,,,,,,,
20260820_142704_79edcc8b,2026-08-20T18:31:07.969552+00:00,243.74796733199037,484,server,ubuntu,500,psutil,13014240955,26887009577,19472,14824,6.8,12854.5859375,40.3,,,,,,,,,
20260820_142704_79edcc8b,2026-08-20T18:31:08.469929+00:00,244.24834441300482,485,server,ubuntu,500,psutil,13014241049,26887009773,94,196,5.3,12855.234375,40.3,,,,,,,,,
20260820_142704_79edcc8b,2026-08-20T18:31:08.970392+00:00,244.74880729601136,486,server,ubuntu,500,psutil,13014241453,26887010253,404,480,4.3,12855.4296875,40.3,,,,,,,,,
20260820_142704_79edcc8b,2026-08-20T18:31:09.470741+00:00,245.2491559140035,487,server,ubuntu,500,psutil,13014241547,26887010458,94,205,4.0,12855.6484375,40.3,,,,,,,,,
20260820_142704_79edcc8b,2026-08-20T18:31:09.971125+00:00,245.74954010400688,488,server,ubuntu,500,psutil,13014241923,26887010892,376,434,4.5,12855.6484375,40.3,,,,,,,,,
20260820_142704_79edcc8b,2026-08-20T18:31:10.471524+00:00,246.24993836600333,489,server,ubuntu,500,psutil,13014242320,26887011246,397,354,5.0,12855.6484375,40.3,,,,,,,,,
20260820_142704_79edcc8b,2026-08-20T18:31:10.972013+00:00,246.75042772601591,490,server,ubuntu,500,psutil,13014242602,26887012247,282,1001,5.3,12855.6484375,40.3,,,,,,,,,
20260820_142704_79edcc8b,2026-08-20T18:31:11.472676+00:00,247.25109073900967,491,server,ubuntu,500,psutil,13014242696,26887012449,94,202,10.6,12856.38671875,40.3,,,,,,,,,
20260820_142704_79edcc8b,2026-08-20T18:31:11.973154+00:00,247.7515696079936,492,server,ubuntu,500,psutil,13014242978,26887012784,282,335,4.8,12857.13671875,40.3,,,,,,,,,
20260820_142704_79edcc8b,2026-08-20T18:31:12.473631+00:00,248.25204630199005,493,server,ubuntu,500,psutil,13014243072,26887012995,94,211,5.3,12865.9375,40.4,,,,,,,,,
20260820_142704_79edcc8b,2026-08-20T18:31:12.974084+00:00,248.75249933099258,494,server,ubuntu,500,psutil,13014271876,26887015447,28804,2452,7.8,12871.0546875,40.4,,,,,,,,,
20260820_142704_79edcc8b,2026-08-20T18:31:13.474571+00:00,249.25298623001436,495,server,ubuntu,500,psutil,13014271970,26887015552,94,105,5.3,12870.6796875,40.4,,,,,,,,,
20260820_142704_79edcc8b,2026-08-20T18:31:13.975057+00:00,249.75347270301427,496,server,ubuntu,500,psutil,13014272792,26887015684,822,132,2.3,12870.69140625,40.4,,,,,,,,,
20260820_142704_79edcc8b,2026-08-20T18:31:14.476587+00:00,250.25500033301068,497,server,ubuntu,500,psutil,13015361971,26887032147,1089179,16463,21.6,12926.5625,40.6,,,,,,,,,
20260820_142704_79edcc8b,2026-08-20T18:31:14.977068+00:00,250.75548342301045,498,server,ubuntu,500,psutil,13017655142,26887064379,2293171,32232,12.1,12917.08984375,40.5,,,,,,,,,
20260820_142704_79edcc8b,2026-08-20T18:31:15.477544+00:00,251.2559596300125,499,server,ubuntu,500,psutil,13017655236,26887064379,94,0,2.2,12917.56640625,40.5,,,,,,,,,
20260820_142704_79edcc8b,2026-08-20T18:31:15.977932+00:00,251.75634772400372,500,server,ubuntu,500,psutil,13017656695,26887065251,1459,872,2.0,12917.55859375,40.5,,,,,,,,,
20260820_142704_79edcc8b,2026-08-20T18:31:16.478344+00:00,252.25675861499622,501,server,ubuntu,500,psutil,13017657345,26887067696,650,2445,1.5,12917.15625,40.5,,,,,,,,,
20260820_142704_79edcc8b,2026-08-20T18:31:16.978707+00:00,252.7571215100179,502,server,ubuntu,500,psutil,13017657345,26887067696,0,0,1.7,12917.09375,40.5,,,,,,,,,
20260820_142704_79edcc8b,2026-08-20T18:31:17.479290+00:00,253.2577055680158,503,server,ubuntu,500,psutil,13017670474,26887073361,13129,5665,2.3,12921.04296875,40.5,,,,,,,,,
20260820_142704_79edcc8b,2026-08-20T18:31:17.979819+00:00,253.7582337660133,504,server,ubuntu,500,psutil,13017670568,26887073736,94,375,1.8,12922.75,40.5,,,,,,,,,
20260820_142704_79edcc8b,2026-08-20T18:31:18.480277+00:00,254.25869263199274,505,server,ubuntu,500,psutil,13017670756,26887073868,188,132,1.3,12892.1015625,40.4,,,,,,,,,
20260820_142704_79edcc8b,2026-08-20T18:31:18.980667+00:00,254.75908256700495,506,server,ubuntu,500,psutil,13017670756,26887073868,0,0,1.3,12892.34375,40.4,,,,,,,,,
20260820_142704_79edcc8b,2026-08-20T18:31:19.481121+00:00,255.2595355930098,507,server,ubuntu,500,psutil,13017670944,26887074000,188,132,1.5,12892.12890625,40.4,,,,,,,,,
20260820_142704_79edcc8b,2026-08-20T18:31:19.981583+00:00,255.759998472,508,server,ubuntu,500,psutil,13017670944,26887074000,0,0,1.5,12892.12890625,40.4,,,,,,,,,
20260820_142704_79edcc8b,2026-08-20T18:31:20.482043+00:00,256.26045778300613,509,server,ubuntu,500,psutil,13017671132,26887074132,188,132,1.5,12889.7890625,40.4,,,,,,,,,
20260820_142704_79edcc8b,2026-08-20T18:31:20.982662+00:00,256.76107796499855,510,server,ubuntu,500,psutil,13017671132,26887074132,0,0,1.8,12890.7734375,40.4,,,,,,,,,
20260820_142704_79edcc8b,2026-08-20T18:31:21.483076+00:00,257.2614907800162,511,server,ubuntu,500,psutil,13017671464,26887074350,332,218,1.3,12874.80078125,40.4,,,,,,,,,
20260820_142704_79edcc8b,2026-08-20T18:31:21.983584+00:00,257.7619825680158,512,server,ubuntu,500,psutil,13017671652,26887074416,188,66,1.3,12875.046875,40.4,,,,,,,,,
20260820_142704_79edcc8b,2026-08-20T18:31:22.484155+00:00,258.262570640014,513,server,ubuntu,500,psutil,13017680162,26887082202,8510,7786,1.5,12876.015625,40.4,,,,,,,,,
20260820_142704_79edcc8b,2026-08-20T18:31:22.984614+00:00,258.7630287010106,514,server,ubuntu,500,psutil,13017746496,26887084016,66334,1814,2.5,12875.44140625,40.4,,,,,,,,,
20260820_142704_79edcc8b,2026-08-20T18:31:23.485087+00:00,259.2635024100018,515,server,ubuntu,500,psutil,13017746590,26887084082,94,66,1.3,12872.13671875,40.4,,,,,,,,,
20260820_142704_79edcc8b,2026-08-20T18:31:23.985559+00:00,259.7639747100184,516,server,ubuntu,500,psutil,13017746684,26887084148,94,66,1.3,12872.13671875,40.4,,,,,,,,,
20260820_142704_79edcc8b,2026-08-20T18:31:24.486028+00:00,260.26444316099514,517,server,ubuntu,500,psutil,13017746778,26887084214,94,66,1.5,12864.18359375,40.4,,,,,,,,,
20260820_142704_79edcc8b,2026-08-20T18:31:24.986501+00:00,260.7649156039988,518,server,ubuntu,500,psutil,13017746872,26887084280,94,66,1.5,12864.18359375,40.4,,,,,,,,,
20260820_142704_79edcc8b,2026-08-20T18:31:25.486852+00:00,261.26526774899685,519,server,ubuntu,500,psutil,13017747081,26887084427,209,147,1.3,12861.01953125,40.4,,,,,,,,,
20260820_142704_79edcc8b,2026-08-20T18:31:25.987329+00:00,261.76574433699716,520,server,ubuntu,500,psutil,13017747269,26887084598,188,171,1.7,12861.01953125,40.4,,,,,,,,,
20260820_142704_79edcc8b,2026-08-20T18:31:26.487727+00:00,262.26614229701227,521,server,ubuntu,500,psutil,13017750944,26887089715,3675,5117,1.8,12859.421875,40.3,,,,,,,,,
20260820_142704_79edcc8b,2026-08-20T18:31:26.988202+00:00,262.7666166929994,522,server,ubuntu,500,psutil,13017751258,26887089945,314,230,2.0,12859.66796875,40.3,,,,,,,,,
20260820_142704_79edcc8b,2026-08-20T18:31:27.488609+00:00,263.2670237350103,523,server,ubuntu,500,psutil,13017751642,26887090147,384,202,1.5,12859.40625,40.3,,,,,,,,,
20260820_142704_79edcc8b,2026-08-20T18:31:27.989090+00:00,263.7675052070117,524,server,ubuntu,500,psutil,13017786561,26887091222,34919,1075,1.8,12859.625,40.3,,,,,,,,,
20260820_142704_79edcc8b,2026-08-20T18:31:28.489574+00:00,264.26798866299214,525,server,ubuntu,500,psutil,13017794582,26887091849,8021,627,1.5,12856.67578125,40.3,,,,,,,,,
20260820_142704_79edcc8b,2026-08-20T18:31:28.990050+00:00,264.76846545000444,526,server,ubuntu,500,psutil,13017794892,26887092137,310,288,1.7,12856.66015625,40.3,,,,,,,,,
20260820_142704_79edcc8b,2026-08-20T18:31:29.490533+00:00,265.2689486920135,527,server,ubuntu,500,psutil,13017794892,26887092137,0,0,1.3,12856.6796875,40.3,,,,,,,,,
20260820_142704_79edcc8b,2026-08-20T18:31:29.991011+00:00,265.7694268740015,528,server,ubuntu,500,psutil,13017795080,26887092269,188,132,1.3,12856.6796875,40.3,,,,,,,,,
20260820_142704_79edcc8b,2026-08-20T18:31:30.491485+00:00,266.2699004840106,529,server,ubuntu,500,psutil,13017795268,26887092335,188,66,1.5,12856.6796875,40.3,,,,,,,,,
20260820_142704_79edcc8b,2026-08-20T18:31:30.992234+00:00,266.7706492319994,530,server,ubuntu,500,psutil,13017795456,26887092467,188,132,1.5,12856.6796875,40.3,,,,,,,,,
20260820_142704_79edcc8b,2026-08-20T18:31:31.493059+00:00,267.27147444701404,531,server,ubuntu,500,psutil,13017795456,26887092467,0,0,1.3,12856.92578125,40.3,,,,,,,,,
20260820_142704_79edcc8b,2026-08-20T18:31:31.993569+00:00,267.77198432199657,532,server,ubuntu,500,psutil,13017795644,26887092599,188,132,1.5,12856.92578125,40.3,,,,,,,,,
20260820_142704_79edcc8b,2026-08-20T18:31:32.494319+00:00,268.27273461199366,533,server,ubuntu,500,psutil,13017795644,26887092599,0,0,1.5,12856.92578125,40.3,,,,,,,,,
20260820_142704_79edcc8b,2026-08-20T18:31:32.994759+00:00,268.77317413600395,534,server,ubuntu,500,psutil,13017795738,26887092665,94,66,1.3,12856.92578125,40.3,,,,,,,,,
20260820_142704_79edcc8b,2026-08-20T18:31:33.495146+00:00,269.273561081005,535,server,ubuntu,500,psutil,13017795832,26887092731,94,66,1.3,12857.40234375,40.3,,,,,,,,,
20260820_142704_79edcc8b,2026-08-20T18:31:33.995556+00:00,269.7739707810106,536,server,ubuntu,500,psutil,13017795926,26887092797,94,66,1.5,12857.40234375,40.3,,,,,,,,,
20260820_142704_79edcc8b,2026-08-20T18:31:34.495936+00:00,270.2743510750006,537,server,ubuntu,500,psutil,13017796020,26887092863,94,66,1.5,12857.46484375,40.3,,,,,,,,,
20260820_142704_79edcc8b,2026-08-20T18:31:34.996510+00:00,270.7749249220069,538,server,ubuntu,500,psutil,13017796459,26887092995,439,132,1.3,12857.1796875,40.3,,,,,,,,,
20260820_142704_79edcc8b,2026-08-20T18:31:35.496986+00:00,271.27540042900364,539,server,ubuntu,500,psutil,13017796553,26887093127,94,132,2.0,12856.97265625,40.3,,,,,,,,,
20260820_142704_79edcc8b,2026-08-20T18:31:35.997451+00:00,271.7758665730071,540,server,ubuntu,500,psutil,13017798441,26887094294,1888,1167,1.3,12856.97265625,40.3,,,,,,,,,
20260820_142704_79edcc8b,2026-08-20T18:31:36.497966+00:00,272.2763805119903,541,server,ubuntu,500,psutil,13017798629,26887094426,188,132,2.7,12856.375,40.3,,,,,,,,,
20260820_142704_79edcc8b,2026-08-20T18:31:36.998413+00:00,272.7768280839955,542,server,ubuntu,500,psutil,13017798817,26887094597,188,171,1.3,12856.125,40.3,,,,,,,,,
20260820_142704_79edcc8b,2026-08-20T18:31:37.498760+00:00,273.2771745719947,543,server,ubuntu,500,psutil,13017800131,26887095583,1314,986,1.8,12853.55859375,40.3,,,,,,,,,
20260820_142704_79edcc8b,2026-08-20T18:31:37.999230+00:00,273.7776449850062,544,server,ubuntu,500,psutil,13017800131,26887095583,0,0,1.7,12853.55859375,40.3,,,,,,,,,
20260820_142704_79edcc8b,2026-08-20T18:31:38.499640+00:00,274.2780549460149,545,server,ubuntu,500,psutil,13017800319,26887095715,188,132,1.3,12853.54296875,40.3,,,,,,,,,
20260820_142704_79edcc8b,2026-08-20T18:31:39.000105+00:00,274.7785201689985,546,server,ubuntu,500,psutil,13017800434,26887095796,115,81,1.5,12853.59765625,40.3,,,,,,,,,
20260820_142704_79edcc8b,2026-08-20T18:31:39.500596+00:00,275.2790110569913,547,server,ubuntu,500,psutil,13017800622,26887095928,188,132,1.8,12853.59765625,40.3,,,,,,,,,
20260820_142704_79edcc8b,2026-08-20T18:31:40.001076+00:00,275.7794913990074,548,server,ubuntu,500,psutil,13017800622,26887095928,0,0,1.3,12853.59765625,40.3,,,,,,,,,
20260820_142704_79edcc8b,2026-08-20T18:31:40.501626+00:00,276.2800415760139,549,server,ubuntu,500,psutil,13017800904,26887096165,282,237,1.5,12853.59765625,40.3,,,,,,,,,
20260820_142704_79edcc8b,2026-08-20T18:31:41.002116+00:00,276.780531589,550,server,ubuntu,500,psutil,13017800904,26887096843,0,678,1.8,12853.59765625,40.3,,,,,,,,,
20260820_142704_79edcc8b,2026-08-20T18:31:41.502602+00:00,277.28101672799676,551,server,ubuntu,500,psutil,13017801092,26887096975,188,132,1.3,12853.66015625,40.3,,,,,,,,,
20260820_142704_79edcc8b,2026-08-20T18:31:42.003090+00:00,277.7815050120116,552,server,ubuntu,500,psutil,13017801092,26887096975,0,0,1.7,12853.66015625,40.3,,,,,,,,,
20260820_142704_79edcc8b,2026-08-20T18:31:42.503570+00:00,278.2819853280089,553,server,ubuntu,500,psutil,13017801280,26887097107,188,132,1.0,12853.66015625,40.3,,,,,,,,,
20260820_142704_79edcc8b,2026-08-20T18:31:43.004039+00:00,278.78245433201664,554,server,ubuntu,500,psutil,13017801500,26887097201,220,94,2.0,12853.66015625,40.3,,,,,,,,,
20260820_142704_79edcc8b,2026-08-20T18:31:43.504511+00:00,279.28292643401073,555,server,ubuntu,500,psutil,13017802322,26887097333,822,132,1.5,12853.66015625,40.3,,,,,,,,,
20260820_142704_79edcc8b,2026-08-20T18:31:44.004990+00:00,279.78340584400576,556,server,ubuntu,500,psutil,13017802322,26887097333,0,0,1.5,12853.90625,40.3,,,,,,,,,
20260820_142704_79edcc8b,2026-08-20T18:31:44.505475+00:00,280.28389036800945,557,server,ubuntu,500,psutil,13017802510,26887097465,188,132,1.5,12853.890625,40.3,,,,,,,,,
20260820_142704_79edcc8b,2026-08-20T18:31:45.005836+00:00,280.7842509089969,558,server,ubuntu,500,psutil,13017802510,26887097465,0,0,1.5,12853.890625,40.3,,,,,,,,,
20260820_142704_79edcc8b,2026-08-20T18:31:45.506314+00:00,281.28472885800875,559,server,ubuntu,500,psutil,13017807463,26887100393,4953,2928,3.0,12853.890625,40.3,,,,,,,,,
20260820_142704_79edcc8b,2026-08-20T18:31:46.007038+00:00,281.78545273901545,560,server,ubuntu,500,psutil,13017807889,26887100577,426,184,1.5,12853.890625,40.3,,,,,,,,,
20260820_142704_79edcc8b,2026-08-20T18:31:46.507757+00:00,282.2861713000166,561,server,ubuntu,500,psutil,13017811530,26887105492,3641,4915,1.5,12853.640625,40.3,,,,,,,,,
20260820_142704_79edcc8b,2026-08-20T18:31:47.008322+00:00,282.786737582006,562,server,ubuntu,500,psutil,13017811530,26887105492,0,0,1.7,12853.6640625,40.3,,,,,,,,,
20260820_142704_79edcc8b,2026-08-20T18:31:47.508689+00:00,283.28710367600434,563,server,ubuntu,500,psutil,13017829702,26887106576,18172,1084,1.8,12853.9453125,40.3,,,,,,,,,
20260820_142704_79edcc8b,2026-08-20T18:31:48.009433+00:00,283.78784827000345,564,server,ubuntu,500,psutil,13017829702,26887106576,0,0,2.0,12853.9375,40.3,,,,,,,,,
20260820_142704_79edcc8b,2026-08-20T18:31:48.510147+00:00,284.28856185200857,565,server,ubuntu,500,psutil,13017829890,26887106708,188,132,1.7,12854.3359375,40.3,,,,,,,,,
20260820_142704_79edcc8b,2026-08-20T18:31:49.010890+00:00,284.78930533101084,566,server,ubuntu,500,psutil,13017830012,26887106864,122,156,1.3,12854.3359375,40.3,,,,,,,,,
20260820_142704_79edcc8b,2026-08-20T18:31:49.511526+00:00,285.2899409760139,567,server,ubuntu,500,psutil,13017830294,26887107101,282,237,1.5,12854.3359375,40.3,,,,,,,,,
20260820_142704_79edcc8b,2026-08-20T18:31:50.011925+00:00,285.79033928900026,568,server,ubuntu,500,psutil,13017830294,26887107101,0,0,1.5,12854.3359375,40.3,,,,,,,,,
20260820_142704_79edcc8b,2026-08-20T18:31:50.512341+00:00,286.29075569901033,569,server,ubuntu,500,psutil,13017830670,26887107299,376,198,1.3,12854.3359375,40.3,,,,,,,,,
20260820_142704_79edcc8b,2026-08-20T18:31:51.012798+00:00,286.79121264701826,570,server,ubuntu,500,psutil,13017830670,26887107299,0,0,1.5,12854.3359375,40.3,,,,,,,,,
20260820_142704_79edcc8b,2026-08-20T18:31:51.513272+00:00,287.2916872850037,571,server,ubuntu,500,psutil,13017830986,26887107597,316,298,1.8,12854.328125,40.3,,,,,,,,,
20260820_142704_79edcc8b,2026-08-20T18:31:52.013807+00:00,287.79222244999255,572,server,ubuntu,500,psutil,13017830986,26887107597,0,0,1.5,12854.328125,40.3,,,,,,,,,
20260820_142704_79edcc8b,2026-08-20T18:31:52.514278+00:00,288.2926932190021,573,server,ubuntu,500,psutil,13017831597,26887107966,611,369,2.0,12854.328125,40.3,,,,,,,,,
20260820_142704_79edcc8b,2026-08-20T18:31:53.014773+00:00,288.7931874660135,574,server,ubuntu,500,psutil,13017831986,26887108424,389,458,1.8,12852.046875,40.3,,,,,,,,,
20260820_142704_79edcc8b,2026-08-20T18:31:53.515242+00:00,289.2936568699952,575,server,ubuntu,500,psutil,13017832289,26887108637,303,213,1.5,12852.015625,40.3,,,,,,,,,
20260820_142704_79edcc8b,2026-08-20T18:31:54.015660+00:00,289.79407460600487,576,server,ubuntu,500,psutil,13017832289,26887108637,0,0,1.5,12852.015625,40.3,,,,,,,,,
20260820_142704_79edcc8b,2026-08-20T18:31:54.516197+00:00,290.29461192601593,577,server,ubuntu,500,psutil,13017832477,26887108703,188,66,1.3,12852.015625,40.3,,,,,,,,,
20260820_142704_79edcc8b,2026-08-20T18:31:55.016652+00:00,290.7950671869912,578,server,ubuntu,500,psutil,13017832571,26887108874,94,171,1.3,12852.015625,40.3,,,,,,,,,
20260820_142704_79edcc8b,2026-08-20T18:31:55.517121+00:00,291.29553669499,579,server,ubuntu,500,psutil,13017832665,26887108940,94,66,1.5,12852.01171875,40.3,,,,,,,,,
20260820_142704_79edcc8b,2026-08-20T18:31:56.017591+00:00,291.79600635298993,580,server,ubuntu,500,psutil,13017832759,26887109006,94,66,1.3,12852.01171875,40.3,,,,,,,,,
20260820_142704_79edcc8b,2026-08-20T18:31:56.518060+00:00,292.29647530199145,581,server,ubuntu,500,psutil,13017832853,26887109072,94,66,1.3,12852.01171875,40.3,,,,,,,,,
20260820_142704_79edcc8b,2026-08-20T18:31:57.018531+00:00,292.7969466529903,582,server,ubuntu,500,psutil,13017832947,26887109138,94,66,1.3,12852.2578125,40.3,,,,,,,,,
20260820_142704_79edcc8b,2026-08-20T18:31:57.519072+00:00,293.2974869919999,583,server,ubuntu,500,psutil,13017834630,26887110104,1683,966,2.5,12852.25390625,40.3,,,,,,,,,
20260820_142704_79edcc8b,2026-08-20T18:31:58.019758+00:00,293.7981729590101,584,server,ubuntu,500,psutil,13017834818,26887110236,188,132,1.3,12852.25,40.3,,,,,,,,,
20260820_142704_79edcc8b,2026-08-20T18:31:58.520483+00:00,294.2988979330112,585,server,ubuntu,500,psutil,13017834818,26887110236,0,0,1.3,12852.23828125,40.3,,,,,,,,,
20260820_142704_79edcc8b,2026-08-20T18:31:59.021209+00:00,294.7996235800092,586,server,ubuntu,500,psutil,13017835006,26887110368,188,132,1.5,12852.23828125,40.3,,,,,,,,,
20260820_142704_79edcc8b,2026-08-20T18:31:59.521976+00:00,295.3003910359985,587,server,ubuntu,500,psutil,13017835006,26887110368,0,0,1.0,12852.23828125,40.3,,,,,,,,,
20260820_142704_79edcc8b,2026-08-20T18:32:00.022466+00:00,295.80088091499056,588,server,ubuntu,500,psutil,13017835194,26887110500,188,132,1.8,12852.23828125,40.3,,,,,,,,,
20260820_142704_79edcc8b,2026-08-20T18:32:00.523230+00:00,296.30164525599685,589,server,ubuntu,500,psutil,13017835194,26887110500,0,0,1.0,12852.23828125,40.3,,,,,,,,,
20260820_142704_79edcc8b,2026-08-20T18:32:01.023959+00:00,296.802374263003,590,server,ubuntu,500,psutil,13017835382,26887110632,188,132,1.8,12852.23828125,40.3,,,,,,,,,
20260820_142704_79edcc8b,2026-08-20T18:32:01.524707+00:00,297.30312205001246,591,server,ubuntu,500,psutil,13017835382,26887110632,0,0,1.3,12852.23828125,40.3,,,,,,,,,
20260820_142704_79edcc8b,2026-08-20T18:32:02.025454+00:00,297.803869210009,592,server,ubuntu,500,psutil,13017835570,26887110764,188,132,1.3,12852.23828125,40.3,,,,,,,,,
20260820_142704_79edcc8b,2026-08-20T18:32:02.526206+00:00,298.3046213130001,593,server,ubuntu,500,psutil,13017835570,26887110764,0,0,1.8,12852.23828125,40.3,,,,,,,,,
20260820_142704_79edcc8b,2026-08-20T18:32:03.026678+00:00,298.8050930449972,594,server,ubuntu,500,psutil,13017835758,26887110896,188,132,1.3,12852.23828125,40.3,,,,,,,,,
20260820_142704_79edcc8b,2026-08-20T18:32:03.527420+00:00,299.3058349819912,595,server,ubuntu,500,psutil,13017835852,26887111001,94,105,2.2,12852.23828125,40.3,,,,,,,,,
20260820_142704_79edcc8b,2026-08-20T18:32:04.028105+00:00,299.80652049399214,596,server,ubuntu,500,psutil,13017836040,26887111133,188,132,1.3,12852.23828125,40.3,,,,,,,,,
20260820_142704_79edcc8b,2026-08-20T18:32:04.528532+00:00,300.3069334430038,597,server,ubuntu,500,psutil,13017836040,26887111133,0,0,1.0,12852.21875,40.3,,,,,,,,,
20260820_142704_79edcc8b,2026-08-20T18:32:05.028927+00:00,300.8073425060138,598,server,ubuntu,500,psutil,13017836228,26887111265,188,132,1.3,12852.21875,40.3,,,,,,,,,
20260820_142704_79edcc8b,2026-08-20T18:32:05.529509+00:00,301.30792392001604,599,server,ubuntu,500,psutil,13017836228,26887111265,0,0,1.8,12852.21875,40.3,,,,,,,,,
20260820_142704_79edcc8b,2026-08-20T18:32:06.029993+00:00,301.8084075730003,600,server,ubuntu,500,psutil,13017836416,26887111397,188,132,1.3,12852.21875,40.3,,,,,,,,,
20260820_142704_79edcc8b,2026-08-20T18:32:06.530463+00:00,302.3088781730039,601,server,ubuntu,500,psutil,13017840192,26887116442,3776,5045,1.5,12852.21875,40.3,,,,,,,,,
20260820_142704_79edcc8b,2026-08-20T18:32:07.030926+00:00,302.8093410349975,602,server,ubuntu,500,psutil,13017840474,26887116574,282,132,1.0,12852.203125,40.3,,,,,,,,,
20260820_142704_79edcc8b,2026-08-20T18:32:07.531391+00:00,303.30980682501104,603,server,ubuntu,500,psutil,13017840694,26887116734,220,160,1.3,12852.2265625,40.3,,,,,,,,,
20260820_142704_79edcc8b,2026-08-20T18:32:08.031920+00:00,303.8103344179981,604,server,ubuntu,500,psutil,13017841694,26887117561,1000,827,1.0,12851.10546875,40.3,,,,,,,,,
20260820_142704_79edcc8b,2026-08-20T18:32:08.532512+00:00,304.3109269190172,605,server,ubuntu,500,psutil,13017841694,26887117561,0,0,1.5,12851.09375,40.3,,,,,,,,,
20260820_142704_79edcc8b,2026-08-20T18:32:09.032868+00:00,304.81128212300246,606,server,ubuntu,500,psutil,13017842098,26887117954,404,393,1.3,12851.1484375,40.3,,,,,,,,,
20260820_142704_79edcc8b,2026-08-20T18:32:09.533355+00:00,305.31177058501635,607,server,ubuntu,500,psutil,13017842098,26887117954,0,0,1.5,12851.1484375,40.3,,,,,,,,,
20260820_142704_79edcc8b,2026-08-20T18:32:10.033777+00:00,305.81219216200407,608,server,ubuntu,500,psutil,13017842286,26887118086,188,132,1.5,12851.1484375,40.3,,,,,,,,,
20260820_142704_79edcc8b,2026-08-20T18:32:10.534249+00:00,306.31266442200285,609,server,ubuntu,500,psutil,13017842474,26887118152,188,66,1.0,12851.1484375,40.3,,,,,,,,,
20260820_142704_79edcc8b,2026-08-20T18:32:11.034673+00:00,306.81308841801365,610,server,ubuntu,500,psutil,13017842662,26887118962,188,810,1.5,12851.1484375,40.3,,,,,,,,,
20260820_142704_79edcc8b,2026-08-20T18:32:11.535137+00:00,307.31355296701076,611,server,ubuntu,500,psutil,13017842662,26887118962,0,0,6.5,12851.15625,40.3,,,,,,,,,
20260820_142704_79edcc8b,2026-08-20T18:32:12.035503+00:00,307.8139180820144,612,server,ubuntu,500,psutil,13017842964,26887119172,302,210,1.3,12851.15625,40.3,,,,,,,,,
20260820_142704_79edcc8b,2026-08-20T18:32:12.535971+00:00,308.31438565600547,613,server,ubuntu,500,psutil,13017842964,26887119172,0,0,1.3,12851.15625,40.3,,,,,,,,,
20260820_142704_79edcc8b,2026-08-20T18:32:13.036434+00:00,308.81484910901054,614,server,ubuntu,500,psutil,13017843348,26887119412,384,240,1.3,12851.15625,40.3,,,,,,,,,
20260820_142704_79edcc8b,2026-08-20T18:32:13.536784+00:00,309.31519929799833,615,server,ubuntu,500,psutil,13017843982,26887119412,634,0,1.0,12851.15625,40.3,,,,,,,,,
20260820_142704_79edcc8b,2026-08-20T18:32:14.037250+00:00,309.81566558999475,616,server,ubuntu,500,psutil,13017844170,26887119544,188,132,1.3,12851.15625,40.3,,,,,,,,,
20260820_142704_79edcc8b,2026-08-20T18:32:14.537731+00:00,310.31614588800585,617,server,ubuntu,500,psutil,13017844264,26887119610,94,66,1.5,12851.40234375,40.3,,,,,,,,,
20260820_142704_79edcc8b,2026-08-20T18:32:15.038203+00:00,310.81661855900893,618,server,ubuntu,500,psutil,13017844754,26887120030,490,420,1.5,12851.40234375,40.3,,,,,,,,,
20260820_142704_79edcc8b,2026-08-20T18:32:15.538727+00:00,311.31714221899165,619,server,ubuntu,500,psutil,13017849645,26887123048,4891,3018,2.3,12851.40234375,40.3,,,,,,,,,
20260820_142704_79edcc8b,2026-08-20T18:32:16.039215+00:00,311.8176302929933,620,server,ubuntu,500,psutil,13017849927,26887123180,282,132,2.0,12851.40234375,40.3,,,,,,,,,
20260820_142704_79edcc8b,2026-08-20T18:32:16.539610+00:00,312.31802577900817,621,server,ubuntu,500,psutil,13017849927,26887123180,0,0,1.5,12852.11328125,40.3,,,,,,,,,
20260820_142704_79edcc8b,2026-08-20T18:32:17.040083+00:00,312.8184982489911,622,server,ubuntu,500,psutil,13017852292,26887127160,2365,3980,1.8,12852.11328125,40.3,,,,,,,,,
20260820_142704_79edcc8b,2026-08-20T18:32:17.540822+00:00,313.3192372159974,623,server,ubuntu,500,psutil,13017859053,26887129824,6761,2664,1.8,12852.90234375,40.3,,,,,,,,,
20260820_142704_79edcc8b,2026-08-20T18:32:18.041311+00:00,313.81972631899407,624,server,ubuntu,500,psutil,13017859147,26887129890,94,66,1.8,12852.90234375,40.3,,,,,,,,,
20260820_142704_79edcc8b,2026-08-20T18:32:18.541808+00:00,314.3202232620097,625,server,ubuntu,500,psutil,13017859241,26887129956,94,66,1.0,12852.72265625,40.3,,,,,,,,,
20260820_142704_79edcc8b,2026-08-20T18:32:19.042285+00:00,314.8206999300164,626,server,ubuntu,500,psutil,13017859450,26887130103,209,147,1.8,12852.72265625,40.3,,,,,,,,,
20260820_142704_79edcc8b,2026-08-20T18:32:19.543064+00:00,315.32147847500164,627,server,ubuntu,500,psutil,13017859544,26887130169,94,66,1.3,12852.71484375,40.3,,,,,,,,,
20260820_142704_79edcc8b,2026-08-20T18:32:20.043546+00:00,315.8219614349946,628,server,ubuntu,500,psutil,13017859544,26887130169,0,0,1.5,12852.71484375,40.3,,,,,,,,,
20260820_142704_79edcc8b,2026-08-20T18:32:20.544287+00:00,316.322701416997,629,server,ubuntu,500,psutil,13017859732,26887130301,188,132,1.3,12852.71484375,40.3,,,,,,,,,
20260820_142704_79edcc8b,2026-08-20T18:32:21.044722+00:00,316.82313700800296,630,server,ubuntu,500,psutil,13017859732,26887130301,0,0,1.8,12852.71484375,40.3,,,,,,,,,
20260820_142704_79edcc8b,2026-08-20T18:32:21.545117+00:00,317.32353245301056,631,server,ubuntu,500,psutil,13017860014,26887130538,282,237,1.5,12852.71484375,40.3,,,,,,,,,
20260820_142704_79edcc8b,2026-08-20T18:32:22.045508+00:00,317.8239238090173,632,server,ubuntu,500,psutil,13017860437,26887130670,423,132,1.8,12852.9609375,40.3,,,,,,,,,
20260820_142704_79edcc8b,2026-08-20T18:32:22.546055+00:00,318.3244698049966,633,server,ubuntu,500,psutil,13017860719,26887130868,282,198,1.3,12852.9609375,40.3,,,,,,,,,
20260820_142704_79edcc8b,2026-08-20T18:32:23.046585+00:00,318.8249838030024,634,server,ubuntu,500,psutil,13017861142,26887131105,423,237,1.8,12852.9609375,40.3,,,,,,,,,
20260820_142704_79edcc8b,2026-08-20T18:32:23.547047+00:00,319.3254627480055,635,server,ubuntu,500,psutil,13017861737,26887131694,595,589,1.3,12853.625,40.3,,,,,,,,,
20260820_142704_79edcc8b,2026-08-20T18:32:24.047547+00:00,319.82596216900856,636,server,ubuntu,500,psutil,13017861737,26887131694,0,0,1.5,12853.64453125,40.3,,,,,,,,,
20260820_142704_79edcc8b,2026-08-20T18:32:24.548019+00:00,320.3264338019944,637,server,ubuntu,500,psutil,13017861925,26887131826,188,132,1.3,12854.1328125,40.3,,,,,,,,,
20260820_142704_79edcc8b,2026-08-20T18:32:25.048509+00:00,320.82692433701595,638,server,ubuntu,500,psutil,13017861925,26887131826,0,0,1.7,12854.1328125,40.3,,,,,,,,,
20260820_142704_79edcc8b,2026-08-20T18:32:25.548886+00:00,321.32730073900893,639,server,ubuntu,500,psutil,13017862113,26887131958,188,132,1.5,12854.1328125,40.3,,,,,,,,,
20260820_142704_79edcc8b,2026-08-20T18:32:26.049441+00:00,321.827856265998,640,server,ubuntu,500,psutil,13017862113,26887131958,0,0,1.5,12853.8359375,40.3,,,,,,,,,
20260820_142704_79edcc8b,2026-08-20T18:32:26.549951+00:00,322.32836587401107,641,server,ubuntu,500,psutil,13017865887,26887137033,3774,5075,2.2,12858.31640625,40.3,,,,,,,,,
20260820_142704_79edcc8b,2026-08-20T18:32:27.050415+00:00,322.82882963799057,642,server,ubuntu,500,psutil,13017865887,26887137033,0,0,2.3,12858.30078125,40.3,,,,,,,,,
20260820_142704_79edcc8b,2026-08-20T18:32:27.550921+00:00,323.32933598500676,643,server,ubuntu,500,psutil,13017866295,26887137259,408,226,1.7,12858.37890625,40.3,,,,,,,,,
20260820_142704_79edcc8b,2026-08-20T18:32:28.051304+00:00,323.8297193000035,644,server,ubuntu,500,psutil,13017866295,26887137259,0,0,1.8,12858.62890625,40.3,,,,,,,,,
20260820_142704_79edcc8b,2026-08-20T18:32:28.551723+00:00,324.33013762999326,645,server,ubuntu,500,psutil,13017866483,26887137391,188,132,1.3,12858.46484375,40.3,,,,,,,,,
20260820_142704_79edcc8b,2026-08-20T18:32:29.052297+00:00,324.83071202100837,646,server,ubuntu,500,psutil,13017866605,26887137547,122,156,1.8,12858.46484375,40.3,,,,,,,,,
20260820_142704_79edcc8b,2026-08-20T18:32:29.552733+00:00,325.33114796099835,647,server,ubuntu,500,psutil,13017866887,26887137784,282,237,1.5,12858.24609375,40.3,,,,,,,,,
20260820_142704_79edcc8b,2026-08-20T18:32:30.053117+00:00,325.83153241701075,648,server,ubuntu,500,psutil,13017866887,26887137784,0,0,1.5,12858.24609375,40.3,,,,,,,,,
20260820_142704_79edcc8b,2026-08-20T18:32:30.553643+00:00,326.3320584180183,649,server,ubuntu,500,psutil,13017867263,26887137982,376,198,1.3,12858.24609375,40.3,,,,,,,,,
20260820_142704_79edcc8b,2026-08-20T18:32:31.054215+00:00,326.8326297030144,650,server,ubuntu,500,psutil,13017867690,26887138232,427,250,1.5,12858.24609375,40.3,,,,,,,,,
20260820_142704_79edcc8b,2026-08-20T18:32:31.554952+00:00,327.3333667940169,651,server,ubuntu,500,psutil,13017867878,26887138364,188,132,1.3,12858.4921875,40.3,,,,,,,,,
20260820_142704_79edcc8b,2026-08-20T18:32:32.055498+00:00,327.8339128200023,652,server,ubuntu,500,psutil,13017867878,26887138364,0,0,1.3,12858.4921875,40.3,,,,,,,,,
20260820_142704_79edcc8b,2026-08-20T18:32:32.556234+00:00,328.33464941199054,653,server,ubuntu,500,psutil,13017868066,26887138496,188,132,2.0,12858.4921875,40.3,,,,,,,,,
20260820_142704_79edcc8b,2026-08-20T18:32:33.056693+00:00,328.83510853201733,654,server,ubuntu,500,psutil,13017868160,26887138562,94,66,1.5,12858.4921875,40.3,,,,,,,,,
20260820_142704_79edcc8b,2026-08-20T18:32:33.557398+00:00,329.3358133470174,655,server,ubuntu,500,psutil,13017868348,26887138694,188,132,1.5,12857.72265625,40.3,,,,,,,,,
20260820_142704_79edcc8b,2026-08-20T18:32:34.057951+00:00,329.83636628001113,656,server,ubuntu,500,psutil,13017868769,26887138985,421,291,1.8,12857.96875,40.3,,,,,,,,,
20260820_142704_79edcc8b,2026-08-20T18:32:34.558694+00:00,330.337109073007,657,server,ubuntu,500,psutil,13017868957,26887139156,188,171,2.0,12857.96875,40.3,,,,,,,,,
20260820_142704_79edcc8b,2026-08-20T18:32:35.059166+00:00,330.8375818399945,658,server,ubuntu,500,psutil,13017879502,26887147791,10545,8635,2.3,12857.9375,40.3,,,,,,,,,
20260820_142704_79edcc8b,2026-08-20T18:32:35.559910+00:00,331.3383250379993,659,server,ubuntu,500,psutil,13017879596,26887147857,94,66,1.7,12858.1015625,40.3,,,,,,,,,
20260820_142704_79edcc8b,2026-08-20T18:32:36.060375+00:00,331.8387899240188,660,server,ubuntu,500,psutil,13017879596,26887147857,0,0,2.8,12862.171875,40.4,,,,,,,,,
20260820_142704_79edcc8b,2026-08-20T18:32:36.561135+00:00,332.33954961400013,661,server,ubuntu,500,psutil,13017879690,26887147923,94,66,1.5,12862.1875,40.4,,,,,,,,,
20260820_142704_79edcc8b,2026-08-20T18:32:37.061551+00:00,332.8399654550012,662,server,ubuntu,500,psutil,13017879784,26887147989,94,66,1.7,12862.25,40.4,,,,,,,,,
20260820_142704_79edcc8b,2026-08-20T18:32:37.561931+00:00,333.3403464340081,663,server,ubuntu,500,psutil,13017880098,26887148149,314,160,1.0,12862.4453125,40.4,,,,,,,,,
20260820_142704_79edcc8b,2026-08-20T18:32:38.062423+00:00,333.84083868499147,664,server,ubuntu,500,psutil,13017881651,26887149087,1553,938,2.2,12862.40234375,40.4,,,,,,,,,
20260820_142704_79edcc8b,2026-08-20T18:32:38.562948+00:00,334.34136365601444,665,server,ubuntu,500,psutil,13017882481,26887149837,830,750,1.8,12862.9296875,40.4,,,,,,,,,
20260820_142704_79edcc8b,2026-08-20T18:32:39.063409+00:00,334.84182459200383,666,server,ubuntu,500,psutil,13017882481,26887149837,0,0,1.5,12862.87890625,40.4,,,,,,,,,
20260820_142704_79edcc8b,2026-08-20T18:32:39.563793+00:00,335.34220766701037,667,server,ubuntu,500,psutil,13017882481,26887149837,0,0,1.5,12862.76953125,40.4,,,,,,,,,
20260820_142704_79edcc8b,2026-08-20T18:32:40.064252+00:00,335.8426669750188,668,server,ubuntu,500,psutil,13017882575,26887149903,94,66,2.3,12862.89453125,40.4,,,,,,,,,
20260820_142704_79edcc8b,2026-08-20T18:32:40.564708+00:00,336.34312299700105,669,server,ubuntu,500,psutil,13017882575,26887149903,0,0,0.8,12862.89453125,40.4,,,,,,,,,
20260820_142704_79edcc8b,2026-08-20T18:32:41.065185+00:00,336.8435997790075,670,server,ubuntu,500,psutil,13017882669,26887150647,94,744,1.3,12861.46875,40.4,,,,,,,,,
20260820_142704_79edcc8b,2026-08-20T18:32:41.565651+00:00,337.34406587301055,671,server,ubuntu,500,psutil,13017882669,26887150647,0,0,1.5,12861.3984375,40.4,,,,,,,,,
20260820_142704_79edcc8b,2026-08-20T18:32:42.066126+00:00,337.8445414000016,672,server,ubuntu,500,psutil,13017882763,26887150713,94,66,1.3,12861.3984375,40.4,,,,,,,,,
20260820_142704_79edcc8b,2026-08-20T18:32:42.566503+00:00,338.34491888800403,673,server,ubuntu,500,psutil,13017882763,26887150713,0,0,1.3,12861.3984375,40.4,,,,,,,,,
20260820_142704_79edcc8b,2026-08-20T18:32:43.066964+00:00,338.84537970801466,674,server,ubuntu,500,psutil,13017882857,26887150779,94,66,1.5,12861.3984375,40.4,,,,,,,,,
20260820_142704_79edcc8b,2026-08-20T18:32:43.567426+00:00,339.34584117800114,675,server,ubuntu,500,psutil,13017883491,26887150779,634,0,1.3,12861.3984375,40.4,,,,,,,,,
20260820_142704_79edcc8b,2026-08-20T18:32:44.067995+00:00,339.8464107750042,676,server,ubuntu,500,psutil,13017883585,26887150845,94,66,1.0,12861.3984375,40.4,,,,,,,,,
20260820_142704_79edcc8b,2026-08-20T18:32:44.568672+00:00,340.34708760801004,677,server,ubuntu,500,psutil,13017883679,26887150950,94,105,1.3,12861.45703125,40.4,,,,,,,,,
20260820_142704_79edcc8b,2026-08-20T18:32:45.069237+00:00,340.8476516609953,678,server,ubuntu,500,psutil,13017883773,26887151016,94,66,1.7,12861.45703125,40.4,,,,,,,,,
20260820_142704_79edcc8b,2026-08-20T18:32:45.569970+00:00,341.3483852960053,679,server,ubuntu,500,psutil,13017883773,26887151016,0,0,1.5,12861.45703125,40.4,,,,,,,,,
20260820_142704_79edcc8b,2026-08-20T18:32:46.070681+00:00,341.8490956960013,680,server,ubuntu,500,psutil,13017888632,26887153878,4859,2862,2.5,12861.45703125,40.4,,,,,,,,,
20260820_142704_79edcc8b,2026-08-20T18:32:46.571163+00:00,342.34957842199947,681,server,ubuntu,500,psutil,13017892316,26887158845,3684,4967,2.3,12861.93359375,40.4,,,,,,,,,
20260820_142704_79edcc8b,2026-08-20T18:32:47.071654+00:00,342.8500690720102,682,server,ubuntu,500,psutil,13017892509,26887158911,193,66,1.0,12861.88671875,40.4,,,,,,,,,
20260820_142704_79edcc8b,2026-08-20T18:32:47.572135+00:00,343.35055022500455,683,server,ubuntu,500,psutil,13017911753,26887160779,19244,1868,1.0,12861.1953125,40.4,,,,,,,,,
20260820_142704_79edcc8b,2026-08-20T18:32:48.072877+00:00,343.8512918460183,684,server,ubuntu,500,psutil,13017911847,26887160845,94,66,1.7,12861.1953125,40.4,,,,,,,,,
20260820_142704_79edcc8b,2026-08-20T18:32:48.573616+00:00,344.3520314240013,685,server,ubuntu,500,psutil,13017911941,26887160950,94,105,1.3,12860.92578125,40.4,,,,,,,,,
20260820_142704_79edcc8b,2026-08-20T18:32:49.074181+00:00,344.8525960550178,686,server,ubuntu,500,psutil,13017912157,26887161172,216,222,1.8,12860.92578125,40.4,,,,,,,,,
20260820_142704_79edcc8b,2026-08-20T18:32:49.574611+00:00,345.35302670201054,687,server,ubuntu,500,psutil,13017912157,26887161172,0,0,1.3,12860.84375,40.3,,,,,,,,,
20260820_142704_79edcc8b,2026-08-20T18:32:50.074995+00:00,345.8534100269899,688,server,ubuntu,500,psutil,13017912251,26887161238,94,66,1.0,12860.84375,40.3,,,,,,,,,
20260820_142704_79edcc8b,2026-08-20T18:32:50.575751+00:00,346.3541666879901,689,server,ubuntu,500,psutil,13017912439,26887161304,188,66,12.6,12940.82421875,40.6,,,,,,,,,
20260820_142704_79edcc8b,2026-08-20T18:32:51.076499+00:00,346.8549146100122,690,server,ubuntu,500,psutil,13017912533,26887161370,94,66,1.5,12940.82421875,40.6,,,,,,,,,
20260820_142704_79edcc8b,2026-08-20T18:32:51.577243+00:00,347.3556579470169,691,server,ubuntu,500,psutil,13017912805,26887161622,272,252,1.0,12934.5546875,40.6,,,,,,,,,
20260820_142704_79edcc8b,2026-08-20T18:32:52.077641+00:00,347.8560558340105,692,server,ubuntu,500,psutil,13017912899,26887161688,94,66,1.5,12926.6796875,40.6,,,,,,,,,
20260820_142704_79edcc8b,2026-08-20T18:32:52.578040+00:00,348.3564552710159,693,server,ubuntu,500,psutil,13017912969,26887161730,70,42,2.3,12926.6796875,40.6,,,,,,,,,
20260820_142704_79edcc8b,2026-08-20T18:32:53.078398+00:00,348.85681316500995,694,server,ubuntu,500,psutil,13017913063,26887161796,94,66,1.5,12926.6796875,40.6,,,,,,,,,
20260820_142704_79edcc8b,2026-08-20T18:32:53.578750+00:00,349.3571648680081,695,server,ubuntu,500,psutil,13017914221,26887162934,1158,1138,1.5,12919.0546875,40.5,,,,,,,,,
20260820_142704_79edcc8b,2026-08-20T18:32:54.079201+00:00,349.8576161820092,696,server,ubuntu,500,psutil,13017914444,26887163066,223,132,1.5,12921.60546875,40.5,,,,,,,,,
20260820_142704_79edcc8b,2026-08-20T18:32:54.579670+00:00,350.3580848170095,697,server,ubuntu,500,psutil,13017914444,26887163066,0,0,1.0,12913.8828125,40.5,,,,,,,,,
20260820_142704_79edcc8b,2026-08-20T18:32:55.080150+00:00,350.8585658480006,698,server,ubuntu,500,psutil,13017914538,26887163132,94,66,1.3,12906.2265625,40.5,,,,,,,,,
20260820_142704_79edcc8b,2026-08-20T18:32:55.580497+00:00,351.358912235999,699,server,ubuntu,500,psutil,13017914538,26887163132,0,0,1.5,12906.2265625,40.5,,,,,,,,,
20260820_142704_79edcc8b,2026-08-20T18:32:56.081054+00:00,351.8594695549982,700,server,ubuntu,500,psutil,13017914632,26887163198,94,66,1.3,12906.2265625,40.5,,,,,,,,,
20260820_142704_79edcc8b,2026-08-20T18:32:56.581426+00:00,352.35984102400835,701,server,ubuntu,500,psutil,13017915420,26887163907,788,709,1.3,12899.5234375,40.5,,,,,,,,,
20260820_142704_79edcc8b,2026-08-20T18:32:57.081877+00:00,352.86029211900313,702,server,ubuntu,500,psutil,13017915628,26887164051,208,144,1.8,12893.66015625,40.5,,,,,,,,,
20260820_142704_79edcc8b,2026-08-20T18:32:57.582302+00:00,353.3607178819948,703,server,ubuntu,500,psutil,13017915848,26887164145,220,94,2.0,12894.3984375,40.5,,,,,,,,,
20260820_142704_79edcc8b,2026-08-20T18:32:58.082743+00:00,353.86115838901605,704,server,ubuntu,500,psutil,13017916106,26887164358,258,213,1.5,12889.26171875,40.4,,,,,,,,,
20260820_142704_79edcc8b,2026-08-20T18:32:58.583092+00:00,354.3615066400089,705,server,ubuntu,500,psutil,13017917565,26887165230,1459,872,1.8,12889.25390625,40.4,,,,,,,,,
20260820_142704_79edcc8b,2026-08-20T18:32:59.083585+00:00,354.86200050101615,706,server,ubuntu,500,psutil,13017917774,26887165377,209,147,1.3,12889.25390625,40.4,,,,,,,,,
20260820_142704_79edcc8b,2026-08-20T18:32:59.584049+00:00,355.36246463199495,707,server,ubuntu,500,psutil,13017917889,26887166415,115,1038,1.7,12880.8125,40.4,,,,,,,,,
20260820_142704_79edcc8b,2026-08-20T18:33:00.084511+00:00,355.8629266200005,708,server,ubuntu,500,psutil,13017917983,26887166481,94,66,1.8,12880.56640625,40.4,,,,,,,,,
20260820_142704_79edcc8b,2026-08-20T18:33:00.584890+00:00,356.3633053470112,709,server,ubuntu,500,psutil,13017918077,26887166586,94,105,1.3,12880.56640625,40.4,,,,,,,,,
20260820_142704_79edcc8b,2026-08-20T18:33:01.085353+00:00,356.86376792099327,710,server,ubuntu,500,psutil,13017918171,26887166652,94,66,2.0,12877.12890625,40.4,,,,,,,,,
20260820_142704_79edcc8b,2026-08-20T18:33:01.585712+00:00,357.36412706199917,711,server,ubuntu,500,psutil,13017918171,26887166652,0,0,1.0,12877.12890625,40.4,,,,,,,,,
20260820_142704_79edcc8b,2026-08-20T18:33:02.086198+00:00,357.8646125420055,712,server,ubuntu,500,psutil,13017918171,26887166652,0,0,1.5,12877.12890625,40.4,,,,,,,,,
20260820_142704_79edcc8b,2026-08-20T18:33:02.586611+00:00,358.3650261879957,713,server,ubuntu,500,psutil,13017918265,26887166718,94,66,1.3,12868.51953125,40.4,,,,,,,,,
20260820_142704_79edcc8b,2026-08-20T18:33:03.087089+00:00,358.8655044400075,714,server,ubuntu,500,psutil,13017918265,26887166718,0,0,1.5,12868.51953125,40.4,,,,,,,,,
20260820_142704_79edcc8b,2026-08-20T18:33:03.587507+00:00,359.3659092070011,715,server,ubuntu,500,psutil,13017918359,26887166784,94,66,1.3,12868.51953125,40.4,,,,,,,,,
20260820_142704_79edcc8b,2026-08-20T18:33:04.087861+00:00,359.866276671004,716,server,ubuntu,500,psutil,13017918359,26887166784,0,0,0.8,12868.51953125,40.4,,,,,,,,,
20260820_142704_79edcc8b,2026-08-20T18:33:04.588340+00:00,360.36675574901165,717,server,ubuntu,500,psutil,13017918453,26887166850,94,66,1.5,12868.51953125,40.4,,,,,,,,,
20260820_142704_79edcc8b,2026-08-20T18:33:05.088717+00:00,360.8671319290006,718,server,ubuntu,500,psutil,13017918453,26887166850,0,0,1.8,12854.47265625,40.3,,,,,,,,,
20260820_142704_79edcc8b,2026-08-20T18:33:05.589205+00:00,361.3676201420021,719,server,ubuntu,500,psutil,13017918547,26887166916,94,66,1.5,12854.2265625,40.3,,,,,,,,,
20260820_142704_79edcc8b,2026-08-20T18:33:06.089948+00:00,361.8683628519939,720,server,ubuntu,500,psutil,13017918547,26887166916,0,0,1.0,12854.2265625,40.3,,,,,,,,,
20260820_142704_79edcc8b,2026-08-20T18:33:06.590430+00:00,362.3688450710033,721,server,ubuntu,500,psutil,13017921928,26887169068,3381,2152,1.7,12852.8671875,40.3,,,,,,,,,
20260820_142704_79edcc8b,2026-08-20T18:33:07.090867+00:00,362.8692824720056,722,server,ubuntu,500,psutil,13017922116,26887169200,188,132,1.0,12851.44140625,40.3,,,,,,,,,
20260820_142704_79edcc8b,2026-08-20T18:33:07.591505+00:00,363.3699208229955,723,server,ubuntu,500,psutil,13017922430,26887169360,314,160,1.7,12851.38671875,40.3,,,,,,,,,
20260820_142704_79edcc8b,2026-08-20T18:33:08.091871+00:00,363.8702859710029,724,server,ubuntu,500,psutil,13017922430,26887169360,0,0,1.3,12851.171875,40.3,,,,,,,,,
20260820_142704_79edcc8b,2026-08-20T18:33:08.592350+00:00,364.37076544601587,725,server,ubuntu,500,psutil,13017922853,26887169663,423,303,1.5,12851.41796875,40.3,,,,,,,,,
20260820_142704_79edcc8b,2026-08-20T18:33:09.093135+00:00,364.8715497000085,726,server,ubuntu,500,psutil,13017923476,26887170276,623,613,1.5,12849.78125,40.3,,,,,,,,,
20260820_142704_79edcc8b,2026-08-20T18:33:09.593609+00:00,365.3720247640158,727,server,ubuntu,500,psutil,13017923570,26887170342,94,66,1.3,12849.76953125,40.3,,,,,,,,,
20260820_142704_79edcc8b,2026-08-20T18:33:10.094214+00:00,365.87262873901636,728,server,ubuntu,500,psutil,13017923570,26887170342,0,0,1.3,12849.76953125,40.3,,,,,,,,,
20260820_142704_79edcc8b,2026-08-20T18:33:10.594617+00:00,366.3730316630099,729,server,ubuntu,500,psutil,13017923852,26887171152,282,810,1.5,12850.23828125,40.3,,,,,,,,,
20260820_142704_79edcc8b,2026-08-20T18:33:11.095153+00:00,366.87356818901026,730,server,ubuntu,500,psutil,13017923946,26887171257,94,105,1.5,12850.23828125,40.3,,,,,,,,,
20260820_142704_79edcc8b,2026-08-20T18:33:11.595533+00:00,367.3739486070117,731,server,ubuntu,500,psutil,13017924040,26887171323,94,66,6.5,12850.23828125,40.3,,,,,,,,,
20260820_142704_79edcc8b,2026-08-20T18:33:12.095988+00:00,367.8744033279945,732,server,ubuntu,500,psutil,13017924040,26887171323,0,0,1.0,12850.47265625,40.3,,,,,,,,,
20260820_142704_79edcc8b,2026-08-20T18:33:12.596447+00:00,368.37486184900627,733,server,ubuntu,500,psutil,13017924134,26887171389,94,66,1.5,12850.47265625,40.3,,,,,,,,,
20260820_142704_79edcc8b,2026-08-20T18:33:13.096945+00:00,368.8753601149947,734,server,ubuntu,500,psutil,13017924249,26887171470,115,81,1.3,12850.47265625,40.3,,,,,,,,,
20260820_142704_79edcc8b,2026-08-20T18:33:13.597403+00:00,369.37581851301366,735,server,ubuntu,500,psutil,13017924977,26887171536,728,66,1.5,12850.47265625,40.3,,,,,,,,,
20260820_142704_79edcc8b,2026-08-20T18:33:14.097784+00:00,369.8761994950182,736,server,ubuntu,500,psutil,13017925071,26887171641,94,105,1.8,12850.47265625,40.3,,,,,,,,,
20260820_142704_79edcc8b,2026-08-20T18:33:14.598249+00:00,370.3766643080162,737,server,ubuntu,500,psutil,13017925259,26887171773,188,132,1.5,12850.47265625,40.3,,,,,,,,,
20260820_142704_79edcc8b,2026-08-20T18:33:15.098617+00:00,370.87703216201044,738,server,ubuntu,500,psutil,13017931030,26887172398,5771,625,1.8,12851.2109375,40.3,,,,,,,,,
20260820_142704_79edcc8b,2026-08-20T18:33:15.599189+00:00,371.37760399401304,739,server,ubuntu,500,psutil,13017931124,26887172464,94,66,1.8,12851.234375,40.3,,,,,,,,,
20260820_142704_79edcc8b,2026-08-20T18:33:16.099615+00:00,371.8780302880041,740,server,ubuntu,500,psutil,13017936221,26887175444,5097,2980,2.5,12850.98046875,40.3,,,,,,,,,
20260820_142704_79edcc8b,2026-08-20T18:33:16.600076+00:00,372.3784912060073,741,server,ubuntu,500,psutil,13017936409,26887175510,188,66,1.8,12850.9375,40.3,,,,,,,,,
20260820_142704_79edcc8b,2026-08-20T18:33:17.100544+00:00,372.87895940899034,742,server,ubuntu,500,psutil,13017936409,26887175510,0,0,1.5,12850.92578125,40.3,,,,,,,,,
20260820_142704_79edcc8b,2026-08-20T18:33:17.601014+00:00,373.37942914801533,743,server,ubuntu,500,psutil,13017936943,26887175764,534,254,1.5,12850.92578125,40.3,,,,,,,,,
20260820_142704_79edcc8b,2026-08-20T18:33:18.101491+00:00,373.879906503018,744,server,ubuntu,500,psutil,13017936943,26887175764,0,0,1.3,12850.734375,40.3,,,,,,,,,
20260820_142704_79edcc8b,2026-08-20T18:33:18.601965+00:00,374.3803809050005,745,server,ubuntu,500,psutil,13017937037,26887175830,94,66,1.7,12850.734375,40.3,,,,,,,,,
20260820_142704_79edcc8b,2026-08-20T18:33:19.102456+00:00,374.88087168399943,746,server,ubuntu,500,psutil,13017938590,26887176768,1553,938,1.8,12850.734375,40.3,,,,,,,,,
20260820_142704_79edcc8b,2026-08-20T18:33:19.602938+00:00,375.38135337800486,747,server,ubuntu,500,psutil,13017938684,26887176834,94,66,1.3,12850.734375,40.3,,,,,,,,,
20260820_142704_79edcc8b,2026-08-20T18:33:20.103419+00:00,375.88183377101086,748,server,ubuntu,500,psutil,13017938684,26887176834,0,0,1.3,12850.73046875,40.3,,,,,,,,,
20260820_142704_79edcc8b,2026-08-20T18:33:20.603784+00:00,376.382199271,749,server,ubuntu,500,psutil,13017938778,26887176900,94,66,1.3,12850.73046875,40.3,,,,,,,,,
20260820_142704_79edcc8b,2026-08-20T18:33:21.104266+00:00,376.8826812909974,750,server,ubuntu,500,psutil,13017938778,26887176900,0,0,1.0,12850.73046875,40.3,,,,,,,,,
20260820_142704_79edcc8b,2026-08-20T18:33:21.604729+00:00,377.38314407799044,751,server,ubuntu,500,psutil,13017938872,26887176966,94,66,1.5,12850.48046875,40.3,,,,,,,,,
20260820_142704_79edcc8b,2026-08-20T18:33:22.105204+00:00,377.8836194710166,752,server,ubuntu,500,psutil,13017938966,26887177032,94,66,1.5,12850.48046875,40.3,,,,,,,,,
20260820_142704_79edcc8b,2026-08-20T18:33:22.605725+00:00,378.38414006700623,753,server,ubuntu,500,psutil,13017939154,26887177164,188,132,1.5,12850.48046875,40.3,,,,,,,,,
20260820_142704_79edcc8b,2026-08-20T18:33:23.106208+00:00,378.8846230880008,754,server,ubuntu,500,psutil,13017939154,26887177164,0,0,1.7,12850.48046875,40.3,,,,,,,,,
20260820_142704_79edcc8b,2026-08-20T18:33:23.606845+00:00,379.3852605000138,755,server,ubuntu,500,psutil,13017939248,26887177164,94,0,1.8,12850.48046875,40.3,,,,,,,,,
20260820_142704_79edcc8b,2026-08-20T18:33:24.107561+00:00,379.8859764810186,756,server,ubuntu,500,psutil,13017940060,26887177924,812,760,1.3,12852.19140625,40.3,,,,,,,,,
20260820_142704_79edcc8b,2026-08-20T18:33:24.608289+00:00,380.38670403699507,757,server,ubuntu,500,psutil,13017940154,26887178029,94,105,1.3,12852.44140625,40.3,,,,,,,,,
20260820_142704_79edcc8b,2026-08-20T18:33:25.109037+00:00,380.88745201699203,758,server,ubuntu,500,psutil,13017940248,26887178095,94,66,1.3,12852.6875,40.3,,,,,,,,,
20260820_142704_79edcc8b,2026-08-20T18:33:25.609778+00:00,381.38819285901263,759,server,ubuntu,500,psutil,13017940248,26887178095,0,0,1.7,12852.6875,40.3,,,,,,,,,
20260820_142704_79edcc8b,2026-08-20T18:33:26.110520+00:00,381.8889350340178,760,server,ubuntu,500,psutil,13017940342,26887178161,94,66,1.5,12852.6875,40.3,,,,,,,,,
20260820_142704_79edcc8b,2026-08-20T18:33:26.610888+00:00,382.3893027990125,761,server,ubuntu,500,psutil,13017943910,26887183024,3568,4863,1.5,12852.90234375,40.3,,,,,,,,,
20260820_142704_79edcc8b,2026-08-20T18:33:27.111285+00:00,382.889700388012,762,server,ubuntu,500,psutil,13017944004,26887183090,94,66,1.7,12852.76953125,40.3,,,,,,,,,
20260820_142704_79edcc8b,2026-08-20T18:33:27.611701+00:00,383.3901160900132,763,server,ubuntu,500,psutil,13017944224,26887183184,220,94,1.0,12852.51171875,40.3,,,,,,,,,
20260820_142704_79edcc8b,2026-08-20T18:33:28.112291+00:00,383.8907060319907,764,server,ubuntu,500,psutil,13017944318,26887183250,94,66,2.0,12852.515625,40.3,,,,,,,,,
20260820_142704_79edcc8b,2026-08-20T18:33:28.612813+00:00,384.39122844900703,765,server,ubuntu,500,psutil,13017944534,26887183511,216,261,1.5,12852.515625,40.3,,,,,,,,,
20260820_142704_79edcc8b,2026-08-20T18:33:29.113253+00:00,384.89166354501504,766,server,ubuntu,500,psutil,13017944628,26887183577,94,66,1.8,12852.515625,40.3,,,,,,,,,
20260820_142704_79edcc8b,2026-08-20T18:33:29.613671+00:00,385.392086353997,767,server,ubuntu,500,psutil,13017944628,26887183577,0,0,1.3,12852.515625,40.3,,,,,,,,,
20260820_142704_79edcc8b,2026-08-20T18:33:30.114131+00:00,385.8925460939936,768,server,ubuntu,500,psutil,13017944722,26887183643,94,66,1.3,12852.26171875,40.3,,,,,,,,,
20260820_142704_79edcc8b,2026-08-20T18:33:30.614626+00:00,386.39304139101296,769,server,ubuntu,500,psutil,13017944910,26887183709,188,66,1.5,12852.015625,40.3,,,,,,,,,
20260820_142704_79edcc8b,2026-08-20T18:33:31.115116+00:00,386.893531180016,770,server,ubuntu,500,psutil,13017945004,26887183775,94,66,1.5,12850.30078125,40.3,,,,,,,,,
20260820_142704_79edcc8b,2026-08-20T18:33:31.615502+00:00,387.39391723499284,771,server,ubuntu,500,psutil,13017945004,26887183775,0,0,1.5,12850.03125,40.3,,,,,,,,,
20260820_142704_79edcc8b,2026-08-20T18:33:32.115967+00:00,387.8943819380074,772,server,ubuntu,500,psutil,13017945098,26887183841,94,66,1.3,12850.03125,40.3,,,,,,,,,
20260820_142704_79edcc8b,2026-08-20T18:33:32.616430+00:00,388.39484502898995,773,server,ubuntu,500,psutil,13017945192,26887183907,94,66,1.3,12850.03125,40.3,,,,,,,,,
20260820_142704_79edcc8b,2026-08-20T18:33:33.116942+00:00,388.89535733201774,774,server,ubuntu,500,psutil,13017945286,26887183973,94,66,1.0,12850.02734375,40.3,,,,,,,,,
20260820_142704_79edcc8b,2026-08-20T18:33:33.617407+00:00,389.3958223439986,775,server,ubuntu,500,psutil,13017945286,26887183973,0,0,1.7,12850.02734375,40.3,,,,,,,,,
20260820_142704_79edcc8b,2026-08-20T18:33:34.117794+00:00,389.89620873800595,776,server,ubuntu,500,psutil,13017945380,26887184039,94,66,1.3,12850.2734375,40.3,,,,,,,,,
20260820_142704_79edcc8b,2026-08-20T18:33:34.618275+00:00,390.3966899870138,777,server,ubuntu,500,psutil,13017945380,26887184039,0,0,1.5,12850.2734375,40.3,,,,,,,,,
20260820_142704_79edcc8b,2026-08-20T18:33:35.118612+00:00,390.89702685401426,778,server,ubuntu,500,psutil,13017945474,26887184105,94,66,1.8,12850.2734375,40.3,,,,,,,,,
20260820_142704_79edcc8b,2026-08-20T18:33:35.619090+00:00,391.397505335015,779,server,ubuntu,500,psutil,13017945474,26887184105,0,0,2.0,12850.26953125,40.3,,,,,,,,,
20260820_142704_79edcc8b,2026-08-20T18:33:36.119571+00:00,391.89798591300496,780,server,ubuntu,500,psutil,13017945568,26887184171,94,66,1.5,12850.26953125,40.3,,,,,,,,,
20260820_142704_79edcc8b,2026-08-20T18:33:36.620049+00:00,392.39846440800466,781,server,ubuntu,500,psutil,13017945682,26887184287,114,116,1.3,12850.26953125,40.3,,,,,,,,,
20260820_142704_79edcc8b,2026-08-20T18:33:37.120535+00:00,392.89894969799207,782,server,ubuntu,500,psutil,13017945870,26887184419,188,132,1.0,12850.26953125,40.3,,,,,,,,,
20260820_142704_79edcc8b,2026-08-20T18:33:37.620895+00:00,393.39931026499835,783,server,ubuntu,500,psutil,13017946184,26887184513,314,94,1.3,12850.26953125,40.3,,,,,,,,,
20260820_142704_79edcc8b,2026-08-20T18:33:38.121377+00:00,393.8997926150041,784,server,ubuntu,500,psutil,13017946372,26887184750,188,237,1.7,12850.26953125,40.3,,,,,,,,,
20260820_142704_79edcc8b,2026-08-20T18:33:38.621723+00:00,394.4001385169977,785,server,ubuntu,500,psutil,13017946372,26887184750,0,0,1.0,12850.26953125,40.3,,,,,,,,,
20260820_142704_79edcc8b,2026-08-20T18:33:39.122207+00:00,394.9006228139915,786,server,ubuntu,500,psutil,13017946889,26887185053,517,303,1.3,12850.2734375,40.3,,,,,,,,,
20260820_142704_79edcc8b,2026-08-20T18:33:39.622974+00:00,395.40138854799443,787,server,ubuntu,500,psutil,13017947393,26887185591,504,538,1.5,12850.04296875,40.3,,,,,,,,,
20260820_142704_79edcc8b,2026-08-20T18:33:40.123453+00:00,395.90186817900394,788,server,ubuntu,500,psutil,13017947487,26887185657,94,66,1.3,12850.05078125,40.3,,,,,,,,,
20260820_142704_79edcc8b,2026-08-20T18:33:40.623818+00:00,396.40223389299354,789,server,ubuntu,500,psutil,13017948950,26887187207,1463,1550,1.3,12850.04296875,40.3,,,,,,,,,
20260820_142704_79edcc8b,2026-08-20T18:33:41.124302+00:00,396.90271742499317,790,server,ubuntu,500,psutil,13017949044,26887187273,94,66,1.5,12850.2734375,40.3,,,,,,,,,
20260820_142704_79edcc8b,2026-08-20T18:33:41.625066+00:00,397.403480967012,791,server,ubuntu,500,psutil,13017949150,26887187359,106,86,1.5,12850.2734375,40.3,,,,,,,,,
20260820_142704_79edcc8b,2026-08-20T18:33:42.125816+00:00,397.9042310990044,792,server,ubuntu,500,psutil,13017949358,26887187503,208,144,1.3,12850.51953125,40.3,,,,,,,,,
20260820_142704_79edcc8b,2026-08-20T18:33:42.626304+00:00,398.404719675018,793,server,ubuntu,500,psutil,13017949358,26887187503,0,0,1.0,12850.51953125,40.3,,,,,,,,,
20260820_142704_79edcc8b,2026-08-20T18:33:43.126731+00:00,398.9051468160178,794,server,ubuntu,500,psutil,13017949522,26887187611,164,108,1.0,12850.51953125,40.3,,,,,,,,,
20260820_142704_79edcc8b,2026-08-20T18:33:43.627422+00:00,399.40583676999086,795,server,ubuntu,500,psutil,13017950250,26887187716,728,105,1.5,12850.51953125,40.3,,,,,,,,,
20260820_142704_79edcc8b,2026-08-20T18:33:44.127856+00:00,399.9062706750119,796,server,ubuntu,500,psutil,13017950344,26887187782,94,66,1.3,12850.515625,40.3,,,,,,,,,
20260820_142704_79edcc8b,2026-08-20T18:33:44.628392+00:00,400.4068070370122,797,server,ubuntu,500,psutil,13017950560,26887187938,216,156,1.5,12850.515625,40.3,,,,,,,,,
20260820_142704_79edcc8b,2026-08-20T18:33:45.128866+00:00,400.90728106201277,798,server,ubuntu,500,psutil,13017950654,26887188004,94,66,1.3,12850.515625,40.3,,,,,,,,,
20260820_142704_79edcc8b,2026-08-20T18:33:45.629331+00:00,401.40774645499187,799,server,ubuntu,500,psutil,13017950654,26887188004,0,0,1.8,12850.515625,40.3,,,,,,,,,
20260820_142704_79edcc8b,2026-08-20T18:33:46.129716+00:00,401.90813066100236,800,server,ubuntu,500,psutil,13017950654,26887188004,0,0,1.5,12850.515625,40.3,,,,,,,,,
20260820_142704_79edcc8b,2026-08-20T18:33:46.630178+00:00,402.408593930013,801,server,ubuntu,500,psutil,13017954201,26887192852,3547,4848,1.0,12850.734375,40.3,,,,,,,,,
20260820_142704_79edcc8b,2026-08-20T18:33:47.130610+00:00,402.90902535099303,802,server,ubuntu,500,psutil,13017954201,26887192852,0,0,2.0,12850.72265625,40.3,,,,,,,,,
20260820_142704_79edcc8b,2026-08-20T18:33:47.631107+00:00,403.40952209199895,803,server,ubuntu,500,psutil,13017954993,26887193433,792,581,1.3,12850.72265625,40.3,,,,,,,,,
20260820_142704_79edcc8b,2026-08-20T18:33:48.131611+00:00,403.91002646501875,804,server,ubuntu,500,psutil,13017954993,26887193433,0,0,1.3,12850.73828125,40.3,,,,,,,,,
20260820_142704_79edcc8b,2026-08-20T18:33:48.632022+00:00,404.41043718901346,805,server,ubuntu,500,psutil,13017955209,26887193655,216,222,1.0,12850.734375,40.3,,,,,,,,,
20260820_142704_79edcc8b,2026-08-20T18:33:49.132489+00:00,404.91090456800885,806,server,ubuntu,500,psutil,13017955209,26887193655,0,0,2.0,12850.734375,40.3,,,,,,,,,
20260820_142704_79edcc8b,2026-08-20T18:33:49.632949+00:00,405.41136448900215,807,server,ubuntu,500,psutil,13017955303,26887193721,94,66,1.3,12850.734375,40.3,,,,,,,,,
20260820_142704_79edcc8b,2026-08-20T18:33:50.133415+00:00,405.9118303669966,808,server,ubuntu,500,psutil,13017955303,26887193721,0,0,1.7,12850.734375,40.3,,,,,,,,,
20260820_142704_79edcc8b,2026-08-20T18:33:50.633917+00:00,406.41233278499567,809,server,ubuntu,500,psutil,13017955585,26887193853,282,132,1.3,12850.7265625,40.3,,,,,,,,,
20260820_142704_79edcc8b,2026-08-20T18:33:51.134396+00:00,406.91281127600814,810,server,ubuntu,500,psutil,13017955679,26887193958,94,105,1.5,12850.94921875,40.3,,,,,,,,,
20260820_142704_79edcc8b,2026-08-20T18:33:51.634797+00:00,407.4132123129966,811,server,ubuntu,500,psutil,13017955901,26887194190,222,232,1.5,12850.94921875,40.3,,,,,,,,,
20260820_142704_79edcc8b,2026-08-20T18:33:52.135333+00:00,407.91374815101153,812,server,ubuntu,500,psutil,13017955901,26887194190,0,0,1.5,12850.94921875,40.3,,,,,,,,,
20260820_142704_79edcc8b,2026-08-20T18:33:52.635703+00:00,408.4141187510104,813,server,ubuntu,500,psutil,13017955995,26887194256,94,66,2.0,12850.94921875,40.3,,,,,,,,,
20260820_142704_79edcc8b,2026-08-20T18:33:53.136188+00:00,408.9146033980069,814,server,ubuntu,500,psutil,13017955995,26887194256,0,0,1.5,12850.94921875,40.3,,,,,,,,,
20260820_142704_79edcc8b,2026-08-20T18:33:53.636612+00:00,409.4150270750106,815,server,ubuntu,500,psutil,13017956204,26887194403,209,147,1.3,12850.94921875,40.3,,,,,,,,,
20260820_142704_79edcc8b,2026-08-20T18:33:54.137094+00:00,409.9155090560089,816,server,ubuntu,500,psutil,13017956204,26887194403,0,0,1.3,12850.94921875,40.3,,,,,,,,,
20260820_142704_79edcc8b,2026-08-20T18:33:54.637580+00:00,410.4159946470172,817,server,ubuntu,500,psutil,13017957534,26887195557,1330,1154,1.3,12851.64453125,40.3,,,,,,,,,
20260820_142704_79edcc8b,2026-08-20T18:33:55.138304+00:00,410.9167196220078,818,server,ubuntu,500,psutil,13017957534,26887195557,0,0,1.5,12851.921875,40.3,,,,,,,,,
20260820_142704_79edcc8b,2026-08-20T18:33:55.638684+00:00,411.4170989000122,819,server,ubuntu,500,psutil,13017957628,26887195623,94,66,1.8,12851.921875,40.3,,,,,,,,,
20260820_142704_79edcc8b,2026-08-20T18:33:56.139161+00:00,411.9175765560067,820,server,ubuntu,500,psutil,13017957628,26887195623,0,0,1.8,12851.921875,40.3,,,,,,,,,
20260820_142704_79edcc8b,2026-08-20T18:33:56.639611+00:00,412.4180260330031,821,server,ubuntu,500,psutil,13017957816,26887195794,188,171,1.3,12851.921875,40.3,,,,,,,,,
20260820_142704_79edcc8b,2026-08-20T18:33:57.139996+00:00,412.9184113999945,822,server,ubuntu,500,psutil,13017957816,26887195794,0,0,1.3,12851.921875,40.3,,,,,,,,,
20260820_142704_79edcc8b,2026-08-20T18:33:57.640482+00:00,413.41889744999935,823,server,ubuntu,500,psutil,13017958130,26887195954,314,160,2.5,12851.921875,40.3,,,,,,,,,
20260820_142704_79edcc8b,2026-08-20T18:33:58.140841+00:00,413.91925659400295,824,server,ubuntu,500,psutil,13017958130,26887195954,0,0,1.5,12851.9765625,40.3,,,,,,,,,
20260820_142704_79edcc8b,2026-08-20T18:33:58.641327+00:00,414.4197422740108,825,server,ubuntu,500,psutil,13017958224,26887196020,94,66,1.3,12851.9765625,40.3,,,,,,,,,
20260820_142704_79edcc8b,2026-08-20T18:33:59.141686+00:00,414.9201005299983,826,server,ubuntu,500,psutil,13017958224,26887196020,0,0,1.8,12851.9765625,40.3,,,,,,,,,
20260820_142704_79edcc8b,2026-08-20T18:33:59.642440+00:00,415.4208547330054,827,server,ubuntu,500,psutil,13017958318,26887196086,94,66,1.3,12851.9765625,40.3,,,,,,,,,
20260820_142704_79edcc8b,2026-08-20T18:34:00.143136+00:00,415.92155099500087,828,server,ubuntu,500,psutil,13017958318,26887196086,0,0,1.7,12851.9140625,40.3,,,,,,,,,
20260820_142704_79edcc8b,2026-08-20T18:34:00.643850+00:00,416.4222654100158,829,server,ubuntu,500,psutil,13017958412,26887196152,94,66,1.3,12851.9140625,40.3,,,,,,,,,
20260820_142704_79edcc8b,2026-08-20T18:34:01.144247+00:00,416.92266201099847,830,server,ubuntu,500,psutil,13017958838,26887196336,426,184,1.7,12851.890625,40.3,,,,,,,,,
20260820_142704_79edcc8b,2026-08-20T18:34:01.644652+00:00,417.42306757599,831,server,ubuntu,500,psutil,13017961599,26887198600,2761,2264,1.8,12851.890625,40.3,,,,,,,,,
20260820_142704_79edcc8b,2026-08-20T18:34:02.145071+00:00,417.92348538700026,832,server,ubuntu,500,psutil,13017961599,26887198600,0,0,1.0,12852.13671875,40.3,,,,,,,,,
20260820_142704_79edcc8b,2026-08-20T18:34:02.645479+00:00,418.42389390201424,833,server,ubuntu,500,psutil,13017961693,26887198666,94,66,2.0,12851.8515625,40.3,,,,,,,,,
20260820_142704_79edcc8b,2026-08-20T18:34:03.145956+00:00,418.92437078399234,834,server,ubuntu,500,psutil,13017961787,26887198771,94,105,1.5,12851.79296875,40.3,,,,,,,,,
20260820_142704_79edcc8b,2026-08-20T18:34:03.646427+00:00,419.42484233001596,835,server,ubuntu,500,psutil,13017961881,26887198837,94,66,1.3,12855.79296875,40.3,,,,,,,,,
20260820_142704_79edcc8b,2026-08-20T18:34:04.146922+00:00,419.92533733401797,836,server,ubuntu,500,psutil,13017961881,26887198837,0,0,1.3,12855.79296875,40.3,,,,,,,,,
20260820_142704_79edcc8b,2026-08-20T18:34:04.647389+00:00,420.42580401099985,837,server,ubuntu,500,psutil,13017961975,26887198903,94,66,1.3,12855.79296875,40.3,,,,,,,,,
20260820_142704_79edcc8b,2026-08-20T18:34:05.147778+00:00,420.9261927799962,838,server,ubuntu,500,psutil,13017961975,26887198903,0,0,1.7,12855.79296875,40.3,,,,,,,,,
20260820_142704_79edcc8b,2026-08-20T18:34:05.648261+00:00,421.4266767750087,839,server,ubuntu,500,psutil,13017962069,26887198969,94,66,1.8,12855.79296875,40.3,,,,,,,,,
20260820_142704_79edcc8b,2026-08-20T18:34:06.148805+00:00,421.9272206890164,840,server,ubuntu,500,psutil,13017962069,26887198969,0,0,1.5,12855.79296875,40.3,,,,,,,,,
20260820_142704_79edcc8b,2026-08-20T18:34:06.649269+00:00,422.42768473300384,841,server,ubuntu,500,psutil,13017965710,26887203882,3641,4913,2.0,12855.79296875,40.3,,,,,,,,,
20260820_142704_79edcc8b,2026-08-20T18:34:07.149697+00:00,422.9281127479917,842,server,ubuntu,500,psutil,13017965804,26887203948,94,66,1.8,12855.79296875,40.3,,,,,,,,,
20260820_142704_79edcc8b,2026-08-20T18:34:07.650159+00:00,423.4285746550013,843,server,ubuntu,500,psutil,13017966233,26887204189,429,241,1.5,12855.79296875,40.3,,,,,,,,,
20260820_142704_79edcc8b,2026-08-20T18:34:08.150657+00:00,423.9290722190053,844,server,ubuntu,500,psutil,13017966233,26887204189,0,0,1.3,12855.79296875,40.3,,,,,,,,,
20260820_142704_79edcc8b,2026-08-20T18:34:08.651125+00:00,424.42954005199135,845,server,ubuntu,500,psutil,13017966355,26887204345,122,156,1.7,12855.79296875,40.3,,,,,,,,,
20260820_142704_79edcc8b,2026-08-20T18:34:09.151630+00:00,424.9300454140175,846,server,ubuntu,500,psutil,13017966449,26887204411,94,66,1.5,12855.79296875,40.3,,,,,,,,,
20260820_142704_79edcc8b,2026-08-20T18:34:09.652086+00:00,425.4305009240052,847,server,ubuntu,500,psutil,13017967261,26887205106,812,695,1.5,12854.3671875,40.3,,,,,,,,,
20260820_142704_79edcc8b,2026-08-20T18:34:10.152563+00:00,425.9309778640163,848,server,ubuntu,500,psutil,13017967355,26887205172,94,66,1.3,12854.15625,40.3,,,,,,,,,
20260820_142704_79edcc8b,2026-08-20T18:34:10.653275+00:00,426.43169010200654,849,server,ubuntu,500,psutil,13017967543,26887205916,188,744,2.0,12854.15234375,40.3,,,,,,,,,
20260820_142704_79edcc8b,2026-08-20T18:34:11.153611+00:00,426.93202601899975,850,server,ubuntu,500,psutil,13017967637,26887205982,94,66,1.3,12854.1328125,40.3,,,,,,,,,
20260820_142704_79edcc8b,2026-08-20T18:34:11.654082+00:00,427.4324974530027,851,server,ubuntu,500,psutil,13017967731,26887206087,94,105,6.8,12854.1328125,40.3,,,,,,,,,
20260820_142704_79edcc8b,2026-08-20T18:34:12.154813+00:00,427.9332287060097,852,server,ubuntu,500,psutil,13017967825,26887206153,94,66,1.7,12854.30078125,40.3,,,,,,,,,
20260820_142704_79edcc8b,2026-08-20T18:34:12.655538+00:00,428.433952863008,853,server,ubuntu,500,psutil,13017967825,26887206153,0,0,1.5,12854.30078125,40.3,,,,,,,,,
20260820_142704_79edcc8b,2026-08-20T18:34:13.156087+00:00,428.93450202501845,854,server,ubuntu,500,psutil,13017967919,26887206219,94,66,2.2,12854.30078125,40.3,,,,,,,,,
20260820_142704_79edcc8b,2026-08-20T18:34:13.656682+00:00,429.43509750501835,855,server,ubuntu,500,psutil,13017968553,26887206219,634,0,1.5,12854.30078125,40.3,,,,,,,,,
20260820_142704_79edcc8b,2026-08-20T18:34:14.157421+00:00,429.9358361370105,856,server,ubuntu,500,psutil,13017968647,26887206285,94,66,1.3,12854.51953125,40.3,,,,,,,,,
20260820_142704_79edcc8b,2026-08-20T18:34:14.658213+00:00,430.4366279320093,857,server,ubuntu,500,psutil,13017968647,26887206285,0,0,2.0,12854.51953125,40.3,,,,,,,,,
20260820_142704_79edcc8b,2026-08-20T18:34:15.158628+00:00,430.93704280699603,858,server,ubuntu,500,psutil,13017968741,26887206351,94,66,1.5,12854.51953125,40.3,,,,,,,,,
20260820_142704_79edcc8b,2026-08-20T18:34:15.659362+00:00,431.4377776379988,859,server,ubuntu,500,psutil,13017968957,26887206507,216,156,1.7,12854.51953125,40.3,,,,,,,,,
20260820_142704_79edcc8b,2026-08-20T18:34:16.160044+00:00,431.938458818011,860,server,ubuntu,500,psutil,13017969239,26887206705,282,198,1.3,12854.51953125,40.3,,,,,,,,,
20260820_142704_79edcc8b,2026-08-20T18:34:16.660446+00:00,432.4388611970062,861,server,ubuntu,500,psutil,13017972808,26887206771,3569,66,1.8,12854.51953125,40.3,,,,,,,,,
20260820_142704_79edcc8b,2026-08-20T18:34:17.160857+00:00,432.93927252900903,862,server,ubuntu,500,psutil,13017973017,26887207218,209,447,1.7,12851.640625,40.3,,,,,,,,,
20260820_142704_79edcc8b,2026-08-20T18:34:17.661268+00:00,433.4396837349923,863,server,ubuntu,500,psutil,13017973457,26887207406,440,188,1.5,12851.640625,40.3,,,,,,,,,
20260820_142704_79edcc8b,2026-08-20T18:34:18.161710+00:00,433.94012599700363,864,server,ubuntu,500,psutil,13017973645,26887207577,188,171,1.7,12851.640625,40.3,,,,,,,,,
20260820_142704_79edcc8b,2026-08-20T18:34:18.662173+00:00,434.44058788300026,865,server,ubuntu,500,psutil,13017973645,26887207577,0,0,1.5,12851.640625,40.3,,,,,,,,,
20260820_142704_79edcc8b,2026-08-20T18:34:19.162642+00:00,434.9410569820029,866,server,ubuntu,500,psutil,13017973739,26887207643,94,66,1.5,12851.640625,40.3,,,,,,,,,
20260820_142704_79edcc8b,2026-08-20T18:34:19.663110+00:00,435.4415256869979,867,server,ubuntu,500,psutil,13017973739,26887207643,0,0,1.0,12851.640625,40.3,,,,,,,,,
20260820_142704_79edcc8b,2026-08-20T18:34:20.163611+00:00,435.9420261910127,868,server,ubuntu,500,psutil,13017973927,26887207775,188,132,1.3,12851.64453125,40.3,,,,,,,,,
20260820_142704_79edcc8b,2026-08-20T18:34:20.664077+00:00,436.4424920619931,869,server,ubuntu,500,psutil,13017973927,26887207775,0,0,1.3,12851.64453125,40.3,,,,,,,,,
20260820_142704_79edcc8b,2026-08-20T18:34:21.164587+00:00,436.94300175100216,870,server,ubuntu,500,psutil,13017978204,26887208253,4277,478,1.8,12851.6328125,40.3,,,,,,,,,
20260820_142704_79edcc8b,2026-08-20T18:34:21.664996+00:00,437.44339395299903,871,server,ubuntu,500,psutil,13018003464,26887219072,25260,10819,1.5,12853.65625,40.3,,,,,,,,,
20260820_142704_79edcc8b,2026-08-20T18:34:22.165498+00:00,437.9439133120177,872,server,ubuntu,500,psutil,13018004169,26887220076,705,1004,1.5,12854.02734375,40.3,,,,,,,,,
20260820_142704_79edcc8b,2026-08-20T18:34:22.665962+00:00,438.4443771530059,873,server,ubuntu,500,psutil,13018004169,26887220142,0,66,1.5,12854.02734375,40.3,,,,,,,,,
20260820_142704_79edcc8b,2026-08-20T18:34:23.166427+00:00,438.94484259199817,874,server,ubuntu,500,psutil,13018004263,26887220208,94,66,1.0,12852.796875,40.3,,,,,,,,,
20260820_142704_79edcc8b,2026-08-20T18:34:23.666932+00:00,439.4453472509922,875,server,ubuntu,500,psutil,13018004263,26887220208,0,0,1.5,12852.796875,40.3,,,,,,,,,
20260820_142704_79edcc8b,2026-08-20T18:34:24.167399+00:00,439.9458146459947,876,server,ubuntu,500,psutil,13018004357,26887220274,94,66,1.5,12852.796875,40.3,,,,,,,,,
20260820_142704_79edcc8b,2026-08-20T18:34:24.668205+00:00,440.44661973201437,877,server,ubuntu,500,psutil,13018004780,26887220511,423,237,1.3,12852.796875,40.3,,,,,,,,,
20260820_142704_79edcc8b,2026-08-20T18:34:25.168634+00:00,440.947049704002,878,server,ubuntu,500,psutil,13018005357,26887221139,577,628,2.5,12854.5234375,40.3,,,,,,,,,
20260820_142704_79edcc8b,2026-08-20T18:34:25.669345+00:00,441.4477595690114,879,server,ubuntu,500,psutil,13018005357,26887221139,0,0,1.3,12854.5078125,40.3,,,,,,,,,
20260820_142704_79edcc8b,2026-08-20T18:34:26.169717+00:00,441.9481325719971,880,server,ubuntu,500,psutil,13018005451,26887221205,94,66,1.0,12854.53125,40.3,,,,,,,,,
20260820_142704_79edcc8b,2026-08-20T18:34:26.670445+00:00,442.4488597610034,881,server,ubuntu,500,psutil,13018008904,26887225986,3453,4781,1.5,12854.53125,40.3,,,,,,,,,
20260820_142704_79edcc8b,2026-08-20T18:34:27.170927+00:00,442.94934217398986,882,server,ubuntu,500,psutil,13018009112,26887226130,208,144,1.8,12856.2421875,40.3,,,,,,,,,
20260820_142704_79edcc8b,2026-08-20T18:34:27.671661+00:00,443.4500759259972,883,server,ubuntu,500,psutil,13018009332,26887226224,220,94,1.3,12856.48828125,40.3,,,,,,,,,
20260820_142704_79edcc8b,2026-08-20T18:34:28.172138+00:00,443.9505535950011,884,server,ubuntu,500,psutil,13018009496,26887226332,164,108,2.2,12856.4921875,40.3,,,,,,,,,
20260820_142704_79edcc8b,2026-08-20T18:34:28.672877+00:00,444.4512922610156,885,server,ubuntu,500,psutil,13018009618,26887226488,122,156,1.3,12856.4921875,40.3,,,,,,,,,
20260820_142704_79edcc8b,2026-08-20T18:34:29.173363+00:00,444.95177834900096,886,server,ubuntu,500,psutil,13018009712,26887226554,94,66,1.5,12856.4921875,40.3,,,,,,,,,
20260820_142704_79edcc8b,2026-08-20T18:34:29.674092+00:00,445.452507451002,887,server,ubuntu,500,psutil,13018009712,26887226554,0,0,1.3,12856.4921875,40.3,,,,,,,,,
20260820_142704_79edcc8b,2026-08-20T18:34:30.174568+00:00,445.95298314100364,888,server,ubuntu,500,psutil,13018009806,26887226620,94,66,1.5,12856.4921875,40.3,,,,,,,,,
20260820_142704_79edcc8b,2026-08-20T18:34:30.675308+00:00,446.45372239800054,889,server,ubuntu,500,psutil,13018009994,26887226686,188,66,1.0,12856.4921875,40.3,,,,,,,,,
20260820_142704_79edcc8b,2026-08-20T18:34:31.175671+00:00,446.9540856440144,890,server,ubuntu,500,psutil,13018009994,26887226686,0,0,1.3,12856.48828125,40.3,,,,,,,,,
20260820_142704_79edcc8b,2026-08-20T18:34:31.676146+00:00,447.4545614660019,891,server,ubuntu,500,psutil,13018010088,26887226752,94,66,1.3,12856.46875,40.3,,,,,,,,,
20260820_142704_79edcc8b,2026-08-20T18:34:32.176927+00:00,447.9553420600132,892,server,ubuntu,500,psutil,13018010088,26887226752,0,0,1.3,12856.703125,40.3,,,,,,,,,
20260820_142704_79edcc8b,2026-08-20T18:34:32.677356+00:00,448.4557713480026,893,server,ubuntu,500,psutil,13018010276,26887226923,188,171,1.3,12856.703125,40.3,,,,,,,,,
20260820_142704_79edcc8b,2026-08-20T18:34:33.177758+00:00,448.9561735870084,894,server,ubuntu,500,psutil,13018010276,26887226923,0,0,1.0,12856.703125,40.3,,,,,,,,,
20260820_142704_79edcc8b,2026-08-20T18:34:33.678156+00:00,449.45657170700724,895,server,ubuntu,500,psutil,13018010370,26887226989,94,66,1.5,12856.703125,40.3,,,,,,,,,
20260820_142704_79edcc8b,2026-08-20T18:34:34.178808+00:00,449.9572232789942,896,server,ubuntu,500,psutil,13018010370,26887226989,0,0,1.3,12856.703125,40.3,,,,,,,,,
20260820_142704_79edcc8b,2026-08-20T18:34:34.679276+00:00,450.45769136599847,897,server,ubuntu,500,psutil,13018010579,26887227136,209,147,1.3,12856.703125,40.3,,,,,,,,,
20260820_142704_79edcc8b,2026-08-20T18:34:35.179666+00:00,450.95808125199983,898,server,ubuntu,500,psutil,13018010579,26887227136,0,0,1.3,12856.703125,40.3,,,,,,,,,
20260820_142704_79edcc8b,2026-08-20T18:34:35.680035+00:00,451.4584501660138,899,server,ubuntu,500,psutil,13018010673,26887227202,94,66,2.0,12856.703125,40.3,,,,,,,,,
20260820_142704_79edcc8b,2026-08-20T18:34:36.180652+00:00,451.9590677310189,900,server,ubuntu,500,psutil,13018011271,26887227757,598,555,3.0,12854.390625,40.3,,,,,,,,,
20260820_142704_79edcc8b,2026-08-20T18:34:36.681113+00:00,452.45952795501216,901,server,ubuntu,500,psutil,13018011569,26887227823,298,66,1.0,12854.3828125,40.3,,,,,,,,,
20260820_142704_79edcc8b,2026-08-20T18:34:37.181870+00:00,452.96028507500887,902,server,ubuntu,500,psutil,13018011765,26887227889,196,66,1.3,12854.3828125,40.3,,,,,,,,,
20260820_142704_79edcc8b,2026-08-20T18:34:37.682332+00:00,453.4607478470134,903,server,ubuntu,500,psutil,13018012275,26887228115,510,226,1.5,12854.3828125,40.3,,,,,,,,,
20260820_142704_79edcc8b,2026-08-20T18:34:38.182688+00:00,453.96110312701785,904,server,ubuntu,500,psutil,13018012275,26887228115,0,0,1.7,12854.3828125,40.3,,,,,,,,,
20260820_142704_79edcc8b,2026-08-20T18:34:38.683146+00:00,454.4615613060014,905,server,ubuntu,500,psutil,13018012369,26887228181,94,66,1.3,12854.3828125,40.3,,,,,,,,,
20260820_142704_79edcc8b,2026-08-20T18:34:39.183613+00:00,454.962028192007,906,server,ubuntu,500,psutil,13018012369,26887228181,0,0,1.5,12854.62890625,40.3,,,,,,,,,
20260820_142704_79edcc8b,2026-08-20T18:34:39.684077+00:00,455.4624921219947,907,server,ubuntu,500,psutil,13018012659,26887228352,290,171,1.5,12854.62890625,40.3,,,,,,,,,
20260820_142704_79edcc8b,2026-08-20T18:34:40.184546+00:00,455.9629610849952,908,server,ubuntu,500,psutil,13018013471,26887229046,812,694,3.8,12803.83984375,40.2,,,,,,,,,
20260820_142704_79edcc8b,2026-08-20T18:34:40.685013+00:00,456.4634283700143,909,server,ubuntu,500,psutil,13018013565,26887229790,94,744,1.5,12804.05859375,40.2,,,,,,,,,
20260820_142704_79edcc8b,2026-08-20T18:34:41.185500+00:00,456.9639150610019,910,server,ubuntu,500,psutil,13018013667,26887229790,102,0,1.8,12804.07421875,40.2,,,,,,,,,
20260820_142704_79edcc8b,2026-08-20T18:34:41.685984+00:00,457.46439944099984,911,server,ubuntu,500,psutil,13018013761,26887229856,94,66,1.3,12804.07421875,40.2,,,,,,,,,
20260820_142704_79edcc8b,2026-08-20T18:34:42.186470+00:00,457.9648853300023,912,server,ubuntu,500,psutil,13018013761,26887229856,0,0,1.5,12804.05859375,40.2,,,,,,,,,
20260820_142704_79edcc8b,2026-08-20T18:34:42.686829+00:00,458.46524394501466,913,server,ubuntu,500,psutil,13018015416,26887230794,1655,938,2.0,12804.05859375,40.2,,,,,,,,,
20260820_142704_79edcc8b,2026-08-20T18:34:43.187311+00:00,458.9657259999949,914,server,ubuntu,500,psutil,13018015416,26887230794,0,0,1.8,12804.05859375,40.2,,,,,,,,,
20260820_142704_79edcc8b,2026-08-20T18:34:43.687668+00:00,459.46608320300584,915,server,ubuntu,500,psutil,13018016144,26887230860,728,66,1.7,12804.05859375,40.2,,,,,,,,,
20260820_142704_79edcc8b,2026-08-20T18:34:44.188146+00:00,459.96656141101266,916,server,ubuntu,500,psutil,13018016246,26887230860,102,0,1.3,12804.29296875,40.2,,,,,,,,,
20260820_142704_79edcc8b,2026-08-20T18:34:44.688605+00:00,460.4670201250119,917,server,ubuntu,500,psutil,13018016340,26887230926,94,66,1.3,12804.29296875,40.2,,,,,,,,,
20260820_142704_79edcc8b,2026-08-20T18:34:45.189235+00:00,460.96765030600363,918,server,ubuntu,500,psutil,13018016340,26887230926,0,0,1.8,12804.29296875,40.2,,,,,,,,,
20260820_142704_79edcc8b,2026-08-20T18:34:45.689718+00:00,461.468133271992,919,server,ubuntu,500,psutil,13018016434,26887230992,94,66,1.5,12804.29296875,40.2,,,,,,,,,
20260820_142704_79edcc8b,2026-08-20T18:34:46.190440+00:00,461.96885486799874,920,server,ubuntu,500,psutil,13018016860,26887231242,426,250,1.3,12804.21484375,40.2,,,,,,,,,
20260820_142704_79edcc8b,2026-08-20T18:34:46.691186+00:00,462.4696014999936,921,server,ubuntu,500,psutil,13018020357,26887233510,3497,2268,1.5,12804.640625,40.2,,,,,,,,,
20260820_142704_79edcc8b,2026-08-20T18:34:47.191724+00:00,462.97013907000655,922,server,ubuntu,500,psutil,13018020357,26887233510,0,0,1.8,12804.64453125,40.2,,,,,,,,,
20260820_142704_79edcc8b,2026-08-20T18:34:47.692472+00:00,463.47088706700015,923,server,ubuntu,500,psutil,13018020985,26887233869,628,359,1.7,12804.64453125,40.2,,,,,,,,,
20260820_142704_79edcc8b,2026-08-20T18:34:48.192825+00:00,463.9712401680008,924,server,ubuntu,500,psutil,13018020985,26887233869,0,0,1.8,12804.62109375,40.2,,,,,,,,,
20260820_142704_79edcc8b,2026-08-20T18:34:48.693558+00:00,464.4719730479992,925,server,ubuntu,500,psutil,13018021201,26887234091,216,222,1.5,12804.62109375,40.2,,,,,,,,,
20260820_142704_79edcc8b,2026-08-20T18:34:49.193959+00:00,464.9723740509944,926,server,ubuntu,500,psutil,13018021201,26887234091,0,0,1.5,12804.62109375,40.2,,,,,,,,,
20260820_142704_79edcc8b,2026-08-20T18:34:49.694354+00:00,465.4727688920102,927,server,ubuntu,500,psutil,13018021410,26887234238,209,147,1.3,12804.62109375,40.2,,,,,,,,,
20260820_142704_79edcc8b,2026-08-20T18:34:50.194808+00:00,465.9732235590054,928,server,ubuntu,500,psutil,13018021410,26887234238,0,0,1.5,12804.859375,40.2,,,,,,,,,
20260820_142704_79edcc8b,2026-08-20T18:34:50.695216+00:00,466.4736314220063,929,server,ubuntu,500,psutil,13018021692,26887234370,282,132,4.8,12827.671875,40.2,,,,,,,,,
20260820_142704_79edcc8b,2026-08-20T18:34:51.195660+00:00,466.9740749350167,930,server,ubuntu,500,psutil,13018021692,26887234370,0,0,10.2,12890.98046875,40.4,,,,,,,,,
20260820_142704_79edcc8b,2026-08-20T18:34:51.696125+00:00,467.4745394939964,931,server,ubuntu,500,psutil,13018039939,26887235921,18247,1551,2.0,12891.40625,40.4,,,,,,,,,
20260820_142704_79edcc8b,2026-08-20T18:34:52.196586+00:00,467.9750016439939,932,server,ubuntu,500,psutil,13018039939,26887235921,0,0,1.0,12883.76953125,40.4,,,,,,,,,
20260820_142704_79edcc8b,2026-08-20T18:34:52.697045+00:00,468.475460362999,933,server,ubuntu,500,psutil,13018040033,26887235987,94,66,2.3,12884.01953125,40.4,,,,,,,,,
20260820_142704_79edcc8b,2026-08-20T18:34:53.197541+00:00,468.9759558069927,934,server,ubuntu,500,psutil,13018040033,26887235987,0,0,1.7,12876.14453125,40.4,,,,,,,,,
20260820_142704_79edcc8b,2026-08-20T18:34:53.697939+00:00,469.4763538510015,935,server,ubuntu,500,psutil,13018040033,26887235987,0,0,1.0,12876.14453125,40.4,,,,,,,,,
20260820_142704_79edcc8b,2026-08-20T18:34:54.198520+00:00,469.97693540301407,936,server,ubuntu,500,psutil,13018040221,26887236158,188,171,2.0,12868.26953125,40.4,,,,,,,,,
20260820_142704_79edcc8b,2026-08-20T18:34:54.699002+00:00,470.4774172299949,937,server,ubuntu,500,psutil,13018040221,26887236158,0,0,1.5,12867.64453125,40.4,,,,,,,,,
20260820_142704_79edcc8b,2026-08-20T18:34:55.199469+00:00,470.9778832519951,938,server,ubuntu,500,psutil,13018041166,26887236911,945,753,1.8,12863.1953125,40.4,,,,,,,,,
20260820_142704_79edcc8b,2026-08-20T18:34:55.699982+00:00,471.4783976789913,939,server,ubuntu,500,psutil,13018041166,26887236977,0,66,1.5,12863.171875,40.4,,,,,,,,,
20260820_142704_79edcc8b,2026-08-20T18:34:56.200445+00:00,471.97885980500723,940,server,ubuntu,500,psutil,13018041260,26887237043,94,66,1.7,12855.73828125,40.3,,,,,,,,,
20260820_142704_79edcc8b,2026-08-20T18:34:56.701214+00:00,472.479629184003,941,server,ubuntu,500,psutil,13018041260,26887237043,0,0,1.5,12855.73828125,40.3,,,,,,,,,
20260820_142704_79edcc8b,2026-08-20T18:34:57.201917+00:00,472.98033276500064,942,server,ubuntu,500,psutil,13018041354,26887237109,94,66,2.0,12847.3671875,40.3,,,,,,,,,
20260820_142704_79edcc8b,2026-08-20T18:34:57.702638+00:00,473.48105238800053,943,server,ubuntu,500,psutil,13018041574,26887237203,220,94,1.3,12847.3671875,40.3,,,,,,,,,
20260820_142704_79edcc8b,2026-08-20T18:34:58.203229+00:00,473.9816440080176,944,server,ubuntu,500,psutil,13018041668,26887237269,94,66,2.0,12841.30859375,40.3,,,,,,,,,
20260820_142704_79edcc8b,2026-08-20T18:34:58.703969+00:00,474.4823843850172,945,server,ubuntu,500,psutil,13018041668,26887237269,0,0,1.5,12841.30859375,40.3,,,,,,,,,
20260820_142704_79edcc8b,2026-08-20T18:34:59.204694+00:00,474.98310941900127,946,server,ubuntu,500,psutil,13018041762,26887237335,94,66,1.5,12831.36328125,40.3,,,,,,,,,
20260820_142704_79edcc8b,2026-08-20T18:34:59.705433+00:00,475.48384829901624,947,server,ubuntu,500,psutil,13018041762,26887237335,0,0,1.5,12831.36328125,40.3,,,,,,,,,
20260820_142704_79edcc8b,2026-08-20T18:35:00.205916+00:00,475.9843311110162,948,server,ubuntu,500,psutil,13018041950,26887237506,188,171,2.3,12827.44921875,40.2,,,,,,,,,
20260820_142704_79edcc8b,2026-08-20T18:35:00.706661+00:00,476.4850757000095,949,server,ubuntu,500,psutil,13018041950,26887237506,0,0,1.5,12827.203125,40.2,,,,,,,,,
20260820_142704_79edcc8b,2026-08-20T18:35:01.207135+00:00,476.9855497099925,950,server,ubuntu,500,psutil,13018042044,26887237572,94,66,1.8,12823.7265625,40.2,,,,,,,,,
20260820_142704_79edcc8b,2026-08-20T18:35:01.707859+00:00,477.4862744999991,951,server,ubuntu,500,psutil,13018042044,26887237572,0,0,1.3,12823.97265625,40.2,,,,,,,,,
20260820_142704_79edcc8b,2026-08-20T18:35:02.208521+00:00,477.9869362330064,952,server,ubuntu,500,psutil,13018042138,26887237638,94,66,1.3,12820.953125,40.2,,,,,,,,,
20260820_142704_79edcc8b,2026-08-20T18:35:02.709258+00:00,478.48767326399684,953,server,ubuntu,500,psutil,13018042138,26887237638,0,0,1.8,12820.953125,40.2,,,,,,,,,
20260820_142704_79edcc8b,2026-08-20T18:35:03.209766+00:00,478.9881817109999,954,server,ubuntu,500,psutil,13018043691,26887238576,1553,938,1.8,12818.26171875,40.2,,,,,,,,,
20260820_142704_79edcc8b,2026-08-20T18:35:03.710313+00:00,479.48872794001363,955,server,ubuntu,500,psutil,13018043691,26887238576,0,0,1.7,12818.26171875,40.2,,,,,,,,,
20260820_142704_79edcc8b,2026-08-20T18:35:04.210751+00:00,479.98916644000565,956,server,ubuntu,500,psutil,13018043900,26887238723,209,147,1.8,12816.17578125,40.2,,,,,,,,,
20260820_142704_79edcc8b,2026-08-20T18:35:04.711168+00:00,480.48958332199254,957,server,ubuntu,500,psutil,13018043900,26887238723,0,0,1.5,12816.17578125,40.2,,,,,,,,,
20260820_142704_79edcc8b,2026-08-20T18:35:05.211724+00:00,480.9901398039947,958,server,ubuntu,500,psutil,13018043994,26887238789,94,66,1.5,12813.88671875,40.2,,,,,,,,,
20260820_142704_79edcc8b,2026-08-20T18:35:05.712193+00:00,481.4906078900094,959,server,ubuntu,500,psutil,13018043994,26887238789,0,0,1.7,12813.88671875,40.2,,,,,,,,,
20260820_142704_79edcc8b,2026-08-20T18:35:06.212614+00:00,481.991029539,960,server,ubuntu,500,psutil,13018044088,26887238855,94,66,1.8,12810.23828125,40.2,,,,,,,,,
20260820_142704_79edcc8b,2026-08-20T18:35:06.713080+00:00,482.4914946510107,961,server,ubuntu,500,psutil,13018047749,26887243754,3661,4899,1.3,12810.23828125,40.2,,,,,,,,,
20260820_142704_79edcc8b,2026-08-20T18:35:07.344088+00:00,483.12250235301326,962,server,ubuntu,500,psutil,13018065824,26887244966,18075,1212,8.9,13331.01171875,41.8,,,,,,,,,
20260820_142704_79edcc8b,2026-08-20T18:35:07.985605+00:00,483.7640200559981,963,server,ubuntu,500,psutil,13020135188,26887253734,2069364,8768,7.3,13342.765625,41.9,,,,,,,,,
20260820_142704_79edcc8b,2026-08-20T18:35:08.486084+00:00,484.26449956800207,964,server,ubuntu,500,psutil,13022565474,26887263767,2430286,10033,8.3,13356.10546875,41.9,,,,,,,,,
20260820_142704_79edcc8b,2026-08-20T18:35:08.988602+00:00,484.7670176910178,965,server,ubuntu,500,psutil,13025180828,26887273272,2615354,9505,8.5,13371.609375,42.0,,,,,,,,,
20260820_142704_79edcc8b,2026-08-20T18:35:09.492560+00:00,485.2709759999998,966,server,ubuntu,500,psutil,13027634244,26887283036,2453416,9764,8.5,13384.4375,42.0,,,,,,,,,
20260820_142704_79edcc8b,2026-08-20T18:35:09.992958+00:00,485.7713741570187,967,server,ubuntu,500,psutil,13030229430,26887292936,2595186,9900,8.5,13401.0,42.0,,,,,,,,,
20260820_142704_79edcc8b,2026-08-20T18:35:10.493386+00:00,486.27180236100685,968,server,ubuntu,500,psutil,13032879786,26887304588,2650356,11652,9.0,13410.9453125,42.1,,,,,,,,,
20260820_142704_79edcc8b,2026-08-20T18:35:10.995013+00:00,486.7734291050001,969,server,ubuntu,500,psutil,13035380910,26887315971,2501124,11383,8.5,13419.16796875,42.1,,,,,,,,,
20260820_142704_79edcc8b,2026-08-20T18:35:11.495426+00:00,487.2738419389934,970,server,ubuntu,500,psutil,13037849746,26887325500,2468836,9529,13.8,13433.63671875,42.1,,,,,,,,,
20260820_142704_79edcc8b,2026-08-20T18:35:11.998876+00:00,487.7772921810101,971,server,ubuntu,500,psutil,13040459030,26887334443,2609284,8943,8.7,13450.73046875,42.2,,,,,,,,,
20260820_142704_79edcc8b,2026-08-20T18:35:12.504889+00:00,488.28330559900496,972,server,ubuntu,500,psutil,13043034264,26887343546,2575234,9103,8.8,13465.859375,42.2,,,,,,,,,
20260820_142704_79edcc8b,2026-08-20T18:35:13.316604+00:00,489.095019528002,973,server,ubuntu,500,psutil,13047056058,26887359763,4021794,16217,11.8,13486.0,42.3,,,,,,,,,
20260820_142704_79edcc8b,2026-08-20T18:35:13.819735+00:00,489.59815085399896,974,server,ubuntu,500,psutil,13049728978,26887369406,2672920,9643,9.7,13488.50390625,42.3,,,,,,,,,
20260820_142704_79edcc8b,2026-08-20T18:35:14.320185+00:00,490.09860008300166,975,server,ubuntu,500,psutil,13052186926,26887379242,2457948,9836,8.5,13510.80078125,42.4,,,,,,,,,
20260820_142704_79edcc8b,2026-08-20T18:35:14.821135+00:00,490.5995500970166,976,server,ubuntu,500,psutil,13054581746,26887388434,2394820,9192,8.7,13515.87890625,42.4,,,,,,,,,
20260820_142704_79edcc8b,2026-08-20T18:35:15.321728+00:00,491.1001432379999,977,server,ubuntu,500,psutil,13056967220,26887398184,2385474,9750,8.5,13529.98828125,42.4,,,,,,,,,
20260820_142704_79edcc8b,2026-08-20T18:35:15.822751+00:00,491.6011655050097,978,server,ubuntu,500,psutil,13059289566,26887406921,2322346,8737,8.5,13549.1015625,42.5,,,,,,,,,
20260820_142704_79edcc8b,2026-08-20T18:35:16.325453+00:00,492.10386903901235,979,server,ubuntu,500,psutil,13061779896,26887417518,2490330,10597,8.9,13559.9765625,42.5,,,,,,,,,
20260820_142704_79edcc8b,2026-08-20T18:35:16.828619+00:00,492.60703524699784,980,server,ubuntu,500,psutil,13064026684,26887427337,2246788,9819,7.8,13590.45703125,42.6,,,,,,,,,
20260820_142704_79edcc8b,2026-08-20T18:35:17.329455+00:00,493.10787081401213,981,server,ubuntu,500,psutil,13066418776,26887438294,2392092,10957,8.0,13590.51953125,42.6,,,,,,,,,
20260820_142704_79edcc8b,2026-08-20T18:35:17.834615+00:00,493.6130305940169,982,server,ubuntu,500,psutil,13069042220,26887449979,2623444,11685,8.3,13605.86328125,42.7,,,,,,,,,
20260820_142704_79edcc8b,2026-08-20T18:35:18.336795+00:00,494.1152110370167,983,server,ubuntu,500,psutil,13071475496,26887462707,2433276,12728,8.4,13606.43359375,42.7,,,,,,,,,
20260820_142704_79edcc8b,2026-08-20T18:35:18.840277+00:00,494.6186931010161,984,server,ubuntu,500,psutil,13073856438,26887474281,2380942,11574,8.3,13620.89453125,42.7,,,,,,,,,
20260820_142704_79edcc8b,2026-08-20T18:35:19.341478+00:00,495.1198940570175,985,server,ubuntu,500,psutil,13076218876,26887487653,2362438,13372,8.0,13628.81640625,42.8,,,,,,,,,
20260820_142704_79edcc8b,2026-08-20T18:35:19.842562+00:00,495.6209780049976,986,server,ubuntu,500,psutil,13078456412,26887499989,2237536,12336,8.0,13637.01953125,42.8,,,,,,,,,
20260820_142704_79edcc8b,2026-08-20T18:35:20.344213+00:00,496.1226289010083,987,server,ubuntu,500,psutil,13081122530,26887511816,2666118,11827,8.7,13637.03515625,42.8,,,,,,,,,
20260820_142704_79edcc8b,2026-08-20T18:35:20.850598+00:00,496.6290142380167,988,server,ubuntu,500,psutil,13083546648,26887523817,2424118,12001,8.0,13653.4296875,42.8,,,,,,,,,
20260820_142704_79edcc8b,2026-08-20T18:35:21.356251+00:00,497.13466782000614,989,server,ubuntu,500,psutil,13085814930,26887536339,2268282,12522,7.5,13646.171875,42.8,,,,,,,,,
20260820_142704_79edcc8b,2026-08-20T18:35:21.856785+00:00,497.6352006510133,990,server,ubuntu,500,psutil,13087920042,26887547980,2105112,11641,7.8,13653.8984375,42.8,,,,,,,,,
20260820_142704_79edcc8b,2026-08-20T18:35:22.357181+00:00,498.1355967760028,991,server,ubuntu,500,psutil,13090233136,26887559602,2313094,11622,8.0,13647.09375,42.8,,,,,,,,,
20260820_142704_79edcc8b,2026-08-20T18:35:22.860326+00:00,498.63874172000214,992,server,ubuntu,500,psutil,13092429861,26887575965,2196725,16363,8.0,13664.24609375,42.9,,,,,,,,,
20260820_142704_79edcc8b,2026-08-20T18:35:23.361949+00:00,499.14036369201494,993,server,ubuntu,500,psutil,13094513208,26887593148,2083347,17183,7.8,13660.29296875,42.9,,,,,,,,,
20260820_142704_79edcc8b,2026-08-20T18:35:23.862387+00:00,499.64079812398995,994,server,ubuntu,500,psutil,13096594908,26887605622,2081700,12474,7.1,13666.90234375,42.9,,,,,,,,,
20260820_142704_79edcc8b,2026-08-20T18:35:24.362817+00:00,500.14123286199174,995,server,ubuntu,500,psutil,13098676702,26887617594,2081794,11972,7.0,13661.00390625,42.9,,,,,,,,,
20260820_142704_79edcc8b,2026-08-20T18:35:24.863253+00:00,500.6416682089912,996,server,ubuntu,500,psutil,13100689012,26887630573,2012310,12979,6.8,13675.34375,42.9,,,,,,,,,
20260820_142704_79edcc8b,2026-08-20T18:35:25.656053+00:00,501.4344675920147,997,server,ubuntu,500,psutil,13104089952,26887651160,3400940,20587,12.2,13663.4296875,42.9,,,,,,,,,
20260820_142704_79edcc8b,2026-08-20T18:35:26.164489+00:00,501.9429048130114,998,server,ubuntu,500,psutil,13106310526,26887663347,2220574,12187,7.3,13666.22265625,42.9,,,,,,,,,
20260820_142704_79edcc8b,2026-08-20T18:35:26.664902+00:00,502.4433183390065,999,server,ubuntu,500,psutil,13108603849,26887684149,2293323,20802,7.8,13672.58203125,42.9,,,,,,,,,
20260820_142704_79edcc8b,2026-08-20T18:35:27.166847+00:00,502.94526261201827,1000,server,ubuntu,500,psutil,13110827341,26887700825,2223492,16676,7.4,13681.3828125,42.9,,,,,,,,,
20260820_142704_79edcc8b,2026-08-20T18:35:27.671980+00:00,503.45039552700473,1001,server,ubuntu,500,psutil,13113048156,26887714215,2220815,13390,8.3,13664.94921875,42.9,,,,,,,,,
20260820_142704_79edcc8b,2026-08-20T18:35:28.242768+00:00,504.02118235701346,1002,server,ubuntu,500,psutil,13113050942,26887715927,2786,1712,6.7,13876.8828125,43.5,,,,,,,,,
20260820_142704_79edcc8b,2026-08-20T18:35:28.809622+00:00,504.5880387999932,1003,server,ubuntu,500,psutil,13115099016,26887724761,2048074,8834,10.3,14183.953125,44.5,,,,,,,,,
20260820_142704_79edcc8b,2026-08-20T18:35:29.311323+00:00,505.08973938500276,1004,server,ubuntu,500,psutil,13117424446,26887734889,2325430,10128,7.8,14170.42578125,44.5,,,,,,,,,
20260820_142704_79edcc8b,2026-08-20T18:35:29.816652+00:00,505.5950680219976,1005,server,ubuntu,500,psutil,13119711232,26887744879,2286786,9990,8.0,14191.98046875,44.5,,,,,,,,,
20260820_142704_79edcc8b,2026-08-20T18:35:30.319382+00:00,506.097797911003,1006,server,ubuntu,500,psutil,13122062876,26887756891,2351644,12012,7.8,14188.6953125,44.5,,,,,,,,,
20260820_142704_79edcc8b,2026-08-20T18:35:30.819841+00:00,506.5982562999998,1007,server,ubuntu,500,psutil,13124364175,26887769507,2301299,12616,8.3,14196.8359375,44.5,,,,,,,,,
20260820_142704_79edcc8b,2026-08-20T18:35:31.320250+00:00,507.0986661289935,1008,server,ubuntu,500,psutil,13126529331,26887781397,2165156,11890,7.5,14198.6796875,44.5,,,,,,,,,
20260820_142704_79edcc8b,2026-08-20T18:35:31.822184+00:00,507.60059888800606,1009,server,ubuntu,500,psutil,13128685047,26887791484,2155716,10087,7.3,14207.3046875,44.6,,,,,,,,,
20260820_142704_79edcc8b,2026-08-20T18:35:32.323959+00:00,508.10237435100134,1010,server,ubuntu,500,psutil,13130956507,26887800970,2271460,9486,7.2,14180.9921875,44.5,,,,,,,,,
20260820_142704_79edcc8b,2026-08-20T18:35:32.828298+00:00,508.60671301401453,1011,server,ubuntu,500,psutil,13133144605,26887810858,2188098,9888,7.5,14180.796875,44.5,,,,,,,,,
20260820_142704_79edcc8b,2026-08-20T18:35:33.329064+00:00,509.10747990201344,1012,server,ubuntu,500,psutil,13135321909,26887821521,2177304,10663,7.8,14182.32421875,44.5,,,,,,,,,
20260820_142704_79edcc8b,2026-08-20T18:35:33.829527+00:00,509.60794182599057,1013,server,ubuntu,500,psutil,13137587201,26887832411,2265292,10890,7.3,14181.38671875,44.5,,,,,,,,,
20260820_142704_79edcc8b,2026-08-20T18:35:34.330472+00:00,510.1088885939971,1014,server,ubuntu,500,psutil,13139864829,26887843898,2277628,11487,7.6,14196.44140625,44.5,,,,,,,,,
20260820_142704_79edcc8b,2026-08-20T18:35:34.834122+00:00,510.6125384460029,1015,server,ubuntu,500,psutil,13142056105,26887855575,2191276,11677,7.5,14197.69140625,44.5,,,,,,,,,
20260820_142704_79edcc8b,2026-08-20T18:35:35.337356+00:00,511.1157709470135,1016,server,ubuntu,500,psutil,13143485633,26887867504,1429528,11929,6.3,14201.58203125,44.6,,,,,,,,,
20260820_142704_79edcc8b,2026-08-20T18:35:35.840810+00:00,511.61922606799635,1017,server,ubuntu,500,psutil,13144466439,26887879822,980806,12318,5.5,14196.00390625,44.5,,,,,,,,,
20260820_142704_79edcc8b,2026-08-20T18:35:36.343605+00:00,512.1220208930026,1018,server,ubuntu,500,psutil,13145407059,26887891822,940620,12000,7.7,14198.63671875,44.5,,,,,,,,,
20260820_142704_79edcc8b,2026-08-20T18:35:36.846465+00:00,512.6248807160009,1019,server,ubuntu,500,psutil,13146313943,26887904812,906884,12990,5.8,14199.734375,44.6,,,,,,,,,
20260820_142704_79edcc8b,2026-08-20T18:35:37.351299+00:00,513.1297155320062,1020,server,ubuntu,500,psutil,13147358191,26887918010,1044248,13198,5.7,14194.13671875,44.5,,,,,,,,,
20260820_142704_79edcc8b,2026-08-20T18:35:37.851726+00:00,513.6301412660105,1021,server,ubuntu,500,psutil,13148303625,26887930160,945434,12150,5.5,14201.35546875,44.6,,,,,,,,,
20260820_142704_79edcc8b,2026-08-20T18:35:38.352221+00:00,514.1306366529898,1022,server,ubuntu,500,psutil,13149295131,26887943048,991506,12888,5.5,14188.65234375,44.5,,,,,,,,,
20260820_142704_79edcc8b,2026-08-20T18:35:38.852631+00:00,514.6310459130036,1023,server,ubuntu,500,psutil,13150257433,26887954898,962302,11850,5.3,14192.296875,44.5,,,,,,,,,
20260820_142704_79edcc8b,2026-08-20T18:35:39.353124+00:00,515.1315392430115,1024,server,ubuntu,500,psutil,13151248939,26887966310,991506,11412,5.5,14165.7421875,44.4,,,,,,,,,
20260820_142704_79edcc8b,2026-08-20T18:35:39.853528+00:00,515.6319434210018,1025,server,ubuntu,500,psutil,13152194185,26887978850,945246,12540,5.5,14163.8984375,44.4,,,,,,,,,
20260820_142704_79edcc8b,2026-08-20T18:35:40.355896+00:00,516.1343118940131,1026,server,ubuntu,500,psutil,13153236671,26887991486,1042486,12636,5.8,14154.5625,44.4,,,,,,,,,
20260820_142704_79edcc8b,2026-08-20T18:35:40.856960+00:00,516.6353763930092,1027,server,ubuntu,500,psutil,13154245656,26888004272,1008985,12786,6.0,14155.08203125,44.4,,,,,,,,,
20260820_142704_79edcc8b,2026-08-20T18:35:41.359156+00:00,517.1375720229989,1028,server,ubuntu,500,psutil,13155234689,26888017672,989033,13400,5.5,14137.80078125,44.4,,,,,,,,,
20260820_142704_79edcc8b,2026-08-20T18:35:41.860068+00:00,517.6384837799997,1029,server,ubuntu,500,psutil,13156204607,26888029876,969918,12204,5.8,14140.29296875,44.4,,,,,,,,,
20260820_142704_79edcc8b,2026-08-20T18:35:42.362033+00:00,518.1404490220011,1030,server,ubuntu,500,psutil,13157165367,26888042008,960760,12132,5.5,14139.609375,44.4,,,,,,,,,
20260820_142704_79edcc8b,2026-08-20T18:35:42.862396+00:00,518.6408126059978,1031,server,ubuntu,500,psutil,13158140005,26888053939,974638,11931,5.8,14137.94140625,44.4,,,,,,,,,
20260820_142704_79edcc8b,2026-08-20T18:35:43.362835+00:00,519.1412517120189,1032,server,ubuntu,500,psutil,13159187144,26888067078,1047139,13139,6.3,14134.30078125,44.3,,,,,,,,,
20260820_142704_79edcc8b,2026-08-20T18:35:43.863273+00:00,519.6416888959939,1033,server,ubuntu,500,psutil,13160170032,26888079474,982888,12396,6.0,14138.6953125,44.4,,,,,,,,,
20260820_142704_79edcc8b,2026-08-20T18:35:44.363601+00:00,520.1420171490172,1034,server,ubuntu,500,psutil,13161183220,26888091972,1013188,12498,5.8,14130.6328125,44.3,,,,,,,,,
20260820_142704_79edcc8b,2026-08-20T18:35:44.864051+00:00,520.6424671040149,1035,server,ubuntu,500,psutil,13162184093,26888105074,1000873,13102,5.8,14147.2109375,44.4,,,,,,,,,
20260820_142704_79edcc8b,2026-08-20T18:35:45.364451+00:00,521.142867624003,1036,server,ubuntu,500,psutil,13163151021,26888116955,966928,11881,5.5,14139.20703125,44.4,,,,,,,,,
20260820_142704_79edcc8b,2026-08-20T18:35:46.437472+00:00,522.2158871760184,1037,server,ubuntu,500,psutil,13165332744,26888143514,2181723,26559,10.6,14133.8203125,44.3,,,,,,,,,
20260820_142704_79edcc8b,2026-08-20T18:35:46.944271+00:00,522.7226863990072,1038,server,ubuntu,500,psutil,13166340550,26888160157,1007806,16643,6.2,14141.390625,44.4,,,,,,,,,
20260820_142704_79edcc8b,2026-08-20T18:35:47.444714+00:00,523.2231294430094,1039,server,ubuntu,500,psutil,13167355532,26888172833,1014982,12676,6.0,14138.1015625,44.4,,,,,,,,,
20260820_142704_79edcc8b,2026-08-20T18:35:47.945156+00:00,523.7235725400096,1040,server,ubuntu,500,psutil,13168310218,26888185647,954686,12814,5.8,14135.375,44.3,,,,,,,,,
20260820_142704_79edcc8b,2026-08-20T18:35:48.445535+00:00,524.2239512809901,1041,server,ubuntu,500,psutil,13169363404,26888198133,1053186,12486,6.0,14136.3828125,44.4,,,,,,,,,
20260820_142704_79edcc8b,2026-08-20T18:35:48.947478+00:00,524.725893632014,1042,server,ubuntu,500,psutil,13170387508,26888211243,1024104,13110,6.0,14144.68359375,44.4,,,,,,,,,
20260820_142704_79edcc8b,2026-08-20T18:35:49.447861+00:00,525.2262767979992,1043,server,ubuntu,500,psutil,13171355884,26888223353,968376,12110,5.5,14129.19140625,44.3,,,,,,,,,
20260820_142704_79edcc8b,2026-08-20T18:35:49.948229+00:00,525.7266451549949,1044,server,ubuntu,500,psutil,13172345942,26888234627,990058,11274,5.8,14135.83203125,44.4,,,,,,,,,
20260820_142704_79edcc8b,2026-08-20T18:35:50.448607+00:00,526.2270231739967,1045,server,ubuntu,500,psutil,13173331280,26888246897,985338,12270,5.3,14141.328125,44.4,,,,,,,,,
20260820_142704_79edcc8b,2026-08-20T18:35:50.949903+00:00,526.7283191060123,1046,server,ubuntu,500,psutil,13174281340,26888259455,950060,12558,5.5,14143.71484375,44.4,,,,,,,,,
20260820_142704_79edcc8b,2026-08-20T18:35:51.453724+00:00,527.2321403700043,1047,server,ubuntu,500,psutil,13175421616,26888271752,1140276,12297,5.7,14152.26171875,44.4,,,,,,,,,
20260820_142704_79edcc8b,2026-08-20T18:35:51.954177+00:00,527.7325927930069,1048,server,ubuntu,500,psutil,13176737106,26888284288,1315490,12536,6.0,14151.98828125,44.4,,,,,,,,,
20260820_142704_79edcc8b,2026-08-20T18:35:52.458656+00:00,528.2370719460014,1049,server,ubuntu,500,psutil,13178152838,26888297422,1415732,13134,7.0,14153.56640625,44.4,,,,,,,,,
20260820_142704_79edcc8b,2026-08-20T18:35:52.959188+00:00,528.7376035260095,1050,server,ubuntu,500,psutil,13179977024,26888308882,1824186,11460,7.0,14169.19140625,44.5,,,,,,,,,
20260820_142704_79edcc8b,2026-08-20T18:35:53.459607+00:00,529.2380230989947,1051,server,ubuntu,500,psutil,13182015642,26888318789,2038618,9907,7.0,14173.17578125,44.5,,,,,,,,,
20260820_142704_79edcc8b,2026-08-20T18:35:53.961332+00:00,529.7397478079947,1052,server,ubuntu,500,psutil,13183984776,26888329140,1969134,10351,7.0,14180.82421875,44.5,,,,,,,,,
20260820_142704_79edcc8b,2026-08-20T18:35:54.464799+00:00,530.243215511,1053,server,ubuntu,500,psutil,13185930874,26888339742,1946098,10602,6.8,14194.09375,44.5,,,,,,,,,
20260820_142704_79edcc8b,2026-08-20T18:35:54.965414+00:00,530.7438301469956,1054,server,ubuntu,500,psutil,13187974024,26888350962,2043150,11220,7.2,14205.21484375,44.6,,,,,,,,,
20260820_142704_79edcc8b,2026-08-20T18:35:55.470508+00:00,531.2489230110077,1055,server,ubuntu,500,psutil,13189795220,26888362206,1821196,11244,7.0,14222.43359375,44.6,,,,,,,,,
20260820_142704_79edcc8b,2026-08-20T18:35:55.974270+00:00,531.7526859850041,1056,server,ubuntu,500,psutil,13191784596,26888374056,1989376,11850,7.0,14227.04296875,44.6,,,,,,,,,
20260820_142704_79edcc8b,2026-08-20T18:35:56.477370+00:00,532.255785078014,1057,server,ubuntu,500,psutil,13193569514,26888386547,1784918,12491,7.0,14232.859375,44.7,,,,,,,,,
20260820_142704_79edcc8b,2026-08-20T18:35:56.977781+00:00,532.7561964880151,1058,server,ubuntu,500,psutil,13195353608,26888398655,1784094,12108,6.0,14240.64453125,44.7,,,,,,,,,
20260820_142704_79edcc8b,2026-08-20T18:35:57.478232+00:00,533.2566472100152,1059,server,ubuntu,500,psutil,13197207406,26888410678,1853798,12023,7.5,14217.51953125,44.6,,,,,,,,,
20260820_142704_79edcc8b,2026-08-20T18:35:57.979488+00:00,533.7579041040153,1060,server,ubuntu,500,psutil,13199059512,26888422393,1852106,11715,6.8,14232.953125,44.7,,,,,,,,,
20260820_142704_79edcc8b,2026-08-20T18:35:58.479927+00:00,534.2583419510047,1061,server,ubuntu,500,psutil,13200913111,26888433856,1853599,11463,6.6,14214.4375,44.6,,,,,,,,,
20260820_142704_79edcc8b,2026-08-20T18:35:58.980353+00:00,534.7587685820181,1062,server,ubuntu,500,psutil,13202902385,26888446150,1989274,12294,7.0,14222.4921875,44.6,,,,,,,,,
20260820_142704_79edcc8b,2026-08-20T18:35:59.482074+00:00,535.2604905340122,1063,server,ubuntu,500,psutil,13203530722,26888451646,628337,5496,9.2,14227.9609375,44.6,,,,,,,,,
20260820_142704_79edcc8b,2026-08-20T18:35:59.983565+00:00,535.7619807409937,1064,server,ubuntu,500,psutil,13205404440,26888468492,1873718,16846,7.0,14220.43359375,44.6,,,,,,,,,
20260820_142704_79edcc8b,2026-08-20T18:36:00.483924+00:00,536.2623392230016,1065,server,ubuntu,500,psutil,13207251756,26888485652,1847316,17160,6.5,14222.70703125,44.6,,,,,,,,,
20260820_142704_79edcc8b,2026-08-20T18:36:00.984612+00:00,536.7630261729937,1066,server,ubuntu,500,psutil,13208054903,26888494826,803147,9174,4.3,14228.08203125,44.6,,,,,,,,,
20260820_142704_79edcc8b,2026-08-20T18:36:01.485194+00:00,537.2636083170073,1067,server,ubuntu,500,psutil,13208054903,26888494826,0,0,1.5,14220.20703125,44.6,,,,,,,,,
20260820_142704_79edcc8b,2026-08-20T18:36:01.985626+00:00,537.7640407860163,1068,server,ubuntu,500,psutil,13208054997,26888494892,94,66,1.5,14220.49609375,44.6,,,,,,,,,
20260820_142704_79edcc8b,2026-08-20T18:36:02.486102+00:00,538.2645164740097,1069,server,ubuntu,500,psutil,13208056872,26888495764,1875,872,1.5,14212.9921875,44.6,,,,,,,,,
20260820_142704_79edcc8b,2026-08-20T18:36:02.993312+00:00,538.7717277990014,1070,server,ubuntu,500,psutil,13208059465,26888918236,2593,422472,2.5,14212.9921875,44.6,,,,,,,,,
20260820_142704_79edcc8b,2026-08-20T18:36:03.495647+00:00,539.2740625769948,1071,server,ubuntu,500,psutil,13208082222,26892987868,22757,4069632,12.6,14229.828125,44.6,,,,,,,,,
20260820_142704_79edcc8b,2026-08-20T18:36:04.000379+00:00,539.7787939590053,1072,server,ubuntu,500,psutil,13208104909,26896915250,22687,3927382,13.2,14252.7890625,44.7,,,,,,,,,
20260820_142704_79edcc8b,2026-08-20T18:36:04.510901+00:00,540.289314833004,1073,server,ubuntu,500,psutil,13208127502,26900919780,22593,4004530,13.1,14272.24609375,44.8,,,,,,,,,
20260820_142704_79edcc8b,2026-08-20T18:36:05.013103+00:00,540.7915189390187,1074,server,ubuntu,500,psutil,13208151372,26904938002,23870,4018222,12.8,14295.87109375,44.9,,,,,,,,,
20260820_142704_79edcc8b,2026-08-20T18:36:05.522476+00:00,541.3008915609971,1075,server,ubuntu,500,psutil,13208175605,26909154492,24233,4216490,14.0,14308.09375,44.9,,,,,,,,,
20260820_142704_79edcc8b,2026-08-20T18:36:06.027426+00:00,541.8058417860011,1076,server,ubuntu,500,psutil,13208198003,26913210564,22398,4056072,12.3,14331.47265625,45.0,,,,,,,,,
20260820_142704_79edcc8b,2026-08-20T18:36:06.552945+00:00,542.3313611600024,1077,server,ubuntu,500,psutil,13208225333,26917271560,27330,4060996,12.9,14351.32421875,45.0,,,,,,,,,
20260820_142704_79edcc8b,2026-08-20T18:36:07.053647+00:00,542.832062564994,1078,server,ubuntu,500,psutil,13208249368,26921409454,24035,4137894,14.0,14375.6796875,45.1,,,,,,,,,
20260820_142704_79edcc8b,2026-08-20T18:36:08.078543+00:00,543.856958843011,1079,server,ubuntu,500,psutil,13208297211,26929556514,47843,8147060,13.8,14374.28125,45.1,,,,,,,,,
20260820_142704_79edcc8b,2026-08-20T18:36:08.581863+00:00,544.3602783459937,1080,server,ubuntu,500,psutil,13208317789,26933146208,20578,3589694,12.2,14387.51171875,45.1,,,,,,,,,
20260820_142704_79edcc8b,2026-08-20T18:36:09.082310+00:00,544.8607248030021,1081,server,ubuntu,500,psutil,13208328134,26934939743,10345,1793535,6.5,14451.6953125,45.3,,,,,,,,,
20260820_142704_79edcc8b,2026-08-20T18:36:09.582696+00:00,545.3611108530022,1082,server,ubuntu,500,psutil,13208328134,26934939743,0,0,1.5,14440.328125,45.3,,,,,,,,,
20260820_142704_79edcc8b,2026-08-20T18:36:10.083066+00:00,545.8614819640061,1083,server,ubuntu,500,psutil,13208328367,26934939982,233,239,1.7,14429.6171875,45.3,,,,,,,,,
20260820_142704_79edcc8b,2026-08-20T18:36:10.583526+00:00,546.361941798008,1084,server,ubuntu,500,psutil,13208329833,26935021885,1466,81903,1.8,14428.28515625,45.3,,,,,,,,,
20260820_142704_79edcc8b,2026-08-20T18:36:11.083999+00:00,546.862413661991,1085,server,ubuntu,500,psutil,13208357389,26935592719,27556,570834,6.0,14445.94921875,45.3,,,,,,,,,
20260820_142704_79edcc8b,2026-08-20T18:36:11.584426+00:00,547.3628410889942,1086,server,ubuntu,500,psutil,13208363111,26936280769,5722,688050,8.8,14444.41015625,45.3,,,,,,,,,
20260820_142704_79edcc8b,2026-08-20T18:36:12.086216+00:00,547.864631806995,1087,server,ubuntu,500,psutil,13208380640,26938718375,17529,2437606,9.4,14453.4140625,45.3,,,,,,,,,
20260820_142704_79edcc8b,2026-08-20T18:36:12.591872+00:00,548.3702872900176,1088,server,ubuntu,500,psutil,13208399012,26941321178,18372,2602803,8.6,14460.4453125,45.4,,,,,,,,,
20260820_142704_79edcc8b,2026-08-20T18:36:13.094397+00:00,548.8728130130039,1089,server,ubuntu,500,psutil,13208427710,26944664156,28698,3342978,10.8,14460.3359375,45.4,,,,,,,,,
20260820_142704_79edcc8b,2026-08-20T18:36:13.602271+00:00,549.380686702003,1090,server,ubuntu,500,psutil,13208454078,26948668686,26368,4004530,11.8,14481.87109375,45.4,,,,,,,,,
20260820_142704_79edcc8b,2026-08-20T18:36:14.104744+00:00,549.883160183992,1091,server,ubuntu,500,psutil,13208486522,26952685394,32444,4016708,11.2,14487.80859375,45.5,,,,,,,,,
20260820_142704_79edcc8b,2026-08-20T18:36:14.610874+00:00,550.3892904850072,1092,server,ubuntu,500,psutil,13208512654,26956709711,26132,4024317,12.2,14512.4375,45.5,,,,,,,,,
20260820_142704_79edcc8b,2026-08-20T18:36:15.113454+00:00,550.8918700740032,1093,server,ubuntu,500,psutil,13208560276,26960550065,47622,3840354,11.9,14534.09765625,45.6,,,,,,,,,
20260820_142704_79edcc8b,2026-08-20T18:36:15.626935+00:00,551.4053512609971,1094,server,ubuntu,500,psutil,13208631034,26964962095,70758,4412030,12.6,14560.66015625,45.7,,,,,,,,,
20260820_142704_79edcc8b,2026-08-20T18:36:16.127308+00:00,551.9057230750041,1095,server,ubuntu,500,psutil,13208741849,26968228587,110815,3266492,10.8,14572.99609375,45.7,,,,,,,,,
20260820_142704_79edcc8b,2026-08-20T18:36:16.629816+00:00,552.4082317470165,1096,server,ubuntu,500,psutil,13208850240,26971842765,108391,3614178,11.5,14593.80859375,45.8,,,,,,,,,
20260820_142704_79edcc8b,2026-08-20T18:36:17.136471+00:00,552.9148866189935,1097,server,ubuntu,500,psutil,13208878109,26975933969,27869,4091204,11.9,14617.3125,45.9,,,,,,,,,
20260820_142704_79edcc8b,2026-08-20T18:36:17.647269+00:00,553.425685610011,1098,server,ubuntu,500,psutil,13208901788,26980199161,23679,4265192,12.6,14640.98828125,45.9,,,,,,,,,
20260820_142704_79edcc8b,2026-08-20T18:36:18.172943+00:00,553.9513580079947,1099,server,ubuntu,500,psutil,13208912222,26981785437,10434,1586276,13.5,15101.8046875,47.4,,,,,,,,,
20260820_142704_79edcc8b,2026-08-20T18:36:18.726997+00:00,554.5054136660183,1100,server,ubuntu,500,psutil,13210019624,26981803685,1107402,18248,7.8,15389.23828125,48.3,,,,,,,,,
20260820_142704_79edcc8b,2026-08-20T18:36:19.228462+00:00,555.0068749829952,1101,server,ubuntu,500,psutil,13211051316,26981818925,1031692,15240,5.8,15387.3046875,48.3,,,,,,,,,
20260820_142704_79edcc8b,2026-08-20T18:36:19.730320+00:00,555.5087351030088,1102,server,ubuntu,500,psutil,13212070672,26981832035,1019356,13110,5.7,15401.0859375,48.3,,,,,,,,,
20260820_142704_79edcc8b,2026-08-20T18:36:20.238453+00:00,556.0168684289965,1103,server,ubuntu,500,psutil,13213091476,26981845325,1020804,13290,5.7,15373.51953125,48.2,,,,,,,,,
20260820_142704_79edcc8b,2026-08-20T18:36:20.739787+00:00,556.5182022819936,1104,server,ubuntu,500,psutil,13214089244,26981858741,997768,13416,5.5,15382.4453125,48.3,,,,,,,,,
20260820_142704_79edcc8b,2026-08-20T18:36:21.240344+00:00,557.0187591949943,1105,server,ubuntu,500,psutil,13215120842,26981871557,1031598,12816,5.5,15373.08984375,48.2,,,,,,,,,
20260820_142704_79edcc8b,2026-08-20T18:36:21.741906+00:00,557.5203224490106,1106,server,ubuntu,500,psutil,13216123263,26981886220,1002421,14663,6.5,15373.9140625,48.2,,,,,,,,,
20260820_142704_79edcc8b,2026-08-20T18:36:22.246154+00:00,558.0245704690169,1107,server,ubuntu,500,psutil,13217152110,26981899804,1028847,13584,6.5,15374.39453125,48.2,,,,,,,,,
20260820_142704_79edcc8b,2026-08-20T18:36:22.747242+00:00,558.5256577419932,1108,server,ubuntu,500,psutil,13218131468,26981913400,979358,13596,5.8,15373.1171875,48.2,,,,,,,,,
20260820_142704_79edcc8b,2026-08-20T18:36:23.247755+00:00,559.0261708380131,1109,server,ubuntu,500,psutil,13219133768,26981926912,1002300,13512,6.3,15374.7421875,48.2,,,,,,,,,
20260820_142704_79edcc8b,2026-08-20T18:36:23.748210+00:00,559.5266256250034,1110,server,ubuntu,500,psutil,13220125483,26981940560,991715,13648,5.5,15372.359375,48.2,,,,,,,,,
20260820_142704_79edcc8b,2026-08-20T18:36:24.248671+00:00,560.0270861840108,1111,server,ubuntu,500,psutil,13221155539,26981953898,1030056,13338,5.8,15336.66015625,48.1,,,,,,,,,
20260820_142704_79edcc8b,2026-08-20T18:36:24.752535+00:00,560.530950468994,1112,server,ubuntu,500,psutil,13222356757,26981966991,1201218,13093,6.2,15345.59765625,48.1,,,,,,,,,
20260820_142704_79edcc8b,2026-08-20T18:36:25.253882+00:00,561.0322984899976,1113,server,ubuntu,500,psutil,13223679887,26981979849,1323130,12858,7.0,15328.17578125,48.1,,,,,,,,,
20260820_142704_79edcc8b,2026-08-20T18:36:25.754338+00:00,561.532752752013,1114,server,ubuntu,500,psutil,13225035399,26981992986,1355512,13137,6.6,15328.76953125,48.1,,,,,,,,,
20260820_142704_79edcc8b,2026-08-20T18:36:26.254724+00:00,562.0331386949983,1115,server,ubuntu,500,psutil,13226360071,26982005202,1324672,12216,6.3,15319.94921875,48.1,,,,,,,,,
20260820_142704_79edcc8b,2026-08-20T18:36:26.755201+00:00,562.5336167860078,1116,server,ubuntu,500,psutil,13227683415,26982019825,1323344,14623,8.0,15334.32421875,48.1,,,,,,,,,
20260820_142704_79edcc8b,2026-08-20T18:36:27.256557+00:00,563.0349734229967,1117,server,ubuntu,500,psutil,13229606509,26982032443,1923094,12618,8.5,15341.60546875,48.1,,,,,,,,,
20260820_142704_79edcc8b,2026-08-20T18:36:27.759992+00:00,563.5384074150061,1118,server,ubuntu,500,psutil,13231620455,26982044663,2013946,12220,8.5,15349.5703125,48.2,,,,,,,,,
20260820_142704_79edcc8b,2026-08-20T18:36:28.260414+00:00,564.0388286210073,1119,server,ubuntu,500,psutil,13233620523,26982056603,2000068,11940,8.3,15353.15234375,48.2,,,,,,,,,
20260820_142704_79edcc8b,2026-08-20T18:36:28.763446+00:00,564.5418618340045,1120,server,ubuntu,500,psutil,13235393823,26982068730,1773300,12127,7.9,15366.24609375,48.2,,,,,,,,,
20260820_142704_79edcc8b,2026-08-20T18:36:29.266315+00:00,565.0447315199999,1121,server,ubuntu,500,psutil,13237228897,26982080449,1835074,11719,9.0,15367.328125,48.2,,,,,,,,,
20260820_142704_79edcc8b,2026-08-20T18:36:29.766642+00:00,565.5450584469945,1122,server,ubuntu,500,psutil,13239093175,26982092221,1864278,11772,8.1,15377.23828125,48.2,,,,,,,,,
20260820_142704_79edcc8b,2026-08-20T18:36:30.267085+00:00,566.0455011870072,1123,server,ubuntu,500,psutil,13240835729,26982103465,1742554,11244,8.0,15389.70703125,48.3,,,,,,,,,
20260820_142704_79edcc8b,2026-08-20T18:36:30.769832+00:00,566.5482483860105,1124,server,ubuntu,500,psutil,13242678607,26982114295,1842878,10830,8.3,15405.58203125,48.3,,,,,,,,,
20260820_142704_79edcc8b,2026-08-20T18:36:31.270185+00:00,567.0486013799964,1125,server,ubuntu,500,psutil,13244482841,26982127219,1804234,12924,8.5,15398.36328125,48.3,,,,,,,,,
20260820_142704_79edcc8b,2026-08-20T18:36:31.770625+00:00,567.5490404620068,1126,server,ubuntu,500,psutil,13246253057,26982138439,1770216,11220,7.8,15414.2734375,48.4,,,,,,,,,
20260820_142704_79edcc8b,2026-08-20T18:36:33.151434+00:00,568.9298486190091,1127,server,ubuntu,500,psutil,13251269277,26982170924,5016220,32485,12.6,15403.109375,48.3,,,,,,,,,
20260820_142704_79edcc8b,2026-08-20T18:36:33.654740+00:00,569.4331564219901,1128,server,ubuntu,500,psutil,13253192245,26982182012,1922968,11088,8.3,15407.12890625,48.3,,,,,,,,,
20260820_142704_79edcc8b,2026-08-20T18:36:34.155596+00:00,569.9340119459957,1129,server,ubuntu,500,psutil,13254999469,26982193989,1807224,11977,8.0,15407.09375,48.3,,,,,,,,,
20260820_142704_79edcc8b,2026-08-20T18:36:34.655951+00:00,570.434366194997,1130,server,ubuntu,500,psutil,13256879261,26982205695,1879792,11706,8.5,15418.43359375,48.4,,,,,,,,,
20260820_142704_79edcc8b,2026-08-20T18:36:35.156390+00:00,570.9348056529998,1131,server,ubuntu,500,psutil,13258782089,26982218517,1902828,12822,8.3,15413.26953125,48.4,,,,,,,,,
20260820_142704_79edcc8b,2026-08-20T18:36:35.657465+00:00,571.4358806110104,1132,server,ubuntu,500,psutil,13260606369,26982231393,1824280,12876,7.2,15427.44921875,48.4,,,,,,,,,
20260820_142704_79edcc8b,2026-08-20T18:36:36.161565+00:00,571.9399807839945,1133,server,ubuntu,500,psutil,13262524617,26982243742,1918248,12349,7.8,15428.921875,48.4,,,,,,,,,
20260820_142704_79edcc8b,2026-08-20T18:36:36.663920+00:00,572.4423367250129,1134,server,ubuntu,500,psutil,13264232035,26982256650,1707418,12908,6.5,15438.203125,48.4,,,,,,,,,
20260820_142704_79edcc8b,2026-08-20T18:36:37.164337+00:00,572.9427535409923,1135,server,ubuntu,500,psutil,13266025475,26982269292,1793440,12642,7.1,15434.65625,48.4,,,,,,,,,
20260820_142704_79edcc8b,2026-08-20T18:36:37.668750+00:00,573.4471658169932,1136,server,ubuntu,500,psutil,13267876283,26982282560,1850808,13268,7.5,15452.75,48.5,,,,,,,,,
20260820_142704_79edcc8b,2026-08-20T18:36:38.169111+00:00,573.9475274959987,1137,server,ubuntu,500,psutil,13269651219,26982294602,1774936,12042,7.3,15453.26171875,48.5,,,,,,,,,
20260820_142704_79edcc8b,2026-08-20T18:36:38.669802+00:00,574.4482171309937,1138,server,ubuntu,500,psutil,13271444774,26982307169,1793555,12567,7.0,15462.86328125,48.5,,,,,,,,,
20260820_142704_79edcc8b,2026-08-20T18:36:39.170990+00:00,574.9494054450188,1139,server,ubuntu,500,psutil,13273295174,26982319829,1850400,12660,7.5,15466.6640625,48.5,,,,,,,,,
20260820_142704_79edcc8b,2026-08-20T18:36:39.671467+00:00,575.4498828870128,1140,server,ubuntu,500,psutil,13275034714,26982332196,1739540,12367,7.3,15484.375,48.6,,,,,,,,,
20260820_142704_79edcc8b,2026-08-20T18:36:40.171908+00:00,575.9503231690032,1141,server,ubuntu,500,psutil,13276661445,26982345572,1626731,13376,7.5,15477.9453125,48.6,,,,,,,,,
20260820_142704_79edcc8b,2026-08-20T18:36:40.672611+00:00,576.4510266440047,1142,server,ubuntu,500,psutil,13277878083,26982359204,1216638,13632,6.3,15492.33984375,48.6,,,,,,,,,
20260820_142704_79edcc8b,2026-08-20T18:36:41.173738+00:00,576.9521532810177,1143,server,ubuntu,500,psutil,13279179841,26982374124,1301758,14920,6.3,15486.68359375,48.6,,,,,,,,,
20260820_142704_79edcc8b,2026-08-20T18:36:41.674226+00:00,577.4526404830103,1144,server,ubuntu,500,psutil,13280481693,26982387219,1301852,13095,6.3,15485.8359375,48.6,,,,,,,,,
20260820_142704_79edcc8b,2026-08-20T18:36:42.175424+00:00,577.9538387570065,1145,server,ubuntu,500,psutil,13281743793,26982400768,1262100,13549,6.9,15488.28125,48.6,,,,,,,,,
20260820_142704_79edcc8b,2026-08-20T18:36:42.680756+00:00,578.459171243012,1146,server,ubuntu,500,psutil,13282963515,26982412906,1219722,12138,6.0,15500.74609375,48.6,,,,,,,,,
20260820_142704_79edcc8b,2026-08-20T18:36:43.181135+00:00,578.9595510880172,1147,server,ubuntu,500,psutil,13284181789,26982426124,1218274,13218,6.3,15511.1015625,48.7,,,,,,,,,
20260820_142704_79edcc8b,2026-08-20T18:36:43.684948+00:00,579.4633636370127,1148,server,ubuntu,500,psutil,13285469993,26982436133,1288204,10009,6.2,15512.55078125,48.7,,,,,,,,,
20260820_142704_79edcc8b,2026-08-20T18:36:44.185350+00:00,579.9637658619904,1149,server,ubuntu,500,psutil,13286743779,26982446393,1273786,10260,6.2,15534.0078125,48.7,,,,,,,,,
20260820_142704_79edcc8b,2026-08-20T18:36:44.685926+00:00,580.4643408209959,1150,server,ubuntu,500,psutil,13288117701,26982456701,1373922,10308,6.1,15541.83984375,48.8,,,,,,,,,
20260820_142704_79edcc8b,2026-08-20T18:36:45.186411+00:00,580.9648259480018,1151,server,ubuntu,500,psutil,13289391395,26982467929,1273694,11228,6.5,15553.6328125,48.8,,,,,,,,,
20260820_142704_79edcc8b,2026-08-20T18:36:45.686917+00:00,581.4653322700178,1152,server,ubuntu,500,psutil,13290706721,26982477889,1315326,9960,6.3,15555.5703125,48.8,,,,,,,,,
20260820_142704_79edcc8b,2026-08-20T18:36:46.187423+00:00,581.9658385179937,1153,server,ubuntu,500,psutil,13292083727,26982489007,1377006,11118,6.7,15560.1484375,48.8,,,,,,,,,
20260820_142704_79edcc8b,2026-08-20T18:36:46.692589+00:00,582.4710042480147,1154,server,ubuntu,500,psutil,13293302392,26982503414,1218665,14407,5.8,15562.69921875,48.8,,,,,,,,,
20260820_142704_79edcc8b,2026-08-20T18:36:47.193002+00:00,582.9714162379969,1155,server,ubuntu,500,psutil,13294602298,26982515805,1299906,12391,6.3,15567.5,48.8,,,,,,,,,
20260820_142704_79edcc8b,2026-08-20T18:36:47.693417+00:00,583.4718315670034,1156,server,ubuntu,500,psutil,13295959792,26982530184,1357494,14379,6.5,15574.25,48.9,,,,,,,,,
20260820_142704_79edcc8b,2026-08-20T18:36:48.193873+00:00,583.972289133002,1157,server,ubuntu,500,psutil,13297239226,26982544146,1279434,13962,6.5,15577.9921875,48.9,,,,,,,,,
20260820_142704_79edcc8b,2026-08-20T18:36:48.694239+00:00,584.4726548719918,1158,server,ubuntu,500,psutil,13298684174,26982553002,1444948,8856,6.5,15590.66796875,48.9,,,,,,,,,
20260820_142704_79edcc8b,2026-08-20T18:36:49.194568+00:00,584.9729843090172,1159,server,ubuntu,500,psutil,13300067348,26982560616,1383174,7614,6.0,15583.56640625,48.9,,,,,,,,,
20260820_142704_79edcc8b,2026-08-20T18:36:49.696773+00:00,585.4751889909967,1160,server,ubuntu,500,psutil,13301527716,26982567918,1460368,7302,6.7,15541.73046875,48.8,,,,,,,,,
20260820_142704_79edcc8b,2026-08-20T18:36:50.198975+00:00,585.9773912730161,1161,server,ubuntu,500,psutil,13302913974,26982575802,1386258,7884,6.3,15530.859375,48.7,,,,,,,,,
20260820_142704_79edcc8b,2026-08-20T18:36:50.699418+00:00,586.4778336239979,1162,server,ubuntu,500,psutil,13303939137,26982583468,1025163,7666,5.5,15526.14453125,48.7,,,,,,,,,
20260820_142704_79edcc8b,2026-08-20T18:36:51.249466+00:00,587.027874388994,1163,server,ubuntu,500,psutil,13303939318,26982583648,181,180,13.2,15851.5703125,49.7,,,,,,,,,
20260820_142704_79edcc8b,2026-08-20T18:36:51.893217+00:00,587.6716320739943,1164,server,ubuntu,500,psutil,13305713230,26982595553,1773912,11905,14.3,16008.0234375,50.2,,,,,,,,,
20260820_142704_79edcc8b,2026-08-20T18:36:52.394461+00:00,588.1728729229944,1165,server,ubuntu,500,psutil,13307724092,26982609506,2010862,13953,8.3,16008.14453125,50.2,,,,,,,,,
20260820_142704_79edcc8b,2026-08-20T18:36:52.896096+00:00,588.6745119380066,1166,server,ubuntu,500,psutil,13309775046,26982622880,2050954,13374,7.8,16008.89453125,50.2,,,,,,,,,
20260820_142704_79edcc8b,2026-08-20T18:36:53.399242+00:00,589.1776576790144,1167,server,ubuntu,500,psutil,13311765883,26982634939,1990837,12059,7.7,16008.14453125,50.2,,,,,,,,,
20260820_142704_79edcc8b,2026-08-20T18:36:53.899621+00:00,589.6780362660065,1168,server,ubuntu,500,psutil,13313693477,26982647395,1927594,12456,7.5,16008.30078125,50.2,,,,,,,,,
20260820_142704_79edcc8b,2026-08-20T18:36:54.400163+00:00,590.1785771000141,1169,server,ubuntu,500,psutil,13315537709,26982659803,1844232,12408,7.0,16009.203125,50.2,,,,,,,,,
20260820_142704_79edcc8b,2026-08-20T18:36:54.900729+00:00,590.6791444440023,1170,server,ubuntu,500,psutil,13317520815,26982672925,1983106,13122,7.5,16009.55859375,50.2,,,,,,,,,
20260820_142704_79edcc8b,2026-08-20T18:36:55.402439+00:00,591.1808554750169,1171,server,ubuntu,500,psutil,13319519341,26982686752,1998526,13827,7.8,16009.03515625,50.2,,,,,,,,,
20260820_142704_79edcc8b,2026-08-20T18:36:55.904736+00:00,591.6831524060108,1172,server,ubuntu,500,psutil,13321503989,26982699838,1984648,13086,7.8,16008.59765625,50.2,,,,,,,,,
20260820_142704_79edcc8b,2026-08-20T18:36:56.406373+00:00,592.1847891020007,1173,server,ubuntu,500,psutil,13323450087,26982712649,1946098,12811,6.7,16010.8515625,50.2,,,,,,,,,
20260820_142704_79edcc8b,2026-08-20T18:36:56.912624+00:00,592.6910397070169,1174,server,ubuntu,500,psutil,13325441025,26982725651,1990938,13002,8.0,16010.01171875,50.2,,,,,,,,,
20260820_142704_79edcc8b,2026-08-20T18:36:57.413218+00:00,593.1916344090132,1175,server,ubuntu,500,psutil,13327363313,26982739987,1922288,14336,8.5,16018.99609375,50.3,,,,,,,,,
20260820_142704_79edcc8b,2026-08-20T18:36:57.917616+00:00,593.6960327090055,1176,server,ubuntu,500,psutil,13329358661,26982752551,1995348,12564,7.2,16036.7734375,50.3,,,,,,,,,
20260820_142704_79edcc8b,2026-08-20T18:36:58.418079+00:00,594.1964939430181,1177,server,ubuntu,500,psutil,13331281546,26982766120,1922885,13569,8.0,16029.3125,50.3,,,,,,,,,
20260820_142704_79edcc8b,2026-08-20T18:36:58.918649+00:00,594.6970643739915,1178,server,ubuntu,500,psutil,13333238344,26982779086,1956798,12966,7.3,16040.3359375,50.3,,,,,,,,,
20260820_142704_79edcc8b,2026-08-20T18:36:59.419201+00:00,595.1976159730111,1179,server,ubuntu,500,psutil,13335206030,26982791746,1967686,12660,7.3,16033.23046875,50.3,,,,,,,,,
20260820_142704_79edcc8b,2026-08-20T18:36:59.920941+00:00,595.6993565790181,1180,server,ubuntu,500,psutil,13337236844,26982804731,2030814,12985,7.3,16046.80859375,50.3,,,,,,,,,
20260820_142704_79edcc8b,2026-08-20T18:37:00.421268+00:00,596.1996822759975,1181,server,ubuntu,500,psutil,13339107384,26982818003,1870540,13272,7.3,16043.34765625,50.3,,,,,,,,,
20260820_142704_79edcc8b,2026-08-20T18:37:00.921672+00:00,596.7000879379921,1182,server,ubuntu,500,psutil,13341071962,26982830483,1964578,12480,7.5,16056.84375,50.4,,,,,,,,,
20260820_142704_79edcc8b,2026-08-20T18:37:01.424118+00:00,597.2025327150186,1183,server,ubuntu,500,psutil,13342760972,26982842727,1689010,12244,7.0,16053.4921875,50.4,,,,,,,,,
20260820_142704_79edcc8b,2026-08-20T18:37:01.925955+00:00,597.7043711389997,1184,server,ubuntu,500,psutil,13344609830,26982855663,1848858,12936,7.3,16061.2734375,50.4,,,,,,,,,
20260820_142704_79edcc8b,2026-08-20T18:37:02.429777+00:00,598.2081927260151,1185,server,ubuntu,500,psutil,13346421774,26982867693,1811944,12030,6.7,16058.22265625,50.4,,,,,,,,,
20260820_142704_79edcc8b,2026-08-20T18:37:02.936308+00:00,598.7147248070105,1186,server,ubuntu,500,psutil,13348261380,26982880005,1839606,12312,7.5,16078.07421875,50.4,,,,,,,,,
20260820_142704_79edcc8b,2026-08-20T18:37:03.436684+00:00,599.2150992540119,1187,server,ubuntu,500,psutil,13350181264,26982893146,1919884,13141,7.1,16069.2109375,50.4,,,,,,,,,
20260820_142704_79edcc8b,2026-08-20T18:37:03.937077+00:00,599.7154930529941,1188,server,ubuntu,500,psutil,13352077924,26982905662,1896660,12516,7.3,16083.3671875,50.5,,,,,,,,,
20260820_142704_79edcc8b,2026-08-20T18:37:04.439789+00:00,600.2182039640029,1189,server,ubuntu,500,psutil,13354003976,26982918329,1926052,12667,7.0,16084.8046875,50.5,,,,,,,,,
20260820_142704_79edcc8b,2026-08-20T18:37:04.940421+00:00,600.7188362500165,1190,server,ubuntu,500,psutil,13355908440,26982930578,1904464,12249,7.5,16091.5546875,50.5,,,,,,,,,
20260820_142704_79edcc8b,2026-08-20T18:37:05.440801+00:00,601.2192160809936,1191,server,ubuntu,500,psutil,13357758955,26982943895,1850515,13317,7.0,16101.1328125,50.5,,,,,,,,,
20260820_142704_79edcc8b,2026-08-20T18:37:05.941737+00:00,601.7201519370137,1192,server,ubuntu,500,psutil,13359722015,26982956873,1963060,12978,7.1,16106.75,50.5,,,,,,,,,
20260820_142704_79edcc8b,2026-08-20T18:37:06.445382+00:00,602.2237976710021,1193,server,ubuntu,500,psutil,13361543392,26982972712,1821377,15839,7.4,16122.2734375,50.6,,,,,,,,,
20260820_142704_79edcc8b,2026-08-20T18:37:06.947767+00:00,602.726182457991,1194,server,ubuntu,500,psutil,13363394074,26982986724,1850682,14012,7.1,16122.96875,50.6,,,,,,,,,
20260820_142704_79edcc8b,2026-08-20T18:37:07.448209+00:00,603.2266251819965,1195,server,ubuntu,500,psutil,13365340392,26983000234,1946318,13510,7.1,16131.46875,50.6,,,,,,,,,
20260820_142704_79edcc8b,2026-08-20T18:37:09.009767+00:00,604.7881811459956,1196,server,ubuntu,500,psutil,13371326624,26983039578,5986232,39344,13.0,16133.0703125,50.6,,,,,,,,,
20260820_142704_79edcc8b,2026-08-20T18:37:09.516456+00:00,605.294871148013,1197,server,ubuntu,500,psutil,13373226462,26983051437,1899838,11859,7.3,16140.5,50.6,,,,,,,,,
20260820_142704_79edcc8b,2026-08-20T18:37:10.017403+00:00,605.7958190540085,1198,server,ubuntu,500,psutil,13375066162,26983064379,1839700,12942,7.2,16146.8046875,50.7,,,,,,,,,
20260820_142704_79edcc8b,2026-08-20T18:37:10.517771+00:00,606.296186979016,1199,server,ubuntu,500,psutil,13376976700,26983076799,1910538,12420,7.3,16135.25390625,50.6,,,,,,,,,
20260820_142704_79edcc8b,2026-08-20T18:37:11.019104+00:00,606.7975206389965,1200,server,ubuntu,500,psutil,13378742572,26983089470,1765872,12671,6.8,16135.75390625,50.6,,,,,,,,,
20260820_142704_79edcc8b,2026-08-20T18:37:11.519456+00:00,607.2978718189988,1201,server,ubuntu,500,psutil,13380628438,26983101578,1885866,12108,10.1,16137.15234375,50.6,,,,,,,,,
20260820_142704_79edcc8b,2026-08-20T18:37:12.021124+00:00,607.7995404450048,1202,server,ubuntu,500,psutil,13382438840,26983113867,1810402,12289,9.4,16138.796875,50.6,,,,,,,,,
20260820_142704_79edcc8b,2026-08-20T18:37:12.525163+00:00,608.30357839301,1203,server,ubuntu,500,psutil,13384268482,26983126543,1829642,12676,7.2,16140.87890625,50.6,,,,,,,,,
20260820_142704_79edcc8b,2026-08-20T18:37:13.032418+00:00,608.8108343509957,1204,server,ubuntu,500,psutil,13386011036,26983138969,1742554,12426,7.0,16144.1953125,50.7,,,,,,,,,
20260820_142704_79edcc8b,2026-08-20T18:37:13.537175+00:00,609.3155908549961,1205,server,ubuntu,500,psutil,13387862070,26983151059,1851034,12090,7.3,16153.4765625,50.7,,,,,,,,,
20260820_142704_79edcc8b,2026-08-20T18:37:14.037613+00:00,609.8160287800129,1206,server,ubuntu,500,psutil,13389627754,26983162165,1765684,11106,6.8,16167.6015625,50.7,,,,,,,,,
20260820_142704_79edcc8b,2026-08-20T18:37:14.538151+00:00,610.3165665050037,1207,server,ubuntu,500,psutil,13391568429,26983172185,1940675,10020,7.2,16175.28515625,50.7,,,,,,,,,
20260820_142704_79edcc8b,2026-08-20T18:37:15.041841+00:00,610.8202564620005,1208,server,ubuntu,500,psutil,13394146653,26983178233,2578224,6048,7.8,16184.50390625,50.8,,,,,,,,,
20260820_142704_79edcc8b,2026-08-20T18:37:15.542281+00:00,611.3206968890154,1209,server,ubuntu,500,psutil,13396657350,26983185976,2510697,7743,8.8,16150.296875,50.7,,,,,,,,,
20260820_142704_79edcc8b,2026-08-20T18:37:16.043046+00:00,611.8214612489974,1210,server,ubuntu,500,psutil,13398937046,26983193860,2279696,7884,7.3,16161.109375,50.7,,,,,,,,,
20260820_142704_79edcc8b,2026-08-20T18:37:16.543455+00:00,612.3218703049934,1211,server,ubuntu,500,psutil,13398937140,26983193926,94,66,1.0,16151.26171875,50.7,,,,,,,,,
20260820_142704_79edcc8b,2026-08-20T18:37:17.043881+00:00,612.8222960279963,1212,server,ubuntu,500,psutil,13398937361,26983194233,221,307,1.3,16151.26171875,50.7,,,,,,,,,
20260820_142704_79edcc8b,2026-08-20T18:37:17.544343+00:00,613.3227576170175,1213,server,ubuntu,500,psutil,13398937895,26983194487,534,254,1.5,16143.37109375,50.6,,,,,,,,,
20260820_142704_79edcc8b,2026-08-20T18:37:18.044728+00:00,613.8231426780112,1214,server,ubuntu,500,psutil,13398937989,26983194592,94,105,1.3,16143.37109375,50.6,,,,,,,,,
20260820_142704_79edcc8b,2026-08-20T18:37:18.545194+00:00,614.323608384002,1215,server,ubuntu,500,psutil,13398938198,26983194739,209,147,1.5,16135.7421875,50.6,,,,,,,,,
20260820_142704_79edcc8b,2026-08-20T18:37:19.045641+00:00,614.8240566310124,1216,server,ubuntu,500,psutil,13398938198,26983194739,0,0,1.0,16135.7421875,50.6,,,,,,,,,
20260820_142704_79edcc8b,2026-08-20T18:37:19.546125+00:00,615.3245397449937,1217,server,ubuntu,500,psutil,13398941434,26983265321,3236,70582,2.0,16124.125,50.6,,,,,,,,,
20260820_142704_79edcc8b,2026-08-20T18:37:20.049657+00:00,615.828073008015,1218,server,ubuntu,500,psutil,13399030724,26987009443,89290,3744122,16.4,16142.3359375,50.6,,,,,,,,,
20260820_142704_79edcc8b,2026-08-20T18:37:20.550192+00:00,616.3286086689914,1219,server,ubuntu,500,psutil,13399119960,26990800631,89236,3791188,15.9,16151.359375,50.7,,,,,,,,,
20260820_142704_79edcc8b,2026-08-20T18:37:21.065817+00:00,616.8442327959929,1220,server,ubuntu,500,psutil,13399221794,26994779423,101834,3978792,15.3,16169.5234375,50.7,,,,,,,,,
20260820_142704_79edcc8b,2026-08-20T18:37:21.568928+00:00,617.3473435869964,1221,server,ubuntu,500,psutil,13399261461,26998843151,39667,4063728,12.2,16170.80078125,50.7,,,,,,,,,
20260820_142704_79edcc8b,2026-08-20T18:37:22.081837+00:00,617.8602528400079,1222,server,ubuntu,500,psutil,13399305113,27003018871,43652,4175720,13.8,16176.85546875,50.8,,,,,,,,,
20260820_142704_79edcc8b,2026-08-20T18:37:22.592821+00:00,618.3712372540031,1223,server,ubuntu,500,psutil,13399325436,27006947833,20323,3928962,12.4,16204.0078125,50.8,,,,,,,,,
20260820_142704_79edcc8b,2026-08-20T18:37:23.093848+00:00,618.8722636339953,1224,server,ubuntu,500,psutil,13399348560,27010867579,23124,3919746,13.0,16204.7890625,50.8,,,,,,,,,
20260820_142704_79edcc8b,2026-08-20T18:37:23.595770+00:00,619.3741862229945,1225,server,ubuntu,500,psutil,13399372378,27014929707,23818,4062128,14.0,16228.17578125,50.9,,,,,,,,,
20260820_142704_79edcc8b,2026-08-20T18:37:24.104819+00:00,619.8832345599949,1226,server,ubuntu,500,psutil,13399395584,27019028105,23206,4098398,13.1,16250.265625,51.0,,,,,,,,,
20260820_142704_79edcc8b,2026-08-20T18:37:24.607319+00:00,620.3857354850043,1227,server,ubuntu,500,psutil,13399419267,27022975274,23683,3947169,13.3,16264.125,51.0,,,,,,,,,
20260820_142704_79edcc8b,2026-08-20T18:37:25.115537+00:00,620.8939535400132,1228,server,ubuntu,500,psutil,13399443889,27027094868,24622,4119594,14.5,16274.86328125,51.1,,,,,,,,,
20260820_142704_79edcc8b,2026-08-20T18:37:25.616500+00:00,621.3949151970155,1229,server,ubuntu,500,psutil,13399458907,27029658598,15018,2563730,9.5,16319.37890625,51.2,,,,,,,,,
20260820_142704_79edcc8b,2026-08-20T18:37:26.117087+00:00,621.8955019210116,1230,server,ubuntu,500,psutil,13399459088,27029658669,181,71,2.0,16303.859375,51.2,,,,,,,,,
20260820_142704_79edcc8b,2026-08-20T18:37:26.617677+00:00,622.3960920789978,1231,server,ubuntu,500,psutil,13399462583,27029660899,3495,2230,1.0,16296.7265625,51.1,,,,,,,,,
20260820_142704_79edcc8b,2026-08-20T18:37:27.118159+00:00,622.8965737700055,1232,server,ubuntu,500,psutil,13399462583,27029660899,0,0,2.3,16282.859375,51.1,,,,,,,,,
20260820_142704_79edcc8b,2026-08-20T18:37:27.618629+00:00,623.3970443209982,1233,server,ubuntu,500,psutil,13399463820,27029661756,1237,857,1.0,16275.99609375,51.1,,,,,,,,,
20260820_142704_79edcc8b,2026-08-20T18:37:28.119203+00:00,623.8976184900093,1234,server,ubuntu,500,psutil,13399464209,27029662213,389,457,2.0,16251.41015625,51.0,,,,,,,,,
20260820_142704_79edcc8b,2026-08-20T18:37:28.619864+00:00,624.3982795299962,1235,server,ubuntu,500,psutil,13399464303,27029662279,94,66,1.0,16251.15234375,51.0,,,,,,,,,
20260820_142704_79edcc8b,2026-08-20T18:37:29.120580+00:00,624.8989951999974,1236,server,ubuntu,500,psutil,13399464303,27029662279,0,0,1.5,16242.71875,51.0,,,,,,,,,
20260820_142704_79edcc8b,2026-08-20T18:37:29.621290+00:00,625.3997059309913,1237,server,ubuntu,500,psutil,13399464397,27029662345,94,66,1.5,16236.2109375,50.9,,,,,,,,,
20260820_142704_79edcc8b,2026-08-20T18:37:30.122078+00:00,625.9004931529926,1238,server,ubuntu,500,psutil,13399464397,27029662345,0,0,1.8,16224.375,50.9,,,,,,,,,
20260820_142704_79edcc8b,2026-08-20T18:37:30.622563+00:00,626.4009782909998,1239,server,ubuntu,500,psutil,13399464679,27029662477,282,132,1.5,16224.18359375,50.9,,,,,,,,,
20260820_142704_79edcc8b,2026-08-20T18:37:31.123302+00:00,626.9017173460161,1240,server,ubuntu,500,psutil,13399464773,27029662582,94,105,1.7,16215.24609375,50.9,,,,,,,,,
20260820_142704_79edcc8b,2026-08-20T18:37:31.623729+00:00,627.4021436140174,1241,server,ubuntu,500,psutil,13399464867,27029662648,94,66,1.5,16213.40234375,50.9,,,,,,,,,
20260820_142704_79edcc8b,2026-08-20T18:37:32.124485+00:00,627.9029001540039,1242,server,ubuntu,500,psutil,13399464867,27029662648,0,0,1.8,16210.4296875,50.9,,,,,,,,,
20260820_142704_79edcc8b,2026-08-20T18:37:32.624975+00:00,628.4033900200156,1243,server,ubuntu,500,psutil,13399464961,27029662714,94,66,1.7,16206.9765625,50.8,,,,,,,,,
20260820_142704_79edcc8b,2026-08-20T18:37:33.125466+00:00,628.9038812440122,1244,server,ubuntu,500,psutil,13399464961,27029662714,0,0,1.7,16201.48046875,50.8,,,,,,,,,
20260820_142704_79edcc8b,2026-08-20T18:37:33.625917+00:00,629.4043327789987,1245,server,ubuntu,500,psutil,13399465170,27029662861,209,147,1.5,16201.23046875,50.8,,,,,,,,,
20260820_142704_79edcc8b,2026-08-20T18:37:34.126315+00:00,629.9047304250125,1246,server,ubuntu,500,psutil,13399465170,27029662861,0,0,1.3,16198.78515625,50.8,,,,,,,,,
20260820_142704_79edcc8b,2026-08-20T18:37:34.626751+00:00,630.4051662349957,1247,server,ubuntu,500,psutil,13399465264,27029662927,94,66,1.7,16195.8984375,50.8,,,,,,,,,
20260820_142704_79edcc8b,2026-08-20T18:37:35.127219+00:00,630.9056340719981,1248,server,ubuntu,500,psutil,13399465264,27029662927,0,0,1.8,16196.546875,50.8,,,,,,,,,
20260820_142704_79edcc8b,2026-08-20T18:37:35.627622+00:00,631.4060372330132,1249,server,ubuntu,500,psutil,13399465264,27029662927,0,0,2.0,16194.1796875,50.8,,,,,,,,,
20260820_142704_79edcc8b,2026-08-20T18:37:36.128090+00:00,631.9065052020014,1250,server,ubuntu,500,psutil,13399465358,27029662993,94,66,1.7,16190.45703125,50.8,,,,,,,,,
20260820_142704_79edcc8b,2026-08-20T18:37:36.628560+00:00,632.4069757410034,1251,server,ubuntu,500,psutil,13399465574,27029663254,216,261,1.3,16190.20703125,50.8,,,,,,,,,
20260820_142704_79edcc8b,2026-08-20T18:37:37.129028+00:00,632.9074434600188,1252,server,ubuntu,500,psutil,13399465762,27029663386,188,132,1.8,16188.6640625,50.8,,,,,,,,,
20260820_142704_79edcc8b,2026-08-20T18:37:37.629494+00:00,633.4079098990187,1253,server,ubuntu,500,psutil,13399465982,27029663480,220,94,1.8,16186.75,50.8,,,,,,,,,
20260820_142704_79edcc8b,2026-08-20T18:37:38.129866+00:00,633.9082809110114,1254,server,ubuntu,500,psutil,13399466170,27029663612,188,132,1.3,16185.29296875,50.8,,,,,,,,,
20260820_142704_79edcc8b,2026-08-20T18:37:38.630330+00:00,634.4087453230168,1255,server,ubuntu,500,psutil,13399466170,27029663612,0,0,1.7,16185.29296875,50.8,,,,,,,,,
20260820_142704_79edcc8b,2026-08-20T18:37:39.130833+00:00,634.9092480260006,1256,server,ubuntu,500,psutil,13399466264,27029663678,94,66,1.5,16185.29296875,50.8,,,,,,,,,
20260820_142704_79edcc8b,2026-08-20T18:37:39.631293+00:00,635.4097079420171,1257,server,ubuntu,500,psutil,13399467723,27029664550,1459,872,2.0,16185.29296875,50.8,,,,,,,,,
20260820_142704_79edcc8b,2026-08-20T18:37:40.131711+00:00,635.9101258220035,1258,server,ubuntu,500,psutil,13399467817,27029664616,94,66,1.8,16184.796875,50.8,,,,,,,,,
20260820_142704_79edcc8b,2026-08-20T18:37:40.632179+00:00,636.410593897017,1259,server,ubuntu,500,psutil,13399467817,27029664616,0,0,1.5,16184.796875,50.8,,,,,,,,,
20260820_142704_79edcc8b,2026-08-20T18:37:41.132606+00:00,636.9110206810001,1260,server,ubuntu,500,psutil,13399467911,27029665360,94,744,1.3,16184.796875,50.8,,,,,,,,,
20260820_142704_79edcc8b,2026-08-20T18:37:41.633069+00:00,637.4114843299903,1261,server,ubuntu,500,psutil,13399467911,27029665360,0,0,1.5,16184.796875,50.8,,,,,,,,,
20260820_142704_79edcc8b,2026-08-20T18:37:42.133536+00:00,637.9119509540033,1262,server,ubuntu,500,psutil,13399468005,27029665426,94,66,1.5,16184.796875,50.8,,,,,,,,,
20260820_142704_79edcc8b,2026-08-20T18:37:42.634148+00:00,638.4125632850046,1263,server,ubuntu,500,psutil,13399468005,27029665426,0,0,1.7,16184.55078125,50.8,,,,,,,,,
20260820_142704_79edcc8b,2026-08-20T18:37:43.134611+00:00,638.9130266320135,1264,server,ubuntu,500,psutil,13399468911,27029666166,906,740,1.5,16181.984375,50.8,,,,,,,,,
20260820_142704_79edcc8b,2026-08-20T18:37:43.635088+00:00,639.4135039210087,1265,server,ubuntu,500,psutil,13399469842,27029666313,931,147,1.7,16181.984375,50.8,,,,,,,,,
20260820_142704_79edcc8b,2026-08-20T18:37:44.135474+00:00,639.913889146992,1266,server,ubuntu,500,psutil,13399470030,27029666484,188,171,1.0,16181.9765625,50.8,,,,,,,,,
20260820_142704_79edcc8b,2026-08-20T18:37:44.636205+00:00,640.4146201880067,1267,server,ubuntu,500,psutil,13399470030,27029666484,0,0,2.0,16181.9765625,50.8,,,,,,,,,
20260820_142704_79edcc8b,2026-08-20T18:37:45.136723+00:00,640.9151380830153,1268,server,ubuntu,500,psutil,13399470124,27029666550,94,66,1.8,16181.9765625,50.8,,,,,,,,,
20260820_142704_79edcc8b,2026-08-20T18:37:45.637470+00:00,641.4158844670164,1269,server,ubuntu,500,psutil,13399470124,27029666550,0,0,1.5,16181.9765625,50.8,,,,,,,,,
20260820_142704_79edcc8b,2026-08-20T18:37:46.138164+00:00,641.9165789450053,1270,server,ubuntu,500,psutil,13399470645,27029666800,521,250,1.5,16181.0,50.8,,,,,,,,,
20260820_142704_79edcc8b,2026-08-20T18:37:46.638749+00:00,642.4171636660176,1271,server,ubuntu,500,psutil,13399474445,27029671883,3800,5083,1.5,16181.0,50.8,,,,,,,,,
20260820_142704_79edcc8b,2026-08-20T18:37:47.139518+00:00,642.9179333930078,1272,server,ubuntu,500,psutil,13399474539,27029671949,94,66,1.5,16181.02734375,50.8,,,,,,,,,
20260820_142704_79edcc8b,2026-08-20T18:37:47.640000+00:00,643.418415357999,1273,server,ubuntu,500,psutil,13399474979,27029672137,440,188,1.3,16181.02734375,50.8,,,,,,,,,
20260820_142704_79edcc8b,2026-08-20T18:37:48.140743+00:00,643.9191583619977,1274,server,ubuntu,500,psutil,13399475073,27029672203,94,66,1.3,16180.91796875,50.8,,,,,,,,,
20260820_142704_79edcc8b,2026-08-20T18:37:48.641493+00:00,644.4199078509992,1275,server,ubuntu,500,psutil,13399475073,27029672203,0,0,1.5,16180.671875,50.8,,,,,,,,,
20260820_142704_79edcc8b,2026-08-20T18:37:49.141971+00:00,644.9203862780123,1276,server,ubuntu,500,psutil,13399475261,27029672374,188,171,1.5,16179.484375,50.8,,,,,,,,,
20260820_142704_79edcc8b,2026-08-20T18:37:49.642627+00:00,645.4210424289922,1277,server,ubuntu,500,psutil,13399475261,27029672374,0,0,1.0,16179.484375,50.8,,,,,,,,,
20260820_142704_79edcc8b,2026-08-20T18:37:50.143030+00:00,645.9214448209968,1278,server,ubuntu,500,psutil,13399475355,27029672440,94,66,1.5,16179.484375,50.8,,,,,,,,,
20260820_142704_79edcc8b,2026-08-20T18:37:50.643437+00:00,646.4218527420016,1279,server,ubuntu,500,psutil,13399475543,27029672506,188,66,1.8,16179.484375,50.8,,,,,,,,,
20260820_142704_79edcc8b,2026-08-20T18:37:51.143901+00:00,646.9223118700029,1280,server,ubuntu,500,psutil,13399475637,27029672572,94,66,1.5,16179.71875,50.8,,,,,,,,,
20260820_142704_79edcc8b,2026-08-20T18:37:51.644403+00:00,647.422818712017,1281,server,ubuntu,500,psutil,13399475765,27029672738,128,166,1.5,16179.71875,50.8,,,,,,,,,
20260820_142704_79edcc8b,2026-08-20T18:37:52.144908+00:00,647.9233237610024,1282,server,ubuntu,500,psutil,13399475859,27029672804,94,66,1.5,16179.44921875,50.8,,,,,,,,,
20260820_142704_79edcc8b,2026-08-20T18:37:52.645374+00:00,648.4237887130002,1283,server,ubuntu,500,psutil,13399475859,27029672804,0,0,1.8,16179.44921875,50.8,,,,,,,,,
20260820_142704_79edcc8b,2026-08-20T18:37:53.145771+00:00,648.9241859269969,1284,server,ubuntu,500,psutil,13399475953,27029672870,94,66,1.3,16179.44921875,50.8,,,,,,,,,
20260820_142704_79edcc8b,2026-08-20T18:37:53.646264+00:00,649.4246792499907,1285,server,ubuntu,500,psutil,13399486206,27029680939,10253,8069,2.5,16184.07421875,50.8,,,,,,,,,
20260820_142704_79edcc8b,2026-08-20T18:37:54.146775+00:00,649.925190504,1286,server,ubuntu,500,psutil,13399486300,27029681005,94,66,1.0,16184.07421875,50.8,,,,,,,,,
20260820_142704_79edcc8b,2026-08-20T18:37:54.647297+00:00,650.4257123040152,1287,server,ubuntu,500,psutil,13399486300,27029681005,0,0,2.5,16188.484375,50.8,,,,,,,,,
20260820_142704_79edcc8b,2026-08-20T18:37:55.147649+00:00,650.9260641240107,1288,server,ubuntu,500,psutil,13399486394,27029681071,94,66,1.3,16189.02734375,50.8,,,,,,,,,
20260820_142704_79edcc8b,2026-08-20T18:37:55.648107+00:00,651.4265223169932,1289,server,ubuntu,500,psutil,13399486394,27029681071,0,0,1.5,16189.0625,50.8,,,,,,,,,
20260820_142704_79edcc8b,2026-08-20T18:37:56.148604+00:00,651.927018796996,1290,server,ubuntu,500,psutil,13399486488,27029681137,94,66,1.0,16189.0625,50.8,,,,,,,,,
20260820_142704_79edcc8b,2026-08-20T18:37:56.649061+00:00,652.427476323006,1291,server,ubuntu,500,psutil,13399487304,27029681880,816,743,1.5,16187.328125,50.8,,,,,,,,,
20260820_142704_79edcc8b,2026-08-20T18:37:57.149528+00:00,652.9279428370064,1292,server,ubuntu,500,psutil,13399487492,27029682117,188,237,1.7,16187.54296875,50.8,,,,,,,,,
20260820_142704_79edcc8b,2026-08-20T18:37:57.650008+00:00,653.4284230800113,1293,server,ubuntu,500,psutil,13399487712,27029682211,220,94,2.0,16187.54296875,50.8,,,,,,,,,
20260820_142704_79edcc8b,2026-08-20T18:37:58.150468+00:00,653.9288819759968,1294,server,ubuntu,500,psutil,13399488524,27029682906,812,695,1.5,16187.54296875,50.8,,,,,,,,,
20260820_142704_79edcc8b,2026-08-20T18:37:58.650800+00:00,654.4292153360147,1295,server,ubuntu,500,psutil,13399506385,27029688690,17861,5784,1.3,16184.5859375,50.8,,,,,,,,,
20260820_142704_79edcc8b,2026-08-20T18:37:59.151268+00:00,654.9296829290106,1296,server,ubuntu,500,psutil,13399506500,27029688771,115,81,1.0,16184.5859375,50.8,,,,,,,,,
20260820_142704_79edcc8b,2026-08-20T18:37:59.651752+00:00,655.4301665860112,1297,server,ubuntu,500,psutil,13399506594,27029688837,94,66,1.3,16183.15625,50.8,,,,,,,,,
20260820_142704_79edcc8b,2026-08-20T18:38:00.152232+00:00,655.9306464680121,1298,server,ubuntu,500,psutil,13399508053,27029689709,1459,872,1.5,16183.39453125,50.8,,,,,,,,,
20260820_142704_79edcc8b,2026-08-20T18:38:00.652612+00:00,656.4310270980059,1299,server,ubuntu,500,psutil,13399508147,27029689775,94,66,1.3,16183.39453125,50.8,,,,,,,,,
20260820_142704_79edcc8b,2026-08-20T18:38:01.153077+00:00,656.9314924869977,1300,server,ubuntu,500,psutil,13399508147,27029689775,0,0,2.0,16184.140625,50.8,,,,,,,,,
20260820_142704_79edcc8b,2026-08-20T18:38:01.653544+00:00,657.4319594810077,1301,server,ubuntu,500,psutil,13399515387,27029689975,7240,200,3.3,16196.87890625,50.8,,,,,,,,,
20260820_142704_79edcc8b,2026-08-20T18:38:02.154025+00:00,657.9324404280051,1302,server,ubuntu,500,psutil,13399515617,27029691882,230,1907,3.8,16204.3984375,50.8,,,,,,,,,
20260820_142704_79edcc8b,2026-08-20T18:38:02.654503+00:00,658.4329175110033,1303,server,ubuntu,500,psutil,13399516197,27029692160,580,278,6.0,16231.3515625,50.9,,,,,,,,,
20260820_142704_79edcc8b,2026-08-20T18:38:03.154951+00:00,658.9333533600147,1304,server,ubuntu,500,psutil,13399560267,27029978585,44070,286425,12.3,16231.5,50.9,,,,,,,,,
20260820_142704_79edcc8b,2026-08-20T18:38:03.655395+00:00,659.4338099170127,1305,server,ubuntu,500,psutil,13399560933,27029997388,666,18803,7.0,16236.2421875,50.9,,,,,,,,,
20260820_142704_79edcc8b,2026-08-20T18:38:04.156021+00:00,659.934436001,1306,server,ubuntu,500,psutil,13399560933,27029997388,0,0,3.5,16235.6015625,50.9,,,,,,,,,
20260820_142704_79edcc8b,2026-08-20T18:38:04.656376+00:00,660.4347912130179,1307,server,ubuntu,500,psutil,13399636814,27030029397,75881,32009,15.9,16243.875,51.0,,,,,,,,,
20260820_142704_79edcc8b,2026-08-20T18:38:05.156931+00:00,660.9353458220139,1308,server,ubuntu,500,psutil,13399658104,27030086575,21290,57178,7.1,16253.375,51.0,,,,,,,,,
20260820_142704_79edcc8b,2026-08-20T18:38:05.657320+00:00,661.4357345030003,1309,server,ubuntu,500,psutil,13399658104,27030086575,0,0,4.3,16250.49609375,51.0,,,,,,,,,
20260820_142704_79edcc8b,2026-08-20T18:38:06.157754+00:00,661.9361689350044,1310,server,ubuntu,500,psutil,13399658104,27030086575,0,0,3.0,16248.8671875,51.0,,,,,,,,,
20260820_142704_79edcc8b,2026-08-20T18:38:06.658146+00:00,662.4365611420071,1311,server,ubuntu,500,psutil,13399687394,27030121031,29290,34456,3.8,16272.9765625,51.1,,,,,,,,,
20260820_142704_79edcc8b,2026-08-20T18:38:07.158539+00:00,662.9369537470047,1312,server,ubuntu,500,psutil,13399687582,27030121163,188,132,2.7,16272.77734375,51.1,,,,,,,,,
20260820_142704_79edcc8b,2026-08-20T18:38:07.658938+00:00,663.4373536409985,1313,server,ubuntu,500,psutil,13399687802,27030121257,220,94,1.5,16266.66796875,51.0,,,,,,,,,
20260820_142704_79edcc8b,2026-08-20T18:38:08.159342+00:00,663.937756483996,1314,server,ubuntu,500,psutil,13399687802,27030121257,0,0,1.5,16266.66796875,51.0,,,,,,,,,
20260820_142704_79edcc8b,2026-08-20T18:38:08.659781+00:00,664.4381950639945,1315,server,ubuntu,500,psutil,13399687802,27030121257,0,0,2.8,16268.44140625,51.0,,,,,,,,,
20260820_142704_79edcc8b,2026-08-20T18:38:09.160190+00:00,664.93860481499,1316,server,ubuntu,500,psutil,13399687802,27030121257,0,0,1.5,16269.10546875,51.0,,,,,,,,,
20260820_142704_79edcc8b,2026-08-20T18:38:09.660626+00:00,665.4390409960179,1317,server,ubuntu,500,psutil,13399694186,27030127435,6384,6178,2.3,16276.44921875,51.1,,,,,,,,,
20260820_142704_79edcc8b,2026-08-20T18:38:10.161016+00:00,665.9394303949957,1318,server,ubuntu,500,psutil,13399701143,27030134641,6957,7206,5.5,16276.4296875,51.1,,,,,,,,,
20260820_142704_79edcc8b,2026-08-20T18:38:10.661397+00:00,666.4398122600105,1319,server,ubuntu,500,psutil,13399703405,27030139152,2262,4511,6.3,16284.1640625,51.1,,,,,,,,,
20260820_142704_79edcc8b,2026-08-20T18:38:11.161864+00:00,666.94027816999,1320,server,ubuntu,500,psutil,13399776874,27030679776,73469,540624,14.4,16332.33203125,51.2,,,,,,,,,
20260820_142704_79edcc8b,2026-08-20T18:38:11.662334+00:00,667.4407487960125,1321,server,ubuntu,500,psutil,13399966420,27031235727,189546,555951,35.7,16399.0,51.5,,,,,,,,,
20260820_142704_79edcc8b,2026-08-20T18:38:12.162917+00:00,667.9413316849968,1322,server,ubuntu,500,psutil,13399982373,27031244042,15953,8315,8.0,16448.84765625,51.6,,,,,,,,,
20260820_142704_79edcc8b,2026-08-20T18:38:12.663332+00:00,668.4417466860032,1323,server,ubuntu,500,psutil,13399982479,27031245074,106,1032,4.5,16436.7734375,51.6,,,,,,,,,
20260820_142704_79edcc8b,2026-08-20T18:38:13.163819+00:00,668.9422331819951,1324,server,ubuntu,500,psutil,13399983017,27031245392,538,318,4.0,16442.2421875,51.6,,,,,,,,,
20260820_142704_79edcc8b,2026-08-20T18:38:13.664272+00:00,669.4426869910094,1325,server,ubuntu,500,psutil,13400000382,27031248438,17365,3046,3.8,16384.734375,51.4,,,,,,,,,
20260820_142704_79edcc8b,2026-08-20T18:38:14.164761+00:00,669.94317429699,1326,server,ubuntu,500,psutil,13400001457,27031261482,1075,13044,3.8,16384.42578125,51.4,,,,,,,,,
20260820_142704_79edcc8b,2026-08-20T18:38:14.665221+00:00,670.4436364790017,1327,server,ubuntu,500,psutil,13400003006,27031262476,1549,994,2.3,16377.78515625,51.4,,,,,,,,,
20260820_142704_79edcc8b,2026-08-20T18:38:15.165657+00:00,670.9440545889956,1328,server,ubuntu,500,psutil,13400019088,27031290241,16082,27765,5.3,16374.76171875,51.4,,,,,,,,,
20260820_142704_79edcc8b,2026-08-20T18:38:15.666122+00:00,671.4445371490146,1329,server,ubuntu,500,psutil,13400040734,27031344853,21646,54612,9.8,16380.484375,51.4,,,,,,,,,
20260820_142704_79edcc8b,2026-08-20T18:38:16.166495+00:00,671.9449096829921,1330,server,ubuntu,500,psutil,13400043932,27031351440,3198,6587,2.8,16377.9296875,51.4,,,,,,,,,
20260820_142704_79edcc8b,2026-08-20T18:38:16.666969+00:00,672.4453843040101,1331,server,ubuntu,500,psutil,13400044148,27031351596,216,156,1.5,16377.15234375,51.4,,,,,,,,,
20260820_142704_79edcc8b,2026-08-20T18:38:17.167326+00:00,672.9457408820163,1332,server,ubuntu,500,psutil,13400047707,27031354970,3559,3374,3.7,16350.23046875,51.3,,,,,,,,,
20260820_142704_79edcc8b,2026-08-20T18:38:17.667728+00:00,673.4461431500094,1333,server,ubuntu,500,psutil,13400057995,27031370638,10288,15668,4.0,16351.12109375,51.3,,,,,,,,,
20260820_142704_79edcc8b,2026-08-20T18:38:18.168188+00:00,673.9466029840114,1334,server,ubuntu,500,psutil,13400075364,27031388709,17369,18071,6.0,16347.4453125,51.3,,,,,,,,,
20260820_142704_79edcc8b,2026-08-20T18:38:18.668605+00:00,674.4470197980118,1335,server,ubuntu,500,psutil,13400086297,27031397765,10933,9056,4.0,16347.78125,51.3,,,,,,,,,
20260820_142704_79edcc8b,2026-08-20T18:38:19.169078+00:00,674.9474930599972,1336,server,ubuntu,500,psutil,13400089567,27031401862,3270,4097,2.8,16337.4453125,51.3,,,,,,,,,
20260820_142704_79edcc8b,2026-08-20T18:38:19.669561+00:00,675.4479764279968,1337,server,ubuntu,500,psutil,13400097968,27031405837,8401,3975,4.8,16331.0234375,51.2,,,,,,,,,
20260820_142704_79edcc8b,2026-08-20T18:38:20.169949+00:00,675.9483643959975,1338,server,ubuntu,500,psutil,13400107528,27031410102,9560,4265,4.3,16330.19921875,51.2,,,,,,,,,
20260820_142704_79edcc8b,2026-08-20T18:38:20.670558+00:00,676.4489730710047,1339,server,ubuntu,500,psutil,13400117362,27031414175,9834,4073,3.3,16328.69140625,51.2,,,,,,,,,
20260820_142704_79edcc8b,2026-08-20T18:38:21.171032+00:00,676.9494473219966,1340,server,ubuntu,500,psutil,13400131810,27031419608,14448,5433,5.8,16324.4140625,51.2,,,,,,,,,
20260820_142704_79edcc8b,2026-08-20T18:38:21.671505+00:00,677.4499204670137,1341,server,ubuntu,500,psutil,13400140212,27031422688,8402,3080,3.5,16316.5078125,51.2,,,,,,,,,
20260820_142704_79edcc8b,2026-08-20T18:38:22.171973+00:00,677.9503884240112,1342,server,ubuntu,500,psutil,13400143326,27031432189,3114,9501,3.2,16314.4765625,51.2,,,,,,,,,
20260820_142704_79edcc8b,2026-08-20T18:38:22.672454+00:00,678.4508697740093,1343,server,ubuntu,500,psutil,13400143420,27031432255,94,66,1.8,16315.703125,51.2,,,,,,,,,
20260820_142704_79edcc8b,2026-08-20T18:38:23.172931+00:00,678.9513457190187,1344,server,ubuntu,500,psutil,13400149754,27031438291,6334,6036,3.0,16314.546875,51.2,,,,,,,,,
20260820_142704_79edcc8b,2026-08-20T18:38:23.673410+00:00,679.4518254119903,1345,server,ubuntu,500,psutil,13400155578,27031441596,5824,3305,5.2,16297.359375,51.1,,,,,,,,,
20260820_142704_79edcc8b,2026-08-20T18:38:24.173777+00:00,679.9521925910085,1346,server,ubuntu,500,psutil,13400168268,27031446332,12690,4736,4.8,16297.0859375,51.1,,,,,,,,,
20260820_142704_79edcc8b,2026-08-20T18:38:24.674150+00:00,680.4525652390148,1347,server,ubuntu,500,psutil,13400176897,27031450374,8629,4042,4.0,16273.39453125,51.1,,,,,,,,,
20260820_142704_79edcc8b,2026-08-20T18:38:25.174621+00:00,680.9530357370095,1348,server,ubuntu,500,psutil,13400180111,27031451867,3214,1493,4.2,16273.1171875,51.1,,,,,,,,,
20260820_142704_79edcc8b,2026-08-20T18:38:25.675093+00:00,681.453507622995,1349,server,ubuntu,500,psutil,13400180296,27031451990,185,123,2.3,16270.87890625,51.0,,,,,,,,,
20260820_142704_79edcc8b,2026-08-20T18:38:26.175477+00:00,681.9538918290054,1350,server,ubuntu,500,psutil,13400182611,27031454741,2315,2751,3.3,16270.51171875,51.0,,,,,,,,,
20260820_142704_79edcc8b,2026-08-20T18:38:26.675922+00:00,682.4543369430176,1351,server,ubuntu,500,psutil,13400186064,27031459523,3453,4782,5.5,16271.21484375,51.0,,,,,,,,,
20260820_142704_79edcc8b,2026-08-20T18:38:27.176418+00:00,682.9548300490133,1352,server,ubuntu,500,psutil,13400283764,27032726799,97700,1267276,25.4,16380.3125,51.4,,,,,,,,,
20260820_142704_79edcc8b,2026-08-20T18:38:27.676912+00:00,683.4553258070082,1353,server,ubuntu,500,psutil,13400385681,27033436227,101917,709428,27.0,16429.88671875,51.5,,,,,,,,,
20260820_142704_79edcc8b,2026-08-20T18:38:28.177343+00:00,683.9557572299964,1354,server,ubuntu,500,psutil,13400390344,27033440381,4663,4154,8.0,16430.88671875,51.6,,,,,,,,,
20260820_142704_79edcc8b,2026-08-20T18:38:28.677827+00:00,684.4562421750161,1355,server,ubuntu,500,psutil,13400416064,27033490110,25720,49729,9.7,16436.0078125,51.6,,,,,,,,,
20260820_142704_79edcc8b,2026-08-20T18:38:29.178479+00:00,684.9568941869948,1356,server,ubuntu,500,psutil,13400421818,27033500571,5754,10461,6.5,16441.171875,51.6,,,,,,,,,
20260820_142704_79edcc8b,2026-08-20T18:38:29.678843+00:00,685.4572578649968,1357,server,ubuntu,500,psutil,13400425645,27033504409,3827,3838,6.5,16427.046875,51.5,,,,,,,,,
20260820_142704_79edcc8b,2026-08-20T18:38:30.179244+00:00,685.957659481006,1358,server,ubuntu,500,psutil,13400429924,27033509436,4279,5027,6.8,16430.08203125,51.5,,,,,,,,,
20260820_142704_79edcc8b,2026-08-20T18:38:30.679646+00:00,686.45806094,1359,server,ubuntu,500,psutil,13400432540,27033512147,2616,2711,5.5,16438.82421875,51.6,,,,,,,,,
20260820_142704_79edcc8b,2026-08-20T18:38:31.180073+00:00,686.9584882319905,1360,server,ubuntu,500,psutil,13400453860,27033605055,21320,92908,17.3,16687.5625,52.4,,,,,,,,,
20260820_142704_79edcc8b,2026-08-20T18:38:31.680435+00:00,687.4588496060169,1361,server,ubuntu,500,psutil,13400548703,27033795711,94843,190656,20.9,16474.28125,51.7,,,,,,,,,
20260820_142704_79edcc8b,2026-08-20T18:38:32.180837+00:00,687.9592523190076,1362,server,ubuntu,500,psutil,13400559127,27033800302,10424,4591,9.5,16474.86328125,51.7,,,,,,,,,
20260820_142704_79edcc8b,2026-08-20T18:38:32.681314+00:00,688.4597290650127,1363,server,ubuntu,500,psutil,13400559127,27033800302,0,0,4.5,16458.0234375,51.6,,,,,,,,,
20260820_142704_79edcc8b,2026-08-20T18:38:33.181674+00:00,688.9600895640033,1364,server,ubuntu,500,psutil,13400568114,27033801397,8987,1095,4.0,16457.921875,51.6,,,,,,,,,
20260820_142704_79edcc8b,2026-08-20T18:38:33.682147+00:00,689.4605618109927,1365,server,ubuntu,500,psutil,13400568114,27033801397,0,0,4.0,16456.12890625,51.6,,,,,,,,,
20260820_142704_79edcc8b,2026-08-20T18:38:34.182605+00:00,689.9610199820017,1366,server,ubuntu,500,psutil,13400570906,27033804474,2792,3077,4.3,16458.25,51.6,,,,,,,,,
20260820_142704_79edcc8b,2026-08-20T18:38:34.683074+00:00,690.4614887410135,1367,server,ubuntu,500,psutil,13400570906,27033804474,0,0,3.8,16459.30078125,51.6,,,,,,,,,
20260820_142704_79edcc8b,2026-08-20T18:38:35.183543+00:00,690.9619581830048,1368,server,ubuntu,500,psutil,13400585229,27033805639,14323,1165,4.0,16458.8125,51.6,,,,,,,,,
20260820_142704_79edcc8b,2026-08-20T18:38:35.684015+00:00,691.4624308870116,1369,server,ubuntu,500,psutil,13400585229,27033805639,0,0,3.8,16457.81640625,51.6,,,,,,,,,
20260820_142704_79edcc8b,2026-08-20T18:38:36.184486+00:00,691.9629009130003,1370,server,ubuntu,500,psutil,13400587781,27033808569,2552,2930,6.8,16446.98828125,51.6,,,,,,,,,
20260820_142704_79edcc8b,2026-08-20T18:38:36.684856+00:00,692.4632710730075,1371,server,ubuntu,500,psutil,13400587903,27033808725,122,156,4.5,16454.078125,51.6,,,,,,,,,
20260820_142704_79edcc8b,2026-08-20T18:38:37.185337+00:00,692.9637519770185,1372,server,ubuntu,500,psutil,13400587997,27033808791,94,66,4.2,16453.828125,51.6,,,,,,,,,
20260820_142704_79edcc8b,2026-08-20T18:38:37.685728+00:00,693.4641428439936,1373,server,ubuntu,500,psutil,13400588405,27033808990,408,199,4.5,16453.828125,51.6,,,,,,,,,
20260820_142704_79edcc8b,2026-08-20T18:38:38.186199+00:00,693.9646141460107,1374,server,ubuntu,500,psutil,13400590142,27033810880,1737,1890,3.3,16451.58984375,51.6,,,,,,,,,
20260820_142704_79edcc8b,2026-08-20T18:38:38.686610+00:00,694.4650251010025,1375,server,ubuntu,500,psutil,13400590142,27033810880,0,0,4.8,16452.08984375,51.6,,,,,,,,,
20260820_142704_79edcc8b,2026-08-20T18:38:39.187084+00:00,694.9654997680045,1376,server,ubuntu,500,psutil,13400599182,27033812050,9040,1170,5.8,16445.57421875,51.6,,,,,,,,,
20260820_142704_79edcc8b,2026-08-20T18:38:39.687573+00:00,695.4659882760025,1377,server,ubuntu,500,psutil,13400599288,27033812440,106,390,5.0,16444.8046875,51.6,,,,,,,,,
20260820_142704_79edcc8b,2026-08-20T18:38:40.188050+00:00,695.9664651740168,1378,server,ubuntu,500,psutil,13400603343,27033816012,4055,3572,4.3,16443.515625,51.6,,,,,,,,,
20260820_142704_79edcc8b,2026-08-20T18:38:40.688662+00:00,696.467077556008,1379,server,ubuntu,500,psutil,13400603343,27033816012,0,0,4.8,16442.5,51.6,,,,,,,,,
20260820_142704_79edcc8b,2026-08-20T18:38:41.189148+00:00,696.9675633659936,1380,server,ubuntu,500,psutil,13400603746,27033816997,403,985,5.3,16424.5703125,51.5,,,,,,,,,
20260820_142704_79edcc8b,2026-08-20T18:38:41.689616+00:00,697.468031166005,1381,server,ubuntu,500,psutil,13400603746,27033816997,0,0,4.8,16419.8515625,51.5,,,,,,,,,
20260820_142704_79edcc8b,2026-08-20T18:38:42.189978+00:00,697.9683919550152,1382,server,ubuntu,500,psutil,13400605876,27033819062,2130,2065,4.8,16418.19921875,51.5,,,,,,,,,
20260820_142704_79edcc8b,2026-08-20T18:38:42.690465+00:00,698.4688802940072,1383,server,ubuntu,500,psutil,13400605876,27033819062,0,0,4.0,16417.92578125,51.5,,,,,,,,,
20260820_142704_79edcc8b,2026-08-20T18:38:43.190883+00:00,698.9692971449986,1384,server,ubuntu,500,psutil,13400612384,27033820249,6508,1187,7.6,16435.0546875,51.6,,,,,,,,,
20260820_142704_79edcc8b,2026-08-20T18:38:43.691590+00:00,699.4700056739966,1385,server,ubuntu,500,psutil,13400613963,27033821119,1579,870,5.0,16428.72265625,51.5,,,,,,,,,
20260820_142704_79edcc8b,2026-08-20T18:38:44.192056+00:00,699.9704709640064,1386,server,ubuntu,500,psutil,13400613963,27033821185,0,66,2.8,16428.47265625,51.5,,,,,,,,,
20260820_142704_79edcc8b,2026-08-20T18:38:44.692532+00:00,700.4709418650018,1387,server,ubuntu,500,psutil,13400616409,27033823819,2446,2634,3.5,16428.78125,51.5,,,,,,,,,
20260820_142704_79edcc8b,2026-08-20T18:38:45.193064+00:00,700.9714789740101,1388,server,ubuntu,500,psutil,13400616409,27033823885,0,66,3.0,16432.9375,51.6,,,,,,,,,
20260820_142704_79edcc8b,2026-08-20T18:38:45.693446+00:00,701.4718612619909,1389,server,ubuntu,500,psutil,13400616409,27033823885,0,0,2.0,16396.61328125,51.4,,,,,,,,,
20260820_142704_79edcc8b,2026-08-20T18:38:46.193996+00:00,701.9724109669914,1390,server,ubuntu,500,psutil,13400616409,27033823885,0,0,5.0,16395.12109375,51.4,,,,,,,,,
20260820_142704_79edcc8b,2026-08-20T18:38:46.694460+00:00,702.4728719860141,1391,server,ubuntu,500,psutil,13400619862,27033828734,3453,4849,3.0,16385.59765625,51.4,,,,,,,,,
20260820_142704_79edcc8b,2026-08-20T18:38:47.194925+00:00,702.9733406910091,1392,server,ubuntu,500,psutil,13400619862,27033828734,0,0,1.5,16385.48046875,51.4,,,,,,,,,
20260820_142704_79edcc8b,2026-08-20T18:38:47.695393+00:00,703.4738083409902,1393,server,ubuntu,500,psutil,13400621016,27033829271,1154,537,1.8,16376.2734375,51.4,,,,,,,,,
20260820_142704_79edcc8b,2026-08-20T18:38:48.195745+00:00,703.9741602340073,1394,server,ubuntu,500,psutil,13400621016,27033829271,0,0,1.8,16376.515625,51.4,,,,,,,,,
20260820_142704_79edcc8b,2026-08-20T18:38:48.696215+00:00,704.4746302929998,1395,server,ubuntu,500,psutil,13400622340,27033830499,1324,1228,2.0,16376.515625,51.4,,,,,,,,,
20260820_142704_79edcc8b,2026-08-20T18:38:49.196895+00:00,704.9753094550106,1396,server,ubuntu,500,psutil,13400622340,27033830499,0,0,1.3,16376.5703125,51.4,,,,,,,,,
20260820_142704_79edcc8b,2026-08-20T18:38:49.697371+00:00,705.4757860550017,1397,server,ubuntu,500,psutil,13400622340,27033830499,0,0,2.0,16376.88671875,51.4,,,,,,,,,
20260820_142704_79edcc8b,2026-08-20T18:38:50.197767+00:00,705.9761820790009,1398,server,ubuntu,500,psutil,13400622434,27033830604,94,105,1.0,16376.88671875,51.4,,,,,,,,,
20260820_142704_79edcc8b,2026-08-20T18:38:50.698117+00:00,706.4765318160062,1399,server,ubuntu,500,psutil,13400624225,27033832369,1791,1765,3.0,16366.34765625,51.3,,,,,,,,,
20260820_142704_79edcc8b,2026-08-20T18:38:51.198587+00:00,706.9770019869902,1400,server,ubuntu,500,psutil,13400624225,27033832369,0,0,2.0,16370.1171875,51.4,,,,,,,,,
20260820_142704_79edcc8b,2026-08-20T18:38:51.699051+00:00,707.4774662739947,1401,server,ubuntu,500,psutil,13400625015,27033833010,790,641,3.0,16381.03515625,51.4,,,,,,,,,
20260820_142704_79edcc8b,2026-08-20T18:38:52.199530+00:00,707.9779451520008,1402,server,ubuntu,500,psutil,13400625015,27033833010,0,0,1.8,16381.09765625,51.4,,,,,,,,,
20260820_142704_79edcc8b,2026-08-20T18:38:52.700012+00:00,708.4784267480136,1403,server,ubuntu,500,psutil,13400627150,27033835385,2135,2375,3.0,16379.625,51.4,,,,,,,,,
20260820_142704_79edcc8b,2026-08-20T18:38:53.200396+00:00,708.9788102600141,1404,server,ubuntu,500,psutil,13400627150,27033835385,0,0,2.0,16390.94921875,51.4,,,,,,,,,
20260820_142704_79edcc8b,2026-08-20T18:38:53.700770+00:00,709.4791845889995,1405,server,ubuntu,500,psutil,13400627553,27033835692,403,307,14.0,16476.60546875,51.7,,,,,,,,,
20260820_142704_79edcc8b,2026-08-20T18:38:54.201254+00:00,709.9796689040086,1406,server,ubuntu,500,psutil,13400627553,27033835692,0,0,1.8,16470.87109375,51.7,,,,,,,,,
20260820_142704_79edcc8b,2026-08-20T18:38:54.701927+00:00,710.4803420660028,1407,server,ubuntu,500,psutil,13400628441,27033836610,888,918,1.5,16465.2109375,51.7,,,,,,,,,
20260820_142704_79edcc8b,2026-08-20T18:38:55.202409+00:00,710.9808248179907,1408,server,ubuntu,500,psutil,13400628441,27033836610,0,0,1.5,16456.796875,51.6,,,,,,,,,
20260820_142704_79edcc8b,2026-08-20T18:38:55.702782+00:00,711.4811969530128,1409,server,ubuntu,500,psutil,13400628441,27033836610,0,0,2.5,16453.3046875,51.6,,,,,,,,,
20260820_142704_79edcc8b,2026-08-20T18:38:56.203267+00:00,711.9816821830173,1410,server,ubuntu,500,psutil,13400628441,27033836610,0,0,1.5,16445.30859375,51.6,,,,,,,,,
20260820_142704_79edcc8b,2026-08-20T18:38:56.704022+00:00,712.4824370900169,1411,server,ubuntu,500,psutil,13400630072,27033841545,1631,4935,2.5,16444.98828125,51.6,,,,,,,,,
20260820_142704_79edcc8b,2026-08-20T18:38:57.204511+00:00,712.9829261309933,1412,server,ubuntu,500,psutil,13400630178,27033841631,106,86,2.0,16435.57421875,51.6,,,,,,,,,
20260820_142704_79edcc8b,2026-08-20T18:38:57.705086+00:00,713.4835017430014,1413,server,ubuntu,500,psutil,13400630398,27033841725,220,94,2.3,16433.8359375,51.6,,,,,,,,,
20260820_142704_79edcc8b,2026-08-20T18:38:58.205509+00:00,713.9838987840049,1414,server,ubuntu,500,psutil,13400631857,27033842597,1459,872,1.8,16426.16796875,51.5,,,,,,,,,
20260820_142704_79edcc8b,2026-08-20T18:38:58.705990+00:00,714.4844055419962,1415,server,ubuntu,500,psutil,13400633618,27033844143,1761,1546,2.3,16425.61328125,51.5,,,,,,,,,
20260820_142704_79edcc8b,2026-08-20T18:38:59.206712+00:00,714.9851270590152,1416,server,ubuntu,500,psutil,13400633931,27033844534,313,391,1.8,16416.890625,51.5,,,,,,,,,
20260820_142704_79edcc8b,2026-08-20T18:38:59.707423+00:00,715.4858377730125,1417,server,ubuntu,500,psutil,13400633931,27033844534,0,0,1.5,16416.0234375,51.5,,,,,,,,,
20260820_142704_79edcc8b,2026-08-20T18:39:00.207885+00:00,715.9862995239964,1418,server,ubuntu,500,psutil,13400633931,27033844534,0,0,1.5,16409.84375,51.5,,,,,,,,,
20260820_142704_79edcc8b,2026-08-20T18:39:00.708304+00:00,716.4867192690144,1419,server,ubuntu,500,psutil,13400635791,27033853444,1860,8910,2.5,16410.0078125,51.5,,,,,,,,,
20260820_142704_79edcc8b,2026-08-20T18:39:01.208687+00:00,716.9871023379965,1420,server,ubuntu,500,psutil,13400635791,27033853444,0,0,2.3,16404.33984375,51.5,,,,,,,,,
20260820_142704_79edcc8b,2026-08-20T18:39:01.709091+00:00,717.4875061319908,1421,server,ubuntu,500,psutil,13400637878,27033855608,2087,2164,2.5,16404.234375,51.5,,,,,,,,,
20260820_142704_79edcc8b,2026-08-20T18:39:02.209526+00:00,717.9879409130081,1422,server,ubuntu,500,psutil,13400645438,27033862102,7560,6494,1.8,16401.046875,51.5,,,,,,,,,
20260820_142704_79edcc8b,2026-08-20T18:39:02.709938+00:00,718.4883522420132,1423,server,ubuntu,500,psutil,13400648092,27033864990,2654,2888,2.7,16401.27734375,51.5,,,,,,,,,
20260820_142704_79edcc8b,2026-08-20T18:39:03.210455+00:00,718.988870753994,1424,server,ubuntu,500,psutil,13400648092,27033864990,0,0,1.3,16396.62890625,51.4,,,,,,,,,
20260820_142704_79edcc8b,2026-08-20T18:39:03.710957+00:00,719.4893721370026,1425,server,ubuntu,500,psutil,13400648331,27033865266,239,276,2.3,16396.62890625,51.4,,,,,,,,,
20260820_142704_79edcc8b,2026-08-20T18:39:04.211336+00:00,719.9897517930076,1426,server,ubuntu,500,psutil,13400648425,27033865371,94,105,1.0,16392.8359375,51.4,,,,,,,,,
20260820_142704_79edcc8b,2026-08-20T18:39:04.711868+00:00,720.4902832109947,1427,server,ubuntu,500,psutil,13400649772,27033867024,1347,1653,2.0,16392.8359375,51.4,,,,,,,,,
20260820_142704_79edcc8b,2026-08-20T18:39:05.212325+00:00,720.9907404209953,1428,server,ubuntu,500,psutil,13400649772,27033867024,0,0,2.5,16388.46875,51.4,,,,,,,,,
20260820_142704_79edcc8b,2026-08-20T18:39:05.712680+00:00,721.4910948789911,1429,server,ubuntu,500,psutil,13400649887,27033867105,115,81,1.8,16388.6875,51.4,,,,,,,,,
20260820_142704_79edcc8b,2026-08-20T18:39:06.213159+00:00,721.9915741310106,1430,server,ubuntu,500,psutil,13400649887,27033867105,0,0,2.0,16385.875,51.4,,,,,,,,,
20260820_142704_79edcc8b,2026-08-20T18:39:06.713610+00:00,722.4920253710006,1431,server,ubuntu,500,psutil,13400654124,27033870009,4237,2904,2.3,16386.1796875,51.4,,,,,,,,,
20260820_142704_79edcc8b,2026-08-20T18:39:07.214096+00:00,722.9925109489996,1432,server,ubuntu,500,psutil,13400654653,27033870207,529,198,1.3,16383.59765625,51.4,,,,,,,,,
20260820_142704_79edcc8b,2026-08-20T18:39:07.714559+00:00,723.4929742949898,1433,server,ubuntu,500,psutil,13400655276,27033870612,623,405,1.8,16383.81640625,51.4,,,,,,,,,
20260820_142704_79edcc8b,2026-08-20T18:39:08.215031+00:00,723.9934456140036,1434,server,ubuntu,500,psutil,13400655276,27033870612,0,0,2.0,16381.31640625,51.4,,,,,,,,,
20260820_142704_79edcc8b,2026-08-20T18:39:08.715505+00:00,724.4939200690133,1435,server,ubuntu,500,psutil,13400658157,27033873556,2881,2944,1.8,16380.7890625,51.4,,,,,,,,,
20260820_142704_79edcc8b,2026-08-20T18:39:09.215866+00:00,724.9942806930048,1436,server,ubuntu,500,psutil,13400658157,27033873556,0,0,1.5,16379.30859375,51.4,,,,,,,,,
20260820_142704_79edcc8b,2026-08-20T18:39:09.716341+00:00,725.4947561809968,1437,server,ubuntu,500,psutil,13400658977,27033886312,820,12756,2.0,16379.27734375,51.4,,,,,,,,,
20260820_142704_79edcc8b,2026-08-20T18:39:10.216698+00:00,725.9951132220158,1438,server,ubuntu,500,psutil,13400658977,27033886312,0,0,2.3,16377.90625,51.4,,,,,,,,,
20260820_142704_79edcc8b,2026-08-20T18:39:10.717181+00:00,726.4955960730149,1439,server,ubuntu,500,psutil,13400661960,27033890051,2983,3739,2.0,16377.90625,51.4,,,,,,,,,
20260820_142704_79edcc8b,2026-08-20T18:39:11.217615+00:00,726.996029802016,1440,server,ubuntu,500,psutil,13400662054,27033890156,94,105,1.8,16376.91015625,51.4,,,,,,,,,
20260820_142704_79edcc8b,2026-08-20T18:39:11.718080+00:00,727.4964949880086,1441,server,ubuntu,500,psutil,13400662054,27033890156,0,0,8.0,16376.31640625,51.4,,,,,,,,,
20260820_142704_79edcc8b,2026-08-20T18:39:12.218574+00:00,727.9969890929933,1442,server,ubuntu,500,psutil,13400662054,27033890156,0,0,1.5,16374.96875,51.4,,,,,,,,,
20260820_142704_79edcc8b,2026-08-20T18:39:12.719050+00:00,728.4974654669932,1443,server,ubuntu,500,psutil,13400664551,27033892908,2497,2752,1.8,16374.96875,51.4,,,,,,,,,
20260820_142704_79edcc8b,2026-08-20T18:39:13.219527+00:00,728.9979422480101,1444,server,ubuntu,500,psutil,13400664551,27033892908,0,0,2.5,16375.18359375,51.4,,,,,,,,,
20260820_142704_79edcc8b,2026-08-20T18:39:13.719879+00:00,729.4982935689914,1445,server,ubuntu,500,psutil,13400665412,27033893079,861,171,1.3,16375.18359375,51.4,,,,,,,,,
20260820_142704_79edcc8b,2026-08-20T18:39:14.220359+00:00,729.998773949017,1446,server,ubuntu,500,psutil,13400666224,27033893774,812,695,1.8,16376.890625,51.4,,,,,,,,,
20260820_142704_79edcc8b,2026-08-20T18:39:14.720732+00:00,730.4991466030187,1447,server,ubuntu,500,psutil,13400666224,27033893774,0,0,2.5,16376.62890625,51.4,,,,,,,,,
20260820_142704_79edcc8b,2026-08-20T18:39:15.221217+00:00,730.9996326690016,1448,server,ubuntu,500,psutil,13400666224,27033893774,0,0,2.5,16376.34765625,51.4,,,,,,,,,
20260820_142704_79edcc8b,2026-08-20T18:39:15.721601+00:00,731.5000158679904,1449,server,ubuntu,500,psutil,13400666224,27033893774,0,0,2.0,16376.03515625,51.4,,,,,,,,,
20260820_142704_79edcc8b,2026-08-20T18:39:16.222330+00:00,732.0007453369908,1450,server,ubuntu,500,psutil,13400666650,27033893958,426,184,1.5,16376.03125,51.4,,,,,,,,,
20260820_142704_79edcc8b,2026-08-20T18:39:16.723080+00:00,732.5014954020153,1451,server,ubuntu,500,psutil,13400667175,27033894425,525,467,2.2,16376.03125,51.4,,,,,,,,,
20260820_142704_79edcc8b,2026-08-20T18:39:17.223812+00:00,733.0022270409972,1452,server,ubuntu,500,psutil,13400667175,27033894425,0,0,2.0,16376.13671875,51.4,,,,,,,,,
20260820_142704_79edcc8b,2026-08-20T18:39:17.724549+00:00,733.5029644680035,1453,server,ubuntu,500,psutil,13400667709,27033894718,534,293,2.3,16376.13671875,51.4,,,,,,,,,
20260820_142704_79edcc8b,2026-08-20T18:39:18.225287+00:00,734.0037024680059,1454,server,ubuntu,500,psutil,13400667709,27033894718,0,0,1.7,16376.11328125,51.4,,,,,,,,,
20260820_142704_79edcc8b,2026-08-20T18:39:18.725670+00:00,734.5040857400163,1455,server,ubuntu,500,psutil,13400669550,27033896567,1841,1849,2.5,16376.359375,51.4,,,,,,,,,
20260820_142704_79edcc8b,2026-08-20T18:39:19.226114+00:00,735.0045285320084,1456,server,ubuntu,500,psutil,13400669666,27033896648,116,81,2.3,16376.359375,51.4,,,,,,,,,
20260820_142704_79edcc8b,2026-08-20T18:39:19.726541+00:00,735.5049562700151,1457,server,ubuntu,500,psutil,13400671526,27033897830,1860,1182,2.7,16376.07421875,51.4,,,,,,,,,
20260820_142704_79edcc8b,2026-08-20T18:39:20.227228+00:00,736.005642892007,1458,server,ubuntu,500,psutil,13400671526,27033897830,0,0,2.7,16375.671875,51.4,,,,,,,,,
20260820_142704_79edcc8b,2026-08-20T18:39:20.727586+00:00,736.5060010610032,1459,server,ubuntu,500,psutil,13400673651,27033900349,2125,2519,2.0,16375.66796875,51.4,,,,,,,,,
20260820_142704_79edcc8b,2026-08-20T18:39:21.228171+00:00,737.0065857070149,1460,server,ubuntu,500,psutil,13400673651,27033900349,0,0,1.3,16375.66796875,51.4,,,,,,,,,
20260820_142704_79edcc8b,2026-08-20T18:39:21.728635+00:00,737.5070501629962,1461,server,ubuntu,500,psutil,13400673972,27033900586,321,237,1.8,16375.66796875,51.4,,,,,,,,,
20260820_142704_79edcc8b,2026-08-20T18:39:22.229099+00:00,738.00751385701,1462,server,ubuntu,500,psutil,13400674066,27033900586,94,0,3.0,16375.8515625,51.4,,,,,,,,,
20260820_142704_79edcc8b,2026-08-20T18:39:22.729590+00:00,738.5080055330181,1463,server,ubuntu,500,psutil,13400674778,27033901385,712,799,1.5,16375.8359375,51.4,,,,,,,,,
20260820_142704_79edcc8b,2026-08-20T18:39:23.230081+00:00,739.0084967910079,1464,server,ubuntu,500,psutil,13400674872,27033901451,94,66,1.5,16376.1328125,51.4,,,,,,,,,
20260820_142704_79edcc8b,2026-08-20T18:39:23.730611+00:00,739.5090265329927,1465,server,ubuntu,500,psutil,13400675368,27033901865,496,414,3.5,16369.5625,51.4,,,,,,,,,
20260820_142704_79edcc8b,2026-08-20T18:39:24.231071+00:00,740.0094857410004,1466,server,ubuntu,500,psutil,13400675368,27033901865,0,0,2.8,16370.05859375,51.4,,,,,,,,,
20260820_142704_79edcc8b,2026-08-20T18:39:24.731581+00:00,740.5099957009952,1467,server,ubuntu,500,psutil,13400676717,27033903182,1349,1317,2.5,16367.80859375,51.4,,,,,,,,,
20260820_142704_79edcc8b,2026-08-20T18:39:25.232042+00:00,741.0104578530008,1468,server,ubuntu,500,psutil,13400676717,27033903182,0,0,2.2,16367.90234375,51.4,,,,,,,,,
20260820_142704_79edcc8b,2026-08-20T18:39:25.732438+00:00,741.5108525489923,1469,server,ubuntu,500,psutil,13400676717,27033903182,0,0,2.0,16368.21484375,51.4,,,,,,,,,
20260820_142704_79edcc8b,2026-08-20T18:39:26.232980+00:00,742.0113954239932,1470,server,ubuntu,500,psutil,13400676717,27033903182,0,0,1.8,16368.33984375,51.4,,,,,,,,,
20260820_142704_79edcc8b,2026-08-20T18:39:26.733565+00:00,742.511980403011,1471,server,ubuntu,500,psutil,13400680170,27033907964,3453,4782,1.3,16368.33984375,51.4,,,,,,,,,
20260820_142704_79edcc8b,2026-08-20T18:39:27.234041+00:00,743.012455840013,1472,server,ubuntu,500,psutil,13400682620,27033910655,2450,2691,3.3,16368.03125,51.4,,,,,,,,,
20260820_142704_79edcc8b,2026-08-20T18:39:27.734525+00:00,743.5129406510096,1473,server,ubuntu,500,psutil,13400682847,27033910826,227,171,1.5,16368.03125,51.4,,,,,,,,,
20260820_142704_79edcc8b,2026-08-20T18:39:28.235001+00:00,744.0134159729932,1474,server,ubuntu,500,psutil,13400682847,27033910826,0,0,2.0,16368.49609375,51.4,,,,,,,,,
20260820_142704_79edcc8b,2026-08-20T18:39:28.735741+00:00,744.5141555290029,1475,server,ubuntu,500,psutil,13400682847,27033910826,0,0,1.5,16368.49609375,51.4,,,,,,,,,
20260820_142704_79edcc8b,2026-08-20T18:39:29.236225+00:00,745.0146400980011,1476,server,ubuntu,500,psutil,13400685428,27033913350,2581,2524,3.3,16368.4921875,51.4,,,,,,,,,
20260820_142704_79edcc8b,2026-08-20T18:39:29.736969+00:00,745.5153841249994,1477,server,ubuntu,500,psutil,13400685835,27033913787,407,437,2.0,16365.890625,51.3,,,,,,,,,
20260820_142704_79edcc8b,2026-08-20T18:39:30.237436+00:00,746.0158507790184,1478,server,ubuntu,500,psutil,13400686315,27033914139,480,352,2.0,16365.50390625,51.3,,,,,,,,,
20260820_142704_79edcc8b,2026-08-20T18:39:30.738186+00:00,746.51660093799,1479,server,ubuntu,500,psutil,13400686503,27033914205,188,66,1.7,16365.50390625,51.3,,,,,,,,,
20260820_142704_79edcc8b,2026-08-20T18:39:31.238625+00:00,747.0170402319927,1480,server,ubuntu,500,psutil,13400688554,27033916438,2051,2233,2.5,16365.0625,51.3,,,,,,,,,
20260820_142704_79edcc8b,2026-08-20T18:39:31.739368+00:00,747.5177834880014,1481,server,ubuntu,500,psutil,13400688781,27033916609,227,171,1.2,16365.0625,51.3,,,,,,,,,
20260820_142704_79edcc8b,2026-08-20T18:39:32.239924+00:00,748.0183381990064,1482,server,ubuntu,500,psutil,13400688875,27033916714,94,105,2.3,16364.15625,51.3,,,,,,,,,
20260820_142704_79edcc8b,2026-08-20T18:39:32.740409+00:00,748.5188239979907,1483,server,ubuntu,500,psutil,13400688875,27033916714,0,0,1.8,16367.01953125,51.4,,,,,,,,,
20260820_142704_79edcc8b,2026-08-20T18:39:33.240882+00:00,749.0192972660006,1484,server,ubuntu,500,psutil,13400689761,27033917664,886,950,3.2,16367.390625,51.4,,,,,,,,,
20260820_142704_79edcc8b,2026-08-20T18:39:33.741374+00:00,749.5197892150027,1485,server,ubuntu,500,psutil,13400689761,27033917664,0,0,1.5,16367.3828125,51.4,,,,,,,,,
20260820_142704_79edcc8b,2026-08-20T18:39:34.241825+00:00,750.0202395899978,1486,server,ubuntu,500,psutil,13400690286,27033918055,525,391,3.0,16367.37890625,51.4,,,,,,,,,
20260820_142704_79edcc8b,2026-08-20T18:39:34.742228+00:00,750.5206424829958,1487,server,ubuntu,500,psutil,13400690286,27033918055,0,0,1.8,16367.06640625,51.4,,,,,,,,,
20260820_142704_79edcc8b,2026-08-20T18:39:35.242689+00:00,751.0211044189928,1488,server,ubuntu,500,psutil,13400692235,27033920161,1949,2106,2.5,16367.3828125,51.4,,,,,,,,,
20260820_142704_79edcc8b,2026-08-20T18:39:35.743082+00:00,751.5214974129922,1489,server,ubuntu,500,psutil,13400692235,27033920161,0,0,1.3,16367.3828125,51.4,,,,,,,,,
20260820_142704_79edcc8b,2026-08-20T18:39:36.243515+00:00,752.0219286119973,1490,server,ubuntu,500,psutil,13400692733,27033920577,498,416,3.0,16367.5390625,51.4,,,,,,,,,
20260820_142704_79edcc8b,2026-08-20T18:39:36.744033+00:00,752.5224480280012,1491,server,ubuntu,500,psutil,13400693113,27033920935,380,358,1.8,16367.5390625,51.4,,,,,,,,,
20260820_142704_79edcc8b,2026-08-20T18:39:37.244503+00:00,753.0229175199929,1492,server,ubuntu,500,psutil,13400695844,27033923905,2731,2970,1.8,16367.55078125,51.4,,,,,,,,,
20260820_142704_79edcc8b,2026-08-20T18:39:37.744980+00:00,753.5233948189998,1493,server,ubuntu,500,psutil,13400695938,27033923971,94,66,1.3,16367.55078125,51.4,,,,,,,,,
20260820_142704_79edcc8b,2026-08-20T18:39:38.245447+00:00,754.0238618720032,1494,server,ubuntu,500,psutil,13400695938,27033923971,0,0,2.3,16367.48828125,51.4,,,,,,,,,
20260820_142704_79edcc8b,2026-08-20T18:39:38.745855+00:00,754.524270621012,1495,server,ubuntu,500,psutil,13400695938,27033923971,0,0,2.0,16367.48828125,51.4,,,,,,,,,
20260820_142704_79edcc8b,2026-08-20T18:39:39.246323+00:00,755.0247374850151,1496,server,ubuntu,500,psutil,13400697775,27033926330,1837,2359,2.3,16367.48046875,51.4,,,,,,,,,
20260820_142704_79edcc8b,2026-08-20T18:39:39.746844+00:00,755.5252589250158,1497,server,ubuntu,500,psutil,13400697775,27033926330,0,0,1.5,16367.54296875,51.4,,,,,,,,,
20260820_142704_79edcc8b,2026-08-20T18:39:40.247307+00:00,756.0257226579997,1498,server,ubuntu,500,psutil,13400697775,27033926330,0,0,1.5,16367.54296875,51.4,,,,,,,,,
20260820_142704_79edcc8b,2026-08-20T18:39:40.747752+00:00,756.5261670240143,1499,server,ubuntu,500,psutil,13400697775,27033927008,0,678,1.3,16367.54296875,51.4,,,,,,,,,
20260820_142704_79edcc8b,2026-08-20T18:39:41.248219+00:00,757.0266343530093,1500,server,ubuntu,500,psutil,13400699234,27033927880,1459,872,1.3,16367.5390625,51.4,,,,,,,,,
20260820_142704_79edcc8b,2026-08-20T18:39:41.748616+00:00,757.5270308240142,1501,server,ubuntu,500,psutil,13400699454,27033928044,220,164,1.5,16367.5390625,51.4,,,,,,,,,
20260820_142704_79edcc8b,2026-08-20T18:39:42.249269+00:00,758.0276838199934,1502,server,ubuntu,500,psutil,13400699454,27033928044,0,0,1.5,16367.78515625,51.4,,,,,,,,,
20260820_142704_79edcc8b,2026-08-20T18:39:42.750003+00:00,758.5284185740165,1503,server,ubuntu,500,psutil,13400699454,27033928044,0,0,1.7,16367.78515625,51.4,,,,,,,,,
20260820_142704_79edcc8b,2026-08-20T18:39:43.250731+00:00,759.0291462590103,1504,server,ubuntu,500,psutil,13400699454,27033928044,0,0,1.0,16365.48828125,51.3,,,,,,,,,
20260820_142704_79edcc8b,2026-08-20T18:39:43.751471+00:00,759.529886364995,1505,server,ubuntu,500,psutil,13400700088,27033928044,634,0,0.8,16365.48828125,51.3,,,,,,,,,
20260820_142704_79edcc8b,2026-08-20T18:39:44.252206+00:00,760.030620984995,1506,server,ubuntu,500,psutil,13400700088,27033928044,0,0,1.8,16365.734375,51.3,,,,,,,,,
20260820_142704_79edcc8b,2026-08-20T18:39:44.752973+00:00,760.5313876820146,1507,server,ubuntu,500,psutil,13400700900,27033928739,812,695,1.3,16365.73046875,51.3,,,,,,,,,
20260820_142704_79edcc8b,2026-08-20T18:39:45.253719+00:00,761.0321344349941,1508,server,ubuntu,500,psutil,13400700900,27033928739,0,0,2.0,16365.9765625,51.3,,,,,,,,,
20260820_142704_79edcc8b,2026-08-20T18:39:45.754475+00:00,761.5328901600151,1509,server,ubuntu,500,psutil,13400701694,27033929375,794,636,1.5,16365.9765625,51.3,,,,,,,,,
20260820_142704_79edcc8b,2026-08-20T18:39:46.254843+00:00,762.0332576819928,1510,server,ubuntu,500,psutil,13400701796,27033929375,102,0,1.5,16365.96875,51.3,,,,,,,,,
20260820_142704_79edcc8b,2026-08-20T18:39:46.755242+00:00,762.5336575710098,1511,server,ubuntu,500,psutil,13400705583,27033934376,3787,5001,1.3,16365.96875,51.3,,,,,,,,,
20260820_142704_79edcc8b,2026-08-20T18:39:47.255994+00:00,763.0344091959996,1512,server,ubuntu,500,psutil,13400705905,27033934470,322,94,1.0,16366.453125,51.3,,,,,,,,,
20260820_142704_79edcc8b,2026-08-20T18:39:47.756734+00:00,763.5351487440057,1513,server,ubuntu,500,psutil,13400706125,27033934564,220,94,1.0,16366.453125,51.3,,,,,,,,,
20260820_142704_79edcc8b,2026-08-20T18:39:48.257485+00:00,764.0358995480055,1514,server,ubuntu,500,psutil,13400706125,27033934564,0,0,1.3,16365.3125,51.3,,,,,,,,,
20260820_142704_79edcc8b,2026-08-20T18:39:48.758241+00:00,764.5366560459952,1515,server,ubuntu,500,psutil,13400706227,27033934564,102,0,1.0,16365.3125,51.3,,,,,,,,,
20260820_142704_79edcc8b,2026-08-20T18:39:49.258661+00:00,765.0370761200029,1516,server,ubuntu,500,psutil,13400706338,27033934630,111,66,1.5,16365.0078125,51.3,,,,,,,,,
20260820_142704_79edcc8b,2026-08-20T18:39:49.759068+00:00,765.537483491993,1517,server,ubuntu,500,psutil,13400706338,27033934630,0,0,1.3,16365.0078125,51.3,,,,,,,,,
20260820_142704_79edcc8b,2026-08-20T18:39:50.259537+00:00,766.0379523099982,1518,server,ubuntu,500,psutil,13400706338,27033934630,0,0,1.0,16365.0078125,51.3,,,,,,,,,
20260820_142704_79edcc8b,2026-08-20T18:39:50.760044+00:00,766.5384586119908,1519,server,ubuntu,500,psutil,13400706722,27033934801,384,171,1.3,16365.0078125,51.3,,,,,,,,,
20260820_142704_79edcc8b,2026-08-20T18:39:51.260431+00:00,767.0388461940165,1520,server,ubuntu,500,psutil,13400706722,27033934801,0,0,1.8,16365.0078125,51.3,,,,,,,,,
20260820_142704_79edcc8b,2026-08-20T18:39:51.760948+00:00,767.5393637749949,1521,server,ubuntu,500,psutil,13400706920,27033935009,198,208,1.0,16365.0078125,51.3,,,,,,,,,
20260820_142704_79edcc8b,2026-08-20T18:39:52.261423+00:00,768.039838532015,1522,server,ubuntu,500,psutil,13400707022,27033935009,102,0,2.0,16365.0078125,51.3,,,,,,,,,
20260820_142704_79edcc8b,2026-08-20T18:39:52.761987+00:00,768.5404025469907,1523,server,ubuntu,500,psutil,13400707022,27033935009,0,0,1.5,16365.0078125,51.3,,,,,,,,,
20260820_142704_79edcc8b,2026-08-20T18:39:53.262478+00:00,769.0408929870173,1524,server,ubuntu,500,psutil,13400707137,27033935078,115,69,1.5,16362.62890625,51.3,,,,,,,,,
20260820_142704_79edcc8b,2026-08-20T18:39:53.762947+00:00,769.5413616500155,1525,server,ubuntu,500,psutil,13400707239,27033935078,102,0,1.5,16362.62890625,51.3,,,,,,,,,
20260820_142704_79edcc8b,2026-08-20T18:39:54.263410+00:00,770.0418256480189,1526,server,ubuntu,500,psutil,13400707239,27033935078,0,0,1.5,16362.62890625,51.3,,,,,,,,,
20260820_142704_79edcc8b,2026-08-20T18:39:54.763801+00:00,770.5422160949965,1527,server,ubuntu,500,psutil,13400707239,27033935078,0,0,1.5,16362.62890625,51.3,,,,,,,,,
20260820_142704_79edcc8b,2026-08-20T18:39:55.264270+00:00,771.0426855309925,1528,server,ubuntu,500,psutil,13400711056,27033935561,3817,483,1.8,16366.31640625,51.3,,,,,,,,,
20260820_142704_79edcc8b,2026-08-20T18:39:55.764637+00:00,771.5430522520037,1529,server,ubuntu,500,psutil,13400711056,27033935561,0,0,1.7,16366.57421875,51.3,,,,,,,,,
20260820_142704_79edcc8b,2026-08-20T18:39:56.265129+00:00,772.0435440700094,1530,server,ubuntu,500,psutil,13400711056,27033935561,0,0,1.3,16366.57421875,51.3,,,,,,,,,
20260820_142704_79edcc8b,2026-08-20T18:39:56.765591+00:00,772.5440052509948,1531,server,ubuntu,500,psutil,13400711178,27033935717,122,156,1.3,16366.57421875,51.3,,,,,,,,,
20260820_142704_79edcc8b,2026-08-20T18:39:57.266084+00:00,773.0444988069939,1532,server,ubuntu,500,psutil,13400711398,27033935811,220,94,2.3,16366.57421875,51.3,,,,,,,,,
20260820_142704_79edcc8b,2026-08-20T18:39:57.766553+00:00,773.5449679600133,1533,server,ubuntu,500,psutil,13400711398,27033935811,0,0,1.3,16366.57421875,51.3,,,,,,,,,
20260820_142704_79edcc8b,2026-08-20T18:39:58.267022+00:00,774.0454373570101,1534,server,ubuntu,500,psutil,13400711398,27033935811,0,0,1.3,16366.5703125,51.3,,,,,,,,,
20260820_142704_79edcc8b,2026-08-20T18:39:58.767548+00:00,774.5459628330136,1535,server,ubuntu,500,psutil,13400711398,27033935811,0,0,1.8,16365.94921875,51.3,,,,,,,,,
20260820_142704_79edcc8b,2026-08-20T18:39:59.268202+00:00,775.0466168190178,1536,server,ubuntu,500,psutil,13400711398,27033935811,0,0,1.3,16365.78515625,51.3,,,,,,,,,
20260820_142704_79edcc8b,2026-08-20T18:39:59.768624+00:00,775.547039616009,1537,server,ubuntu,500,psutil,13400712758,27033936952,1360,1141,1.3,16366.03125,51.3,,,,,,,,,
20260820_142704_79edcc8b,2026-08-20T18:40:00.269110+00:00,776.0475249559968,1538,server,ubuntu,500,psutil,13400712758,27033936952,0,0,3.3,16372.1796875,51.4,,,,,,,,,
20260820_142704_79edcc8b,2026-08-20T18:40:00.769596+00:00,776.5480108130141,1539,server,ubuntu,500,psutil,13400712758,27033936952,0,0,1.3,16372.1796875,51.4,,,,,,,,,
20260820_142704_79edcc8b,2026-08-20T18:40:01.270340+00:00,777.048755388998,1540,server,ubuntu,500,psutil,13400713185,27033937136,427,184,1.3,16372.0625,51.4,,,,,,,,,
20260820_142704_79edcc8b,2026-08-20T18:40:01.770726+00:00,777.5491405030189,1541,server,ubuntu,500,psutil,13400713412,27033937307,227,171,1.3,16372.0625,51.4,,,,,,,,,
20260820_142704_79edcc8b,2026-08-20T18:40:02.271472+00:00,778.0498867139977,1542,server,ubuntu,500,psutil,13400714687,27033937373,1275,66,1.5,16372.91796875,51.4,,,,,,,,,
20260820_142704_79edcc8b,2026-08-20T18:40:02.771878+00:00,778.550293214008,1543,server,ubuntu,500,psutil,13400714871,27033938179,184,806,1.8,16372.9140625,51.4,,,,,,,,,
20260820_142704_79edcc8b,2026-08-20T18:40:03.272621+00:00,779.0510360650078,1544,server,ubuntu,500,psutil,13400714871,27033938179,0,0,1.3,16372.93359375,51.4,,,,,,,,,
20260820_142704_79edcc8b,2026-08-20T18:40:03.773012+00:00,779.5514269419946,1545,server,ubuntu,500,psutil,13400714965,27033938284,94,105,1.5,16372.93359375,51.4,,,,,,,,,
20260820_142704_79edcc8b,2026-08-20T18:40:04.273649+00:00,780.0520647380035,1546,server,ubuntu,500,psutil,13400714965,27033938284,0,0,1.3,16372.93359375,51.4,,,,,,,,,
20260820_142704_79edcc8b,2026-08-20T18:40:04.774135+00:00,780.5525499969954,1547,server,ubuntu,500,psutil,13400714965,27033938284,0,0,1.3,16372.93359375,51.4,,,,,,,,,
20260820_142704_79edcc8b,2026-08-20T18:40:05.274538+00:00,781.052952981001,1548,server,ubuntu,500,psutil,13400714965,27033938284,0,0,1.5,16372.93359375,51.4,,,,,,,,,
20260820_142704_79edcc8b,2026-08-20T18:40:05.774928+00:00,781.5533425289905,1549,server,ubuntu,500,psutil,13400714965,27033938284,0,0,1.3,16372.64453125,51.4,,,,,,,,,
20260820_142704_79edcc8b,2026-08-20T18:40:06.275334+00:00,782.0537494090095,1550,server,ubuntu,500,psutil,13400714965,27033938284,0,0,1.0,16372.52734375,51.4,,,,,,,,,
20260820_142704_79edcc8b,2026-08-20T18:40:06.775773+00:00,782.5541881660174,1551,server,ubuntu,500,psutil,13400718667,27033940541,3702,2257,1.8,16372.5234375,51.4,,,,,,,,,
20260820_142704_79edcc8b,2026-08-20T18:40:07.276128+00:00,783.0545439629932,1552,server,ubuntu,500,psutil,13400718887,27033940701,220,160,1.3,16372.53125,51.4,,,,,,,,,
20260820_142704_79edcc8b,2026-08-20T18:40:07.776483+00:00,783.5548977699946,1553,server,ubuntu,500,psutil,13400719002,27033940782,115,81,1.7,16372.53125,51.4,,,,,,,,,
20260820_142704_79edcc8b,2026-08-20T18:40:08.276955+00:00,784.0553700960008,1554,server,ubuntu,500,psutil,13400719002,27033940782,0,0,1.5,16372.53125,51.4,,,,,,,,,
20260820_142704_79edcc8b,2026-08-20T18:40:08.777423+00:00,784.5558374550019,1555,server,ubuntu,500,psutil,13400719002,27033940782,0,0,1.3,16371.67578125,51.4,,,,,,,,,
20260820_142704_79edcc8b,2026-08-20T18:40:09.277889+00:00,785.056304518017,1556,server,ubuntu,500,psutil,13400719002,27033940782,0,0,1.3,16371.61328125,51.4,,,,,,,,,
20260820_142704_79edcc8b,2026-08-20T18:40:09.778364+00:00,785.5567793640075,1557,server,ubuntu,500,psutil,13400719002,27033940782,0,0,2.0,16371.5546875,51.4,,,,,,,,,
20260820_142704_79edcc8b,2026-08-20T18:40:10.278756+00:00,786.0571717650164,1558,server,ubuntu,500,psutil,13400719002,27033940782,0,0,1.8,16371.53515625,51.4,,,,,,,,,
20260820_142704_79edcc8b,2026-08-20T18:40:10.779224+00:00,786.5576389210182,1559,server,ubuntu,500,psutil,13400719417,27033941697,415,915,1.7,16371.53515625,51.4,,,,,,,,,
20260820_142704_79edcc8b,2026-08-20T18:40:11.279594+00:00,787.0580093020108,1560,server,ubuntu,500,psutil,13400719417,27033941697,0,0,1.5,16371.53515625,51.4,,,,,,,,,
20260820_142704_79edcc8b,2026-08-20T18:40:11.779974+00:00,787.5583889599948,1561,server,ubuntu,500,psutil,13400719644,27033941802,227,105,6.0,16374.95703125,51.4,,,,,,,,,
20260820_142704_79edcc8b,2026-08-20T18:40:12.280441+00:00,788.0588556820003,1562,server,ubuntu,500,psutil,13400719738,27033941907,94,105,2.5,16375.2265625,51.4,,,,,,,,,
20260820_142704_79edcc8b,2026-08-20T18:40:12.780796+00:00,788.5592110230064,1563,server,ubuntu,500,psutil,13400719808,27033941949,70,42,1.7,16375.2265625,51.4,,,,,,,,,
20260820_142704_79edcc8b,2026-08-20T18:40:13.281264+00:00,789.0596794880112,1564,server,ubuntu,500,psutil,13400719808,27033941949,0,0,2.0,16374.69921875,51.4,,,,,,,,,
20260820_142704_79edcc8b,2026-08-20T18:40:13.781620+00:00,789.5600353050104,1565,server,ubuntu,500,psutil,13400720442,27033941949,634,0,1.3,16374.453125,51.4,,,,,,,,,
20260820_142704_79edcc8b,2026-08-20T18:40:14.282093+00:00,790.0605075230123,1566,server,ubuntu,500,psutil,13400720442,27033941949,0,0,1.5,16374.40234375,51.4,,,,,,,,,
20260820_142704_79edcc8b,2026-08-20T18:40:14.782577+00:00,790.5609926409961,1567,server,ubuntu,500,psutil,13400720865,27033942186,423,237,1.5,16374.3984375,51.4,,,,,,,,,
20260820_142704_79edcc8b,2026-08-20T18:40:15.283190+00:00,791.061605238996,1568,server,ubuntu,500,psutil,13400721254,27033942780,389,594,1.5,16373.5234375,51.4,,,,,,,,,
20260820_142704_79edcc8b,2026-08-20T18:40:15.783824+00:00,791.5622384760063,1569,server,ubuntu,500,psutil,13400721470,27033942936,216,156,1.3,16373.23828125,51.4,,,,,,,,,
20260820_142704_79edcc8b,2026-08-20T18:40:16.284410+00:00,792.0628246930137,1570,server,ubuntu,500,psutil,13400721470,27033942936,0,0,1.7,16373.125,51.4,,,,,,,,,
20260820_142704_79edcc8b,2026-08-20T18:40:16.784778+00:00,792.563193540991,1571,server,ubuntu,500,psutil,13400721592,27033943092,122,156,1.8,16373.1171875,51.4,,,,,,,,,
20260820_142704_79edcc8b,2026-08-20T18:40:17.285265+00:00,793.0636794250167,1572,server,ubuntu,500,psutil,13400721812,27033943186,220,94,1.5,16373.36328125,51.4,,,,,,,,,
20260820_142704_79edcc8b,2026-08-20T18:40:17.785733+00:00,793.5641477649915,1573,server,ubuntu,500,psutil,13400722126,27033943385,314,199,2.0,16373.36328125,51.4,,,,,,,,,
20260820_142704_79edcc8b,2026-08-20T18:40:18.286211+00:00,794.064625886007,1574,server,ubuntu,500,psutil,13400722126,27033943385,0,0,1.8,16373.609375,51.4,,,,,,,,,
20260820_142704_79edcc8b,2026-08-20T18:40:18.786612+00:00,794.5650273500069,1575,server,ubuntu,500,psutil,13400722126,27033943385,0,0,1.7,16373.609375,51.4,,,,,,,,,
20260820_142704_79edcc8b,2026-08-20T18:40:19.287213+00:00,795.0656123970111,1576,server,ubuntu,500,psutil,13400722126,27033943385,0,0,1.3,16373.36328125,51.4,,,,,,,,,
20260820_142704_79edcc8b,2026-08-20T18:40:19.787717+00:00,795.5661322580127,1577,server,ubuntu,500,psutil,13400722353,27033943490,227,105,1.5,16373.3515625,51.4,,,,,,,,,
20260820_142704_79edcc8b,2026-08-20T18:40:20.288476+00:00,796.0668903000187,1578,server,ubuntu,500,psutil,13400722353,27033943490,0,0,2.0,16373.3515625,51.4,,,,,,,,,
20260820_142704_79edcc8b,2026-08-20T18:40:20.789030+00:00,796.5674450749939,1579,server,ubuntu,500,psutil,13400722468,27033943571,115,81,1.5,16373.3515625,51.4,,,,,,,,,
20260820_142704_79edcc8b,2026-08-20T18:40:21.289618+00:00,797.0680330150062,1580,server,ubuntu,500,psutil,13400723927,27033944443,1459,872,1.3,16373.3515625,51.4,,,,,,,,,
20260820_142704_79edcc8b,2026-08-20T18:40:21.790117+00:00,797.5685319059994,1581,server,ubuntu,500,psutil,13400724021,27033944509,94,66,1.8,16373.3515625,51.4,,,,,,,,,
20260820_142704_79edcc8b,2026-08-20T18:40:22.290592+00:00,798.0690073980077,1582,server,ubuntu,500,psutil,13400724354,27033944641,333,132,1.5,16373.3515625,51.4,,,,,,,,,
20260820_142704_79edcc8b,2026-08-20T18:40:22.791072+00:00,798.5694875149929,1583,server,ubuntu,500,psutil,13400724354,27033944641,0,0,2.0,16373.3515625,51.4,,,,,,,,,
20260820_142704_79edcc8b,2026-08-20T18:40:23.291492+00:00,799.0699070320115,1584,server,ubuntu,500,psutil,13400746303,27033950648,21949,6007,1.8,16373.52734375,51.4,,,,,,,,,
20260820_142704_79edcc8b,2026-08-20T18:40:23.791898+00:00,799.5703134819923,1585,server,ubuntu,500,psutil,13400746303,27033950648,0,0,1.3,16373.52734375,51.4,,,,,,,,,
20260820_142704_79edcc8b,2026-08-20T18:40:24.292337+00:00,800.0707525729958,1586,server,ubuntu,500,psutil,13400746303,27033950648,0,0,1.5,16373.52734375,51.4,,,,,,,,,
20260820_142704_79edcc8b,2026-08-20T18:40:24.792800+00:00,800.5712147520098,1587,server,ubuntu,500,psutil,13400746303,27033950648,0,0,1.5,16373.52734375,51.4,,,,,,,,,
20260820_142704_79edcc8b,2026-08-20T18:40:25.293270+00:00,801.0716857259977,1588,server,ubuntu,500,psutil,13400746303,27033950648,0,0,1.5,16373.5234375,51.4,,,,,,,,,
20260820_142704_79edcc8b,2026-08-20T18:40:25.793641+00:00,801.5720567220123,1589,server,ubuntu,500,psutil,13400746624,27033950858,321,210,1.0,16373.5234375,51.4,,,,,,,,,
20260820_142704_79edcc8b,2026-08-20T18:40:26.294110+00:00,802.0725252109987,1590,server,ubuntu,500,psutil,13400748049,27033954318,1425,3460,1.5,16373.5234375,51.4,,,,,,,,,
20260820_142704_79edcc8b,2026-08-20T18:40:26.794623+00:00,802.5730383880145,1591,server,ubuntu,500,psutil,13400750095,27033955640,2046,1322,1.8,16373.5234375,51.4,,,,,,,,,
20260820_142704_79edcc8b,2026-08-20T18:40:27.295085+00:00,803.0734997630061,1592,server,ubuntu,500,psutil,13400753348,27033956492,3253,852,2.0,16373.19140625,51.4,,,,,,,,,
20260820_142704_79edcc8b,2026-08-20T18:40:27.795575+00:00,803.5739900149929,1593,server,ubuntu,500,psutil,13400753348,27033956492,0,0,1.5,16373.30859375,51.4,,,,,,,,,
20260820_142704_79edcc8b,2026-08-20T18:40:28.295959+00:00,804.0743739400059,1594,server,ubuntu,500,psutil,13400753348,27033956492,0,0,1.0,16373.11328125,51.4,,,,,,,,,
20260820_142704_79edcc8b,2026-08-20T18:40:28.796426+00:00,804.5748411020031,1595,server,ubuntu,500,psutil,13400753348,27033956492,0,0,1.3,16373.11328125,51.4,,,,,,,,,
20260820_142704_79edcc8b,2026-08-20T18:40:29.296976+00:00,805.0753909409977,1596,server,ubuntu,500,psutil,13400753348,27033956492,0,0,1.8,16373.11328125,51.4,,,,,,,,,
20260820_142704_79edcc8b,2026-08-20T18:40:29.797445+00:00,805.5758608890173,1597,server,ubuntu,500,psutil,13400753575,27033956597,227,105,1.3,16373.359375,51.4,,,,,,,,,
20260820_142704_79edcc8b,2026-08-20T18:40:30.297995+00:00,806.0764102480025,1598,server,ubuntu,500,psutil,13400754862,27033957738,1287,1141,1.3,16375.6171875,51.4,,,,,,,,,
20260820_142704_79edcc8b,2026-08-20T18:40:30.798469+00:00,806.5768831130117,1599,server,ubuntu,500,psutil,13400755050,27033957804,188,66,1.3,16375.640625,51.4,,,,,,,,,
20260820_142704_79edcc8b,2026-08-20T18:40:31.299066+00:00,807.0774809989962,1600,server,ubuntu,500,psutil,13400755050,27033957804,0,0,2.0,16375.625,51.4,,,,,,,,,
20260820_142704_79edcc8b,2026-08-20T18:40:31.799532+00:00,807.5779302350129,1601,server,ubuntu,500,psutil,13400755050,27033957804,0,0,1.0,16375.625,51.4,,,,,,,,,
20260820_142704_79edcc8b,2026-08-20T18:40:32.300009+00:00,808.0784235759929,1602,server,ubuntu,500,psutil,13400755144,27033957909,94,105,1.0,16375.625,51.4,,,,,,,,,
20260820_142704_79edcc8b,2026-08-20T18:40:32.800493+00:00,808.578908038995,1603,server,ubuntu,500,psutil,13400755144,27033957909,0,0,1.5,16375.625,51.4,,,,,,,,,
20260820_142704_79edcc8b,2026-08-20T18:40:33.301227+00:00,809.0796424509899,1604,server,ubuntu,500,psutil,13400755144,27033957909,0,0,1.3,16375.625,51.4,,,,,,,,,
20260820_142704_79edcc8b,2026-08-20T18:40:33.801608+00:00,809.5800236150098,1605,server,ubuntu,500,psutil,13400755259,27033957990,115,81,1.5,16375.625,51.4,,,,,,,,,
20260820_142704_79edcc8b,2026-08-20T18:40:34.302335+00:00,810.0807498749928,1606,server,ubuntu,500,psutil,13400755259,27033957990,0,0,1.5,16375.625,51.4,,,,,,,,,
20260820_142704_79edcc8b,2026-08-20T18:40:34.802711+00:00,810.5811259679904,1607,server,ubuntu,500,psutil,13400755486,27033958161,227,171,1.5,16375.625,51.4,,,,,,,,,
20260820_142704_79edcc8b,2026-08-20T18:40:35.303200+00:00,811.0816150949977,1608,server,ubuntu,500,psutil,13400755556,27033958203,70,42,1.8,16375.33984375,51.4,,,,,,,,,
20260820_142704_79edcc8b,2026-08-20T18:40:35.803728+00:00,811.5821430780052,1609,server,ubuntu,500,psutil,13400755556,27033958203,0,0,1.5,16375.33984375,51.4,,,,,,,,,
20260820_142704_79edcc8b,2026-08-20T18:40:36.304300+00:00,812.0827155100123,1610,server,ubuntu,500,psutil,13400755556,27033958203,0,0,1.7,16375.5,51.4,,,,,,,,,
20260820_142704_79edcc8b,2026-08-20T18:40:36.804735+00:00,812.5831499740016,1611,server,ubuntu,500,psutil,13400755772,27033958425,216,222,1.5,16375.49609375,51.4,,,,,,,,,
20260820_142704_79edcc8b,2026-08-20T18:40:37.305448+00:00,813.0838636409899,1612,server,ubuntu,500,psutil,13400756106,27033958605,334,180,1.5,16375.49609375,51.4,,,,,,,,,
20260820_142704_79edcc8b,2026-08-20T18:40:37.805824+00:00,813.5842387159937,1613,server,ubuntu,500,psutil,13400756200,27033958671,94,66,1.8,16375.49609375,51.4,,,,,,,,,
20260820_142704_79edcc8b,2026-08-20T18:40:38.306411+00:00,814.0848264140077,1614,server,ubuntu,500,psutil,13400756200,27033958671,0,0,1.3,16375.484375,51.4,,,,,,,,,
20260820_142704_79edcc8b,2026-08-20T18:40:38.806888+00:00,814.5853029080026,1615,server,ubuntu,500,psutil,13400756200,27033958671,0,0,1.5,16375.484375,51.4,,,,,,,,,
20260820_142704_79edcc8b,2026-08-20T18:40:39.307347+00:00,815.0857619390008,1616,server,ubuntu,500,psutil,13400756314,27033958757,114,86,1.5,16375.484375,51.4,,,,,,,,,
20260820_142704_79edcc8b,2026-08-20T18:40:39.807794+00:00,815.5862085850094,1617,server,ubuntu,500,psutil,13400756314,27033958757,0,0,1.5,16375.484375,51.4,,,,,,,,,
20260820_142704_79edcc8b,2026-08-20T18:40:40.308208+00:00,816.0866237400041,1618,server,ubuntu,500,psutil,13400756408,27033958862,94,105,1.3,16375.47265625,51.4,,,,,,,,,
20260820_142704_79edcc8b,2026-08-20T18:40:40.808656+00:00,816.5870702220127,1619,server,ubuntu,500,psutil,13400756408,27033959540,0,678,1.0,16375.47265625,51.4,,,,,,,,,
20260820_142704_79edcc8b,2026-08-20T18:40:41.309205+00:00,817.0876021239965,1620,server,ubuntu,500,psutil,13400756408,27033959540,0,0,1.5,16375.47265625,51.4,,,,,,,,,
20260820_142704_79edcc8b,2026-08-20T18:40:41.809679+00:00,817.5880939339986,1621,server,ubuntu,500,psutil,13400757867,27033960412,1459,872,1.5,16375.47265625,51.4,,,,,,,,,
20260820_142704_79edcc8b,2026-08-20T18:40:42.310153+00:00,818.0885683000088,1622,server,ubuntu,500,psutil,13400758186,27033960744,319,332,2.0,16375.47265625,51.4,,,,,,,,,
20260820_142704_79edcc8b,2026-08-20T18:40:42.810658+00:00,818.5890733370034,1623,server,ubuntu,500,psutil,13400758649,27033961175,463,431,1.5,16375.60546875,51.4,,,,,,,,,
20260820_142704_79edcc8b,2026-08-20T18:40:43.311130+00:00,819.0895457820152,1624,server,ubuntu,500,psutil,13400758649,27033961175,0,0,1.5,16375.60546875,51.4,,,,,,,,,
20260820_142704_79edcc8b,2026-08-20T18:40:43.811650+00:00,819.5900649779942,1625,server,ubuntu,500,psutil,13400759283,27033961175,634,0,1.3,16375.60546875,51.4,,,,,,,,,
20260820_142704_79edcc8b,2026-08-20T18:40:44.312155+00:00,820.0905703270109,1626,server,ubuntu,500,psutil,13400759283,27033961175,0,0,1.5,16375.60546875,51.4,,,,,,,,,
20260820_142704_79edcc8b,2026-08-20T18:40:44.812575+00:00,820.590990355995,1627,server,ubuntu,500,psutil,13400759377,27033961280,94,105,1.3,16375.60546875,51.4,,,,,,,,,
20260820_142704_79edcc8b,2026-08-20T18:40:45.313038+00:00,821.0914531839953,1628,server,ubuntu,500,psutil,13400759800,27033961517,423,237,1.5,16375.60546875,51.4,,,,,,,,,
20260820_142704_79edcc8b,2026-08-20T18:40:45.813415+00:00,821.5918296439922,1629,server,ubuntu,500,psutil,13400760189,27033961974,389,457,1.0,16373.609375,51.4,,,,,,,,,
20260820_142704_79edcc8b,2026-08-20T18:40:46.313955+00:00,822.0923708089977,1630,server,ubuntu,500,psutil,13400763975,27033965749,3786,3775,1.5,16373.58203125,51.4,,,,,,,,,
20260820_142704_79edcc8b,2026-08-20T18:40:46.814497+00:00,822.5929120560177,1631,server,ubuntu,500,psutil,13400764184,27033967086,209,1337,1.5,16373.58203125,51.4,,,,,,,,,
20260820_142704_79edcc8b,2026-08-20T18:40:47.314976+00:00,823.0933912750043,1632,server,ubuntu,500,psutil,13400764404,27033967180,220,94,1.3,16373.56640625,51.4,,,,,,,,,
20260820_142704_79edcc8b,2026-08-20T18:40:47.815526+00:00,823.5939406999969,1633,server,ubuntu,500,psutil,13400764624,27033967274,220,94,1.3,16373.56640625,51.4,,,,,,,,,
20260820_142704_79edcc8b,2026-08-20T18:40:48.316009+00:00,824.0944241789985,1634,server,ubuntu,500,psutil,13400764624,27033967274,0,0,1.5,16373.5625,51.4,,,,,,,,,
20260820_142704_79edcc8b,2026-08-20T18:40:48.816497+00:00,824.5949115919939,1635,server,ubuntu,500,psutil,13400764624,27033967274,0,0,1.5,16373.5625,51.4,,,,,,,,,
20260820_142704_79edcc8b,2026-08-20T18:40:49.317200+00:00,825.095614883001,1636,server,ubuntu,500,psutil,13400764718,27033967367,94,93,1.5,16373.5625,51.4,,,,,,,,,
20260820_142704_79edcc8b,2026-08-20T18:40:49.817622+00:00,825.5960372640111,1637,server,ubuntu,500,psutil,13400764718,27033967367,0,0,1.3,16373.5625,51.4,,,,,,,,,
20260820_142704_79edcc8b,2026-08-20T18:40:50.318365+00:00,826.0967799280188,1638,server,ubuntu,500,psutil,13400766641,27033967965,1923,598,1.3,16373.8046875,51.4,,,,,,,,,
20260820_142704_79edcc8b,2026-08-20T18:40:50.819123+00:00,826.5975382089964,1639,server,ubuntu,500,psutil,13400766829,27033968031,188,66,1.3,16373.8046875,51.4,,,,,,,,,
20260820_142704_79edcc8b,2026-08-20T18:40:51.319872+00:00,827.0982872020104,1640,server,ubuntu,500,psutil,13400766829,27033968031,0,0,1.7,16373.8046875,51.4,,,,,,,,,
20260820_142704_79edcc8b,2026-08-20T18:40:51.820619+00:00,827.5990340349963,1641,server,ubuntu,500,psutil,13400766957,27033968197,128,166,1.3,16373.8046875,51.4,,,,,,,,,
20260820_142704_79edcc8b,2026-08-20T18:40:52.321186+00:00,828.0996010020026,1642,server,ubuntu,500,psutil,13400766957,27033968197,0,0,2.5,16373.8046875,51.4,,,,,,,,,
20260820_142704_79edcc8b,2026-08-20T18:40:52.821614+00:00,828.6000294620171,1643,server,ubuntu,500,psutil,13400766957,27033968197,0,0,1.5,16372.94921875,51.4,,,,,,,,,
20260820_142704_79edcc8b,2026-08-20T18:40:53.322350+00:00,829.1007646160142,1644,server,ubuntu,500,psutil,13400766957,27033968197,0,0,1.7,16372.83203125,51.4,,,,,,,,,
20260820_142704_79edcc8b,2026-08-20T18:40:53.822818+00:00,829.601233363006,1645,server,ubuntu,500,psutil,13400767877,27033968839,920,642,1.8,16373.05078125,51.4,,,,,,,,,
20260820_142704_79edcc8b,2026-08-20T18:40:54.323218+00:00,830.1016327539983,1646,server,ubuntu,500,psutil,13400767877,27033968839,0,0,7.5,16421.83984375,51.5,,,,,,,,,
20260820_142704_79edcc8b,2026-08-20T18:40:54.823952+00:00,830.6023666129913,1647,server,ubuntu,500,psutil,13400768292,27033969127,415,288,6.8,16448.80859375,51.6,,,,,,,,,
20260820_142704_79edcc8b,2026-08-20T18:40:55.324687+00:00,831.103101893008,1648,server,ubuntu,500,psutil,13400768292,27033969127,0,0,1.5,16431.9921875,51.6,,,,,,,,,
20260820_142704_79edcc8b,2026-08-20T18:40:55.825101+00:00,831.6035155460122,1649,server,ubuntu,500,psutil,13400768391,27033969127,99,0,1.8,16432.23828125,51.6,,,,,,,,,
20260820_142704_79edcc8b,2026-08-20T18:40:56.325515+00:00,832.1039297840034,1650,server,ubuntu,500,psutil,13400768473,27033969198,82,71,1.3,16432.23828125,51.6,,,,,,,,,
20260820_142704_79edcc8b,2026-08-20T18:40:56.825986+00:00,832.6043829720002,1651,server,ubuntu,500,psutil,13400768665,27033969396,192,198,1.5,16432.23828125,51.6,,,,,,,,,
20260820_142704_79edcc8b,2026-08-20T18:40:57.326451+00:00,833.1048658000072,1652,server,ubuntu,500,psutil,13400768885,27033969490,220,94,2.0,16424.7421875,51.5,,,,,,,,,
20260820_142704_79edcc8b,2026-08-20T18:40:57.826975+00:00,833.6053900269908,1653,server,ubuntu,500,psutil,13400768885,27033969490,0,0,1.3,16424.7421875,51.5,,,,,,,,,
20260820_142704_79edcc8b,2026-08-20T18:40:58.327452+00:00,834.1058673730004,1654,server,ubuntu,500,psutil,13400768885,27033969490,0,0,2.0,16416.9453125,51.5,,,,,,,,,
20260820_142704_79edcc8b,2026-08-20T18:40:58.827918+00:00,834.6063334490173,1655,server,ubuntu,500,psutil,13400768979,27033969595,94,105,1.3,16416.9453125,51.5,,,,,,,,,
20260820_142704_79edcc8b,2026-08-20T18:40:59.328726+00:00,835.1071412640158,1656,server,ubuntu,500,psutil,13400769094,27033969676,115,81,1.8,16410.125,51.5,,,,,,,,,
20260820_142704_79edcc8b,2026-08-20T18:40:59.829157+00:00,835.6075727409916,1657,server,ubuntu,500,psutil,13400769094,27033969676,0,0,1.0,16410.125,51.5,,,,,,,,,
20260820_142704_79edcc8b,2026-08-20T18:41:00.329645+00:00,836.1080600809946,1658,server,ubuntu,500,psutil,13400769423,27033969676,329,0,1.5,16404.62890625,51.5,,,,,,,,,
20260820_142704_79edcc8b,2026-08-20T18:41:00.830103+00:00,836.60851813099,1659,server,ubuntu,500,psutil,13400770251,27033970502,828,826,1.5,16404.28125,51.5,,,,,,,,,
20260820_142704_79edcc8b,2026-08-20T18:41:01.330623+00:00,837.1090375409985,1660,server,ubuntu,500,psutil,13400770321,27033970544,70,42,1.3,16399.19921875,51.5,,,,,,,,,
20260820_142704_79edcc8b,2026-08-20T18:41:01.830968+00:00,837.6093826150172,1661,server,ubuntu,500,psutil,13400770321,27033970544,0,0,1.0,16399.19921875,51.5,,,,,,,,,
20260820_142704_79edcc8b,2026-08-20T18:41:02.331442+00:00,838.1098572949995,1662,server,ubuntu,500,psutil,13400770321,27033970544,0,0,1.5,16394.84375,51.4,,,,,,,,,
20260820_142704_79edcc8b,2026-08-20T18:41:02.831830+00:00,838.6102455200162,1663,server,ubuntu,500,psutil,13400771780,27033971416,1459,872,1.7,16394.84375,51.4,,,,,,,,,
20260820_142704_79edcc8b,2026-08-20T18:41:03.332316+00:00,839.1107310070074,1664,server,ubuntu,500,psutil,13400771780,27033971416,0,0,1.5,16390.79296875,51.4,,,,,,,,,
20260820_142704_79edcc8b,2026-08-20T18:41:03.833007+00:00,839.6114225120109,1665,server,ubuntu,500,psutil,13400771780,27033971416,0,0,1.5,16390.79296875,51.4,,,,,,,,,
20260820_142704_79edcc8b,2026-08-20T18:41:04.333499+00:00,840.1119137800124,1666,server,ubuntu,500,psutil,13400771874,27033971521,94,105,1.5,16387.24609375,51.4,,,,,,,,,
20260820_142704_79edcc8b,2026-08-20T18:41:04.833864+00:00,840.6122788799985,1667,server,ubuntu,500,psutil,13400772289,27033971809,415,288,1.5,16387.24609375,51.4,,,,,,,,,
20260820_142704_79edcc8b,2026-08-20T18:41:05.334496+00:00,841.1129116330121,1668,server,ubuntu,500,psutil,13400772289,27033971809,0,0,1.8,16384.16015625,51.4,,,,,,,,,
20260820_142704_79edcc8b,2026-08-20T18:41:05.835137+00:00,841.6135526520084,1669,server,ubuntu,500,psutil,13400772634,27033971941,345,132,1.5,16384.16015625,51.4,,,,,,,,,
20260820_142704_79edcc8b,2026-08-20T18:41:06.335614+00:00,842.1140294950164,1670,server,ubuntu,500,psutil,13400776225,27033975687,3591,3746,2.0,16381.4453125,51.4,,,,,,,,,
20260820_142704_79edcc8b,2026-08-20T18:41:06.836236+00:00,842.6146514400025,1671,server,ubuntu,500,psutil,13400776651,27033977277,426,1590,1.3,16381.4453125,51.4,,,,,,,,,
20260820_142704_79edcc8b,2026-08-20T18:41:07.336727+00:00,843.115141688002,1672,server,ubuntu,500,psutil,13400776871,27033977371,220,94,1.7,16379.0703125,51.4,,,,,,,,,
20260820_142704_79edcc8b,2026-08-20T18:41:07.837478+00:00,843.6158925170021,1673,server,ubuntu,500,psutil,13400776871,27033977371,0,0,1.5,16379.0703125,51.4,,,,,,,,,
20260820_142704_79edcc8b,2026-08-20T18:41:08.338222+00:00,844.1166368900158,1674,server,ubuntu,500,psutil,13400776871,27033977371,0,0,1.3,16377.20703125,51.4,,,,,,,,,
20260820_142704_79edcc8b,2026-08-20T18:41:08.838710+00:00,844.6171252180065,1675,server,ubuntu,500,psutil,13400776871,27033977371,0,0,1.0,16377.20703125,51.4,,,,,,,,,
20260820_142704_79edcc8b,2026-08-20T18:41:09.339196+00:00,845.1176116360002,1676,server,ubuntu,500,psutil,13400776871,27033977371,0,0,1.0,16375.36328125,51.4,,,,,,,,,
20260820_142704_79edcc8b,2026-08-20T18:41:09.839617+00:00,845.6180325280002,1677,server,ubuntu,500,psutil,13400776965,27033977437,94,66,1.3,16375.36328125,51.4,,,,,,,,,
20260820_142704_79edcc8b,2026-08-20T18:41:10.340015+00:00,846.1184298820153,1678,server,ubuntu,500,psutil,13400776965,27033977437,0,0,3.2,16371.01953125,51.4,,,,,,,,,
20260820_142704_79edcc8b,2026-08-20T18:41:10.840485+00:00,846.618899943016,1679,server,ubuntu,500,psutil,13400777153,27033978181,188,744,1.5,16363.59765625,51.3,,,,,,,,,
20260820_142704_79edcc8b,2026-08-20T18:41:11.340970+00:00,847.1193848150142,1680,server,ubuntu,500,psutil,13400777247,27033978286,94,105,1.5,16363.015625,51.3,,,,,,,,,
20260820_142704_79edcc8b,2026-08-20T18:41:11.841363+00:00,847.6197776590125,1681,server,ubuntu,500,psutil,13400777361,27033978364,114,78,5.3,16363.015625,51.3,,,,,,,,,
20260820_142704_79edcc8b,2026-08-20T18:41:12.341758+00:00,848.1201730690082,1682,server,ubuntu,500,psutil,13400777476,27033978445,115,81,3.3,16363.015625,51.3,,,,,,,,,
20260820_142704_79edcc8b,2026-08-20T18:41:12.842162+00:00,848.6205770930101,1683,server,ubuntu,500,psutil,13400777476,27033978445,0,0,1.5,16363.015625,51.3,,,,,,,,,
20260820_142704_79edcc8b,2026-08-20T18:41:13.342528+00:00,849.1209423470136,1684,server,ubuntu,500,psutil,13400777570,27033978538,94,93,1.8,16363.26171875,51.3,,,,,,,,,
20260820_142704_79edcc8b,2026-08-20T18:41:13.842877+00:00,849.6212920350081,1685,server,ubuntu,500,psutil,13400778643,27033978670,1073,132,1.3,16363.48046875,51.3,,,,,,,,,
20260820_142704_79edcc8b,2026-08-20T18:41:14.343342+00:00,850.12175749999,1686,server,ubuntu,500,psutil,13400779959,27033979268,1316,598,1.5,16363.48046875,51.3,,,,,,,,,
20260820_142704_79edcc8b,2026-08-20T18:41:14.843693+00:00,850.6221088019956,1687,server,ubuntu,500,psutil,13400779959,27033979268,0,0,1.7,16363.48046875,51.3,,,,,,,,,
20260820_142704_79edcc8b,2026-08-20T18:41:15.344159+00:00,851.1225741950038,1688,server,ubuntu,500,psutil,13400779959,27033979268,0,0,1.5,16363.4765625,51.3,,,,,,,,,
20260820_142704_79edcc8b,2026-08-20T18:41:15.844711+00:00,851.6231264329981,1689,server,ubuntu,500,psutil,13400780771,27033979962,812,694,1.8,16365.19140625,51.3,,,,,,,,,
20260820_142704_79edcc8b,2026-08-20T18:41:16.345220+00:00,852.1236355750007,1690,server,ubuntu,500,psutil,13400780771,27033979962,0,0,1.5,16365.203125,51.3,,,,,,,,,
20260820_142704_79edcc8b,2026-08-20T18:41:16.845656+00:00,852.6240706570097,1691,server,ubuntu,500,psutil,13400780893,27033980118,122,156,1.3,16365.203125,51.3,,,,,,,,,
20260820_142704_79edcc8b,2026-08-20T18:41:17.346113+00:00,853.1245275840047,1692,server,ubuntu,500,psutil,13400781113,27033980212,220,94,1.5,16365.203125,51.3,,,,,,,,,
20260820_142704_79edcc8b,2026-08-20T18:41:17.846618+00:00,853.6250334480137,1693,server,ubuntu,500,psutil,13400781403,27033980348,290,136,2.0,16365.203125,51.3,,,,,,,,,
20260820_142704_79edcc8b,2026-08-20T18:41:18.347083+00:00,854.125498258014,1694,server,ubuntu,500,psutil,13400781403,27033980348,0,0,1.5,16365.203125,51.3,,,,,,,,,
20260820_142704_79edcc8b,2026-08-20T18:41:18.847650+00:00,854.6260645980074,1695,server,ubuntu,500,psutil,13400781842,27033980585,439,237,1.3,16365.203125,51.3,,,,,,,,,
20260820_142704_79edcc8b,2026-08-20T18:41:19.348136+00:00,855.1265507139906,1696,server,ubuntu,500,psutil,13400781842,27033980585,0,0,1.3,16365.203125,51.3,,,,,,,,,
20260820_142704_79edcc8b,2026-08-20T18:41:19.848613+00:00,855.6270282670157,1697,server,ubuntu,500,psutil,13400781842,27033980585,0,0,1.5,16365.19921875,51.3,,,,,,,,,
20260820_142704_79edcc8b,2026-08-20T18:41:20.349077+00:00,856.1274926009937,1698,server,ubuntu,500,psutil,13400781842,27033980585,0,0,1.0,16365.19921875,51.3,,,,,,,,,
20260820_142704_79edcc8b,2026-08-20T18:41:20.849552+00:00,856.6279670750082,1699,server,ubuntu,500,psutil,13400781842,27033980585,0,0,1.3,16365.19921875,51.3,,,,,,,,,
20260820_142704_79edcc8b,2026-08-20T18:41:21.350037+00:00,857.1284521710186,1700,server,ubuntu,500,psutil,13400783305,27033981457,1463,872,1.3,16365.1875,51.3,,,,,,,,,
20260820_142704_79edcc8b,2026-08-20T18:41:21.850526+00:00,857.6289406520082,1701,server,ubuntu,500,psutil,13400783399,27033981523,94,66,1.5,16365.1875,51.3,,,,,,,,,
20260820_142704_79edcc8b,2026-08-20T18:41:22.350890+00:00,858.1293045479979,1702,server,ubuntu,500,psutil,13400783493,27033981589,94,66,1.5,16365.1875,51.3,,,,,,,,,
20260820_142704_79edcc8b,2026-08-20T18:41:22.851644+00:00,858.6300589329912,1703,server,ubuntu,500,psutil,13400783493,27033981589,0,0,1.3,16365.1875,51.3,,,,,,,,,
20260820_142704_79edcc8b,2026-08-20T18:41:23.352129+00:00,859.130543908017,1704,server,ubuntu,500,psutil,13400783845,27033981916,352,327,1.5,16365.1875,51.3,,,,,,,,,
20260820_142704_79edcc8b,2026-08-20T18:41:23.852612+00:00,859.6310270809918,1705,server,ubuntu,500,psutil,13400784190,27033982048,345,132,1.7,16365.1875,51.3,,,,,,,,,
20260820_142704_79edcc8b,2026-08-20T18:41:24.353096+00:00,860.1315116249898,1706,server,ubuntu,500,psutil,13400784190,27033982048,0,0,1.0,16364.90234375,51.3,,,,,,,,,
20260820_142704_79edcc8b,2026-08-20T18:41:24.853579+00:00,860.6319937299995,1707,server,ubuntu,500,psutil,13400784190,27033982048,0,0,1.3,16364.90234375,51.3,,,,,,,,,
20260820_142704_79edcc8b,2026-08-20T18:41:25.354075+00:00,861.1324903490022,1708,server,ubuntu,500,psutil,13400784190,27033982048,0,0,1.5,16364.8984375,51.3,,,,,,,,,
20260820_142704_79edcc8b,2026-08-20T18:41:25.854710+00:00,861.6331251730153,1709,server,ubuntu,500,psutil,13400784190,27033982048,0,0,1.0,16364.8984375,51.3,,,,,,,,,
20260820_142704_79edcc8b,2026-08-20T18:41:26.355190+00:00,862.133605406998,1710,server,ubuntu,500,psutil,13400787874,27033987017,3684,4969,1.5,16364.8984375,51.3,,,,,,,,,
20260820_142704_79edcc8b,2026-08-20T18:41:26.855637+00:00,862.6340517270146,1711,server,ubuntu,500,psutil,13400788002,27033987285,128,268,1.8,16364.8984375,51.3,,,,,,,,,
20260820_142704_79edcc8b,2026-08-20T18:41:27.356343+00:00,863.134758664004,1712,server,ubuntu,500,psutil,13400788222,27033987379,220,94,1.5,16364.8984375,51.3,,,,,,,,,
20260820_142704_79edcc8b,2026-08-20T18:41:27.857065+00:00,863.6354803540162,1713,server,ubuntu,500,psutil,13400788222,27033987379,0,0,1.3,16364.8125,51.3,,,,,,,,,
20260820_142704_79edcc8b,2026-08-20T18:41:28.357789+00:00,864.1362040800159,1714,server,ubuntu,500,psutil,13400788222,27033987379,0,0,1.5,16364.8125,51.3,,,,,,,,,
20260820_142704_79edcc8b,2026-08-20T18:41:28.858194+00:00,864.6366094090044,1715,server,ubuntu,500,psutil,13400788222,27033987379,0,0,1.3,16364.8125,51.3,,,,,,,,,
20260820_142704_79edcc8b,2026-08-20T18:41:29.358620+00:00,865.1370344510069,1716,server,ubuntu,500,psutil,13400788222,27033987379,0,0,1.5,16364.8125,51.3,,,,,,,,,
20260820_142704_79edcc8b,2026-08-20T18:41:29.859099+00:00,865.6375136380084,1717,server,ubuntu,500,psutil,13400788222,27033987379,0,0,1.8,16364.8125,51.3,,,,,,,,,
20260820_142704_79edcc8b,2026-08-20T18:41:30.359615+00:00,866.1380122789997,1718,server,ubuntu,500,psutil,13400788410,27033987445,188,66,1.3,16364.8046875,51.3,,,,,,,,,
20260820_142704_79edcc8b,2026-08-20T18:41:30.860082+00:00,866.6384970479994,1719,server,ubuntu,500,psutil,13400789308,27033988129,898,684,1.5,16364.8046875,51.3,,,,,,,,,
20260820_142704_79edcc8b,2026-08-20T18:41:31.360551+00:00,867.1389660610002,1720,server,ubuntu,500,psutil,13400790048,27033988705,740,576,1.0,16362.0546875,51.3,,,,,,,,,
20260820_142704_79edcc8b,2026-08-20T18:41:31.861019+00:00,867.6394337500096,1721,server,ubuntu,500,psutil,13400790048,27033988705,0,0,2.0,16362.0546875,51.3,,,,,,,,,
20260820_142704_79edcc8b,2026-08-20T18:41:32.361643+00:00,868.1400580460031,1722,server,ubuntu,500,psutil,13400790048,27033988705,0,0,1.3,16362.19140625,51.3,,,,,,,,,
20260820_142704_79edcc8b,2026-08-20T18:41:32.862113+00:00,868.6405281480111,1723,server,ubuntu,500,psutil,13400790369,27033988915,321,210,1.3,16362.19140625,51.3,,,,,,,,,
20260820_142704_79edcc8b,2026-08-20T18:41:33.362541+00:00,869.1409559170133,1724,server,ubuntu,500,psutil,13400790369,27033988915,0,0,1.5,16362.19140625,51.3,,,,,,,,,
20260820_142704_79edcc8b,2026-08-20T18:41:33.863009+00:00,869.6414236570126,1725,server,ubuntu,500,psutil,13400790369,27033988915,0,0,1.5,16362.19140625,51.3,,,,,,,,,
20260820_142704_79edcc8b,2026-08-20T18:41:34.363478+00:00,870.1418925310136,1726,server,ubuntu,500,psutil,13400790369,27033988915,0,0,1.8,16364.76953125,51.3,,,,,,,,,
20260820_142704_79edcc8b,2026-08-20T18:41:34.864002+00:00,870.642416460003,1727,server,ubuntu,500,psutil,13400790369,27033988915,0,0,1.3,16364.76953125,51.3,,,,,,,,,
20260820_142704_79edcc8b,2026-08-20T18:41:35.364495+00:00,871.1429097060172,1728,server,ubuntu,500,psutil,13400790369,27033988915,0,0,1.5,16364.875,51.3,,,,,,,,,
20260820_142704_79edcc8b,2026-08-20T18:41:35.865087+00:00,871.6435014989984,1729,server,ubuntu,500,psutil,13400790369,27033988915,0,0,1.3,16364.875,51.3,,,,,,,,,
20260820_142704_79edcc8b,2026-08-20T18:41:36.365560+00:00,872.1439756189939,1730,server,ubuntu,500,psutil,13400790369,27033988915,0,0,1.3,16364.8671875,51.3,,,,,,,,,
20260820_142704_79edcc8b,2026-08-20T18:41:36.866043+00:00,872.6444581620162,1731,server,ubuntu,500,psutil,13400790491,27033989071,122,156,1.8,16364.8671875,51.3,,,,,,,,,
20260820_142704_79edcc8b,2026-08-20T18:41:37.366532+00:00,873.144946749002,1732,server,ubuntu,500,psutil,13400790899,27033989231,408,160,1.3,16365.1015625,51.3,,,,,,,,,
20260820_142704_79edcc8b,2026-08-20T18:41:37.866896+00:00,873.6453102910018,1733,server,ubuntu,500,psutil,13400790899,27033989297,0,66,1.3,16365.1015625,51.3,,,,,,,,,
20260820_142704_79edcc8b,2026-08-20T18:41:38.367378+00:00,874.1457931600162,1734,server,ubuntu,500,psutil,13400790899,27033989297,0,0,1.5,16365.34765625,51.3,,,,,,,,,
20260820_142704_79edcc8b,2026-08-20T18:41:38.868121+00:00,874.6465362430026,1735,server,ubuntu,500,psutil,13400790993,27033989402,94,105,1.3,16365.34765625,51.3,,,,,,,,,
20260820_142704_79edcc8b,2026-08-20T18:41:39.368725+00:00,875.1471400360169,1736,server,ubuntu,500,psutil,13400790993,27033989402,0,0,1.3,16365.34765625,51.3,,,,,,,,,
20260820_142704_79edcc8b,2026-08-20T18:41:39.869210+00:00,875.6476247209939,1737,server,ubuntu,500,psutil,13400790993,27033989402,0,0,1.5,16365.34765625,51.3,,,,,,,,,
20260820_142704_79edcc8b,2026-08-20T18:41:40.369929+00:00,876.1483437129937,1738,server,ubuntu,500,psutil,13400792452,27033990274,1459,872,1.3,16365.34375,51.3,,,,,,,,,
20260820_142704_79edcc8b,2026-08-20T18:41:40.870447+00:00,876.6488615520066,1739,server,ubuntu,500,psutil,13400792452,27033990952,0,678,1.5,16365.34375,51.3,,,,,,,,,
20260820_142704_79edcc8b,2026-08-20T18:41:41.370986+00:00,877.149400358001,1740,server,ubuntu,500,psutil,13400792563,27033991018,111,66,1.3,16365.34375,51.3,,,,,,,,,
20260820_142704_79edcc8b,2026-08-20T18:41:41.871683+00:00,877.6500985340099,1741,server,ubuntu,500,psutil,13400792633,27033991060,70,42,1.3,16365.33984375,51.3,,,,,,,,,
20260820_142704_79edcc8b,2026-08-20T18:41:42.372178+00:00,878.1505934410088,1742,server,ubuntu,500,psutil,13400792633,27033991060,0,0,2.0,16365.33984375,51.3,,,,,,,,,
20260820_142704_79edcc8b,2026-08-20T18:41:42.872720+00:00,878.651135446009,1743,server,ubuntu,500,psutil,13400792633,27033991060,0,0,1.5,16365.33984375,51.3,,,,,,,,,
20260820_142704_79edcc8b,2026-08-20T18:41:43.373451+00:00,879.1518656499975,1744,server,ubuntu,500,psutil,13400792633,27033991060,0,0,1.7,16365.33984375,51.3,,,,,,,,,
20260820_142704_79edcc8b,2026-08-20T18:41:43.874204+00:00,879.6526192360034,1745,server,ubuntu,500,psutil,13400793267,27033991060,634,0,1.3,16365.33984375,51.3,,,,,,,,,
20260820_142704_79edcc8b,2026-08-20T18:41:44.374638+00:00,880.1530531269964,1746,server,ubuntu,500,psutil,13400793267,27033991060,0,0,1.5,16365.33984375,51.3,,,,,,,,,
20260820_142704_79edcc8b,2026-08-20T18:41:44.875043+00:00,880.6534579500149,1747,server,ubuntu,500,psutil,13400793267,27033991060,0,0,1.0,16365.33984375,51.3,,,,,,,,,
20260820_142704_79edcc8b,2026-08-20T18:41:45.375456+00:00,881.1538713480113,1748,server,ubuntu,500,psutil,13400793267,27033991060,0,0,1.5,16365.33984375,51.3,,,,,,,,,
20260820_142704_79edcc8b,2026-08-20T18:41:45.876022+00:00,881.654437507008,1749,server,ubuntu,500,psutil,13400793267,27033991060,0,0,1.3,16365.33984375,51.3,,,,,,,,,
20260820_142704_79edcc8b,2026-08-20T18:41:46.376493+00:00,882.154908527009,1750,server,ubuntu,500,psutil,13400797554,27033996537,4287,5477,2.0,16365.9140625,51.3,,,,,,,,,
20260820_142704_79edcc8b,2026-08-20T18:41:46.876974+00:00,882.6553890730138,1751,server,ubuntu,500,psutil,13400797554,27033996537,0,0,1.3,16365.93359375,51.3,,,,,,,,,
20260820_142704_79edcc8b,2026-08-20T18:41:47.377442+00:00,883.1558574679948,1752,server,ubuntu,500,psutil,13400797868,27033996736,314,199,1.5,16366.07421875,51.3,,,,,,,,,
20260820_142704_79edcc8b,2026-08-20T18:41:47.877835+00:00,883.656249822001,1753,server,ubuntu,500,psutil,13400798088,27033996830,220,94,1.5,16370.0703125,51.4,,,,,,,,,
20260820_142704_79edcc8b,2026-08-20T18:41:48.378328+00:00,884.1567430710129,1754,server,ubuntu,500,psutil,13400798088,27033996830,0,0,1.5,16370.0703125,51.4,,,,,,,,,
20260820_142704_79edcc8b,2026-08-20T18:41:48.878744+00:00,884.6571587999933,1755,server,ubuntu,500,psutil,13400798088,27033996830,0,0,1.3,16370.0703125,51.4,,,,,,,,,
20260820_142704_79edcc8b,2026-08-20T18:41:49.379245+00:00,885.1576600760163,1756,server,ubuntu,500,psutil,13400798088,27033996830,0,0,1.5,16359.5,51.3,,,,,,,,,
20260820_142704_79edcc8b,2026-08-20T18:41:49.879644+00:00,885.6580591099919,1757,server,ubuntu,500,psutil,13400798088,27033996830,0,0,1.0,16359.5,51.3,,,,,,,,,
20260820_142704_79edcc8b,2026-08-20T18:41:50.380109+00:00,886.1585243419977,1758,server,ubuntu,500,psutil,13400798276,27033996896,188,66,1.5,16359.23828125,51.3,,,,,,,,,
20260820_142704_79edcc8b,2026-08-20T18:41:50.880620+00:00,886.6590349030157,1759,server,ubuntu,500,psutil,13400798276,27033996896,0,0,1.3,16359.484375,51.3,,,,,,,,,
20260820_142704_79edcc8b,2026-08-20T18:41:51.381088+00:00,887.1595028410084,1760,server,ubuntu,500,psutil,13400798276,27033996896,0,0,1.0,16359.484375,51.3,,,,,,,,,
20260820_142704_79edcc8b,2026-08-20T18:41:51.881555+00:00,887.6599703360116,1761,server,ubuntu,500,psutil,13400798404,27033997062,128,166,0.8,16359.484375,51.3,,,,,,,,,
20260820_142704_79edcc8b,2026-08-20T18:41:52.382150+00:00,888.160564899008,1762,server,ubuntu,500,psutil,13400798404,27033997062,0,0,2.0,16359.46875,51.3,,,,,,,,,
20260820_142704_79edcc8b,2026-08-20T18:41:52.882622+00:00,888.6610370080161,1763,server,ubuntu,500,psutil,13400798404,27033997062,0,0,1.0,16359.46875,51.3,,,,,,,,,
20260820_142704_79edcc8b,2026-08-20T18:41:53.383026+00:00,889.1614414100186,1764,server,ubuntu,500,psutil,13400798404,27033997062,0,0,1.5,16359.18359375,51.3,,,,,,,,,
20260820_142704_79edcc8b,2026-08-20T18:41:53.883583+00:00,889.6619981529948,1765,server,ubuntu,500,psutil,13400798498,27033997167,94,105,4.3,16359.96484375,51.3,,,,,,,,,
20260820_142704_79edcc8b,2026-08-20T18:41:54.384056+00:00,890.1624715090147,1766,server,ubuntu,500,psutil,13400798498,27033997167,0,0,1.8,16360.27734375,51.3,,,,,,,,,
20260820_142704_79edcc8b,2026-08-20T18:41:54.884538+00:00,890.662953076011,1767,server,ubuntu,500,psutil,13400798613,27033997236,115,69,2.0,16360.27734375,51.3,,,,,,,,,
20260820_142704_79edcc8b,2026-08-20T18:41:55.385024+00:00,891.163438855001,1768,server,ubuntu,500,psutil,13400825297,27034015106,26684,17870,6.3,16371.21484375,51.4,,,,,,,,,
20260820_142704_79edcc8b,2026-08-20T18:41:55.885764+00:00,891.6641791840084,1769,server,ubuntu,500,psutil,13400825297,27034015106,0,0,3.5,16370.18359375,51.4,,,,,,,,,
20260820_142704_79edcc8b,2026-08-20T18:41:56.386250+00:00,892.1646650079929,1770,server,ubuntu,500,psutil,13400825297,27034015106,0,0,3.8,16349.125,51.3,,,,,,,,,
20260820_142704_79edcc8b,2026-08-20T18:41:56.886620+00:00,892.6650345630187,1771,server,ubuntu,500,psutil,13400825419,27034015262,122,156,4.3,16349.42578125,51.3,,,,,,,,,
20260820_142704_79edcc8b,2026-08-20T18:41:57.387092+00:00,893.1655077809992,1772,server,ubuntu,500,psutil,13400829457,27034015839,4038,577,4.8,16353.01171875,51.3,,,,,,,,,
20260820_142704_79edcc8b,2026-08-20T18:41:57.887447+00:00,893.6658619969967,1773,server,ubuntu,500,psutil,13400829457,27034015839,0,0,4.8,16355.16796875,51.3,,,,,,,,,
20260820_142704_79edcc8b,2026-08-20T18:41:58.387878+00:00,894.1662927830184,1774,server,ubuntu,500,psutil,13400836959,27034017663,7502,1824,6.5,16376.24609375,51.4,,,,,,,,,
20260820_142704_79edcc8b,2026-08-20T18:41:58.888286+00:00,894.6667012280086,1775,server,ubuntu,500,psutil,13400836959,27034017663,0,0,4.0,16376.0625,51.4,,,,,,,,,
20260820_142704_79edcc8b,2026-08-20T18:41:59.388674+00:00,895.1670896220021,1776,server,ubuntu,500,psutil,13400836959,27034017663,0,0,1.8,16376.0546875,51.4,,,,,,,,,
20260820_142704_79edcc8b,2026-08-20T18:41:59.889062+00:00,895.6674763589981,1777,server,ubuntu,500,psutil,13400837053,27034017768,94,105,2.5,16376.5546875,51.4,,,,,,,,,
20260820_142704_79edcc8b,2026-08-20T18:42:00.389471+00:00,896.167886301002,1778,server,ubuntu,500,psutil,13400837053,27034017768,0,0,2.0,16349.99609375,51.3,,,,,,,,,
20260820_142704_79edcc8b,2026-08-20T18:42:00.889845+00:00,896.6682599929918,1779,server,ubuntu,500,psutil,13400837053,27034017768,0,0,1.5,16350.24609375,51.3,,,,,,,,,
20260820_142704_79edcc8b,2026-08-20T18:42:01.390244+00:00,897.1686592180049,1780,server,ubuntu,500,psutil,13400837476,27034018005,423,237,1.8,16349.71484375,51.3,,,,,,,,,
20260820_142704_79edcc8b,2026-08-20T18:42:01.890627+00:00,897.6690428210131,1781,server,ubuntu,500,psutil,13400837865,27034018462,389,457,1.3,16353.13671875,51.3,,,,,,,,,
20260820_142704_79edcc8b,2026-08-20T18:42:02.391028+00:00,898.1694435359968,1782,server,ubuntu,500,psutil,13400837935,27034018504,70,42,1.8,16353.40234375,51.3,,,,,,,,,
20260820_142704_79edcc8b,2026-08-20T18:42:02.891426+00:00,898.6698410219979,1783,server,ubuntu,500,psutil,13400837935,27034018504,0,0,1.3,16353.40234375,51.3,,,,,,,,,
20260820_142704_79edcc8b,2026-08-20T18:42:03.391906+00:00,899.1703210970154,1784,server,ubuntu,500,psutil,13400837935,27034018504,0,0,2.0,16353.40234375,51.3,,,,,,,,,
20260820_142704_79edcc8b,2026-08-20T18:42:03.892385+00:00,899.6708003130043,1785,server,ubuntu,500,psutil,13400837935,27034018504,0,0,1.8,16357.40234375,51.3,,,,,,,,,
20260820_142704_79edcc8b,2026-08-20T18:42:04.392795+00:00,900.1712105229963,1786,server,ubuntu,500,psutil,13400837935,27034018504,0,0,2.5,16358.859375,51.3,,,,,,,,,
20260820_142704_79edcc8b,2026-08-20T18:42:04.893287+00:00,900.6717022499943,1787,server,ubuntu,500,psutil,13400837935,27034018504,0,0,1.0,16358.859375,51.3,,,,,,,,,
20260820_142704_79edcc8b,2026-08-20T18:42:05.393694+00:00,901.1721082720032,1788,server,ubuntu,500,psutil,13400837935,27034018504,0,0,2.0,16347.70703125,51.3,,,,,,,,,
20260820_142704_79edcc8b,2026-08-20T18:42:05.894428+00:00,901.6728436590056,1789,server,ubuntu,500,psutil,13400837935,27034018504,0,0,1.5,16348.19140625,51.3,,,,,,,,,
20260820_142704_79edcc8b,2026-08-20T18:42:06.394801+00:00,902.1732162830012,1790,server,ubuntu,500,psutil,13400841222,27034020590,3287,2086,1.8,16348.19140625,51.3,,,,,,,,,
20260820_142704_79edcc8b,2026-08-20T18:42:06.895302+00:00,902.6737171120185,1791,server,ubuntu,500,psutil,13400841638,27034020894,416,304,1.5,16348.5,51.3,,,,,,,,,
20260820_142704_79edcc8b,2026-08-20T18:42:07.395758+00:00,903.1741728810011,1792,server,ubuntu,500,psutil,13400841858,27034020988,220,94,2.2,16348.7109375,51.3,,,,,,,,,
20260820_142704_79edcc8b,2026-08-20T18:42:07.896245+00:00,903.6746600689949,1793,server,ubuntu,500,psutil,13400841858,27034020988,0,0,1.5,16348.7109375,51.3,,,,,,,,,
20260820_142704_79edcc8b,2026-08-20T18:42:08.396738+00:00,904.1751533490024,1794,server,ubuntu,500,psutil,13400841952,27034021093,94,105,1.8,16347.7109375,51.3,,,,,,,,,
20260820_142704_79edcc8b,2026-08-20T18:42:08.897210+00:00,904.6756251460174,1795,server,ubuntu,500,psutil,13400841952,27034021093,0,0,2.5,16347.7109375,51.3,,,,,,,,,
20260820_142704_79edcc8b,2026-08-20T18:42:09.397618+00:00,905.1760332660051,1796,server,ubuntu,500,psutil,13400841952,27034021093,0,0,2.7,16347.8984375,51.3,,,,,,,,,
20260820_142704_79edcc8b,2026-08-20T18:42:09.898107+00:00,905.6765221940004,1797,server,ubuntu,500,psutil,13400841952,27034021093,0,0,1.8,16348.1484375,51.3,,,,,,,,,
20260820_142704_79edcc8b,2026-08-20T18:42:10.398588+00:00,906.1770032450149,1798,server,ubuntu,500,psutil,13400842140,27034021159,188,66,3.0,16347.7109375,51.3,,,,,,,,,
20260820_142704_79edcc8b,2026-08-20T18:42:10.899079+00:00,906.6774943410128,1799,server,ubuntu,500,psutil,13400859725,27034029022,17585,7863,8.1,16363.4375,51.3,,,,,,,,,
20260820_142704_79edcc8b,2026-08-20T18:42:11.399573+00:00,907.1779878459929,1800,server,ubuntu,500,psutil,13400859946,27034030103,221,1081,5.5,16369.59765625,51.4,,,,,,,,,
20260820_142704_79edcc8b,2026-08-20T18:42:11.899966+00:00,907.6783805770101,1801,server,ubuntu,500,psutil,13400860060,27034030181,114,78,7.8,16370.25390625,51.4,,,,,,,,,
20260820_142704_79edcc8b,2026-08-20T18:42:12.400438+00:00,908.1788527489989,1802,server,ubuntu,500,psutil,13400860260,27034030372,200,191,5.3,16347.62109375,51.3,,,,,,,,,
20260820_142704_79edcc8b,2026-08-20T18:42:12.900814+00:00,908.6792294380139,1803,server,ubuntu,500,psutil,13400860260,27034030372,0,0,3.0,16347.69140625,51.3,,,,,,,,,
20260820_142704_79edcc8b,2026-08-20T18:42:13.401297+00:00,909.1797121840063,1804,server,ubuntu,500,psutil,13400860260,27034030372,0,0,3.3,16348.83203125,51.3,,,,,,,,,
20260820_142704_79edcc8b,2026-08-20T18:42:13.901677+00:00,909.6800912609906,1805,server,ubuntu,500,psutil,13400860894,27034030372,634,0,4.2,16349.54296875,51.3,,,,,,,,,
20260820_142704_79edcc8b,2026-08-20T18:42:14.402448+00:00,910.1808633210021,1806,server,ubuntu,500,psutil,13400860894,27034030372,0,0,3.3,16350.01171875,51.3,,,,,,,,,
20260820_142704_79edcc8b,2026-08-20T18:42:14.902932+00:00,910.6813471479982,1807,server,ubuntu,500,psutil,13400860894,27034030372,0,0,3.8,16350.01171875,51.3,,,,,,,,,
20260820_142704_79edcc8b,2026-08-20T18:42:15.403615+00:00,911.182030202006,1808,server,ubuntu,500,psutil,13400860894,27034030372,0,0,3.8,16351.04296875,51.3,,,,,,,,,
20260820_142704_79edcc8b,2026-08-20T18:42:15.904092+00:00,911.6825071850035,1809,server,ubuntu,500,psutil,13400861110,27034030528,216,156,3.5,16352.59765625,51.3,,,,,,,,,
20260820_142704_79edcc8b,2026-08-20T18:42:16.404813+00:00,912.1832285319979,1810,server,ubuntu,500,psutil,13400861537,27034030778,427,250,3.5,16353.43359375,51.3,,,,,,,,,
20260820_142704_79edcc8b,2026-08-20T18:42:16.905551+00:00,912.6839657929959,1811,server,ubuntu,500,psutil,13400862471,27034031628,934,850,3.0,16356.23828125,51.3,,,,,,,,,
20260820_142704_79edcc8b,2026-08-20T18:42:17.406274+00:00,913.1846889080189,1812,server,ubuntu,500,psutil,13400862691,27034031722,220,94,3.8,16356.74609375,51.3,,,,,,,,,
20260820_142704_79edcc8b,2026-08-20T18:42:17.906757+00:00,913.685172447993,1813,server,ubuntu,500,psutil,13400862911,27034031816,220,94,3.0,16355.80859375,51.3,,,,,,,,,
20260820_142704_79edcc8b,2026-08-20T18:42:18.407237+00:00,914.1856527109921,1814,server,ubuntu,500,psutil,13400864370,27034032688,1459,872,4.3,16355.87109375,51.3,,,,,,,,,
20260820_142704_79edcc8b,2026-08-20T18:42:18.907659+00:00,914.6860731060151,1815,server,ubuntu,500,psutil,13400864370,27034032688,0,0,3.5,16355.48828125,51.3,,,,,,,,,
20260820_142704_79edcc8b,2026-08-20T18:42:19.408056+00:00,915.1864713949908,1816,server,ubuntu,500,psutil,13400864370,27034032688,0,0,3.3,16357.75,51.3,,,,,,,,,
20260820_142704_79edcc8b,2026-08-20T18:42:19.908463+00:00,915.6868733430165,1817,server,ubuntu,500,psutil,13400864370,27034032688,0,0,4.0,16357.75,51.3,,,,,,,,,
20260820_142704_79edcc8b,2026-08-20T18:42:20.408903+00:00,916.1873178569949,1818,server,ubuntu,500,psutil,13400864370,27034032688,0,0,3.3,16358.125,51.3,,,,,,,,,
20260820_142704_79edcc8b,2026-08-20T18:42:20.909548+00:00,916.6879617620143,1819,server,ubuntu,500,psutil,13400864370,27034032688,0,0,3.5,16358.125,51.3,,,,,,,,,
20260820_142704_79edcc8b,2026-08-20T18:42:21.409946+00:00,917.1883607020136,1820,server,ubuntu,500,psutil,13400864370,27034032688,0,0,3.5,16358.25,51.3,,,,,,,,,
20260820_142704_79edcc8b,2026-08-20T18:42:21.910334+00:00,917.6887491389934,1821,server,ubuntu,500,psutil,13400864797,27034032820,427,132,3.5,16357.3125,51.3,,,,,,,,,
20260820_142704_79edcc8b,2026-08-20T18:42:22.410699+00:00,918.1891139700019,1822,server,ubuntu,500,psutil,13400864891,27034032991,94,171,3.8,16357.03125,51.3,,,,,,,,,
20260820_142704_79edcc8b,2026-08-20T18:42:22.911173+00:00,918.689587973,1823,server,ubuntu,500,psutil,13400864891,27034032991,0,0,3.5,16356.40625,51.3,,,,,,,,,
20260820_142704_79edcc8b,2026-08-20T18:42:23.411638+00:00,919.1900529809936,1824,server,ubuntu,500,psutil,13400864891,27034032991,0,0,3.7,16356.2734375,51.3,,,,,,,,,
20260820_142704_79edcc8b,2026-08-20T18:42:23.912068+00:00,919.6904830849962,1825,server,ubuntu,500,psutil,13400864961,27034033033,70,42,3.5,16355.5,51.3,,,,,,,,,
20260820_142704_79edcc8b,2026-08-20T18:42:24.412584+00:00,920.1909990959975,1826,server,ubuntu,500,psutil,13400865076,27034033114,115,81,4.3,16353.51953125,51.3,,,,,,,,,
20260820_142704_79edcc8b,2026-08-20T18:42:24.913067+00:00,920.6914819820086,1827,server,ubuntu,500,psutil,13400868127,27034033738,3051,624,4.3,16353.80859375,51.3,,,,,,,,,
20260820_142704_79edcc8b,2026-08-20T18:42:25.413534+00:00,921.1919489139982,1828,server,ubuntu,500,psutil,13400887084,27034039029,18957,5291,3.5,16355.6953125,51.3,,,,,,,,,
20260820_142704_79edcc8b,2026-08-20T18:42:25.914002+00:00,921.6924172409927,1829,server,ubuntu,500,psutil,13400887178,27034039134,94,105,4.3,16356.7890625,51.3,,,,,,,,,
20260820_142704_79edcc8b,2026-08-20T18:42:26.414469+00:00,922.1928834159917,1830,server,ubuntu,500,psutil,13400890631,27034043916,3453,4782,3.8,16354.078125,51.3,,,,,,,,,
20260820_142704_79edcc8b,2026-08-20T18:42:26.914824+00:00,922.6932390820002,1831,server,ubuntu,500,psutil,13400891199,27034044209,568,293,3.8,16352.0234375,51.3,,,,,,,,,
20260820_142704_79edcc8b,2026-08-20T18:42:27.415293+00:00,923.1937079429918,1832,server,ubuntu,500,psutil,13400891419,27034044303,220,94,3.3,16352.015625,51.3,,,,,,,,,
20260820_142704_79edcc8b,2026-08-20T18:42:27.915614+00:00,923.6940291020146,1833,server,ubuntu,500,psutil,13400891419,27034044303,0,0,4.0,16352.23828125,51.3,,,,,,,,,
20260820_142704_79edcc8b,2026-08-20T18:42:28.416021+00:00,924.1944302140037,1834,server,ubuntu,500,psutil,13400891419,27034044303,0,0,3.3,16353.11328125,51.3,,,,,,,,,
20260820_142704_79edcc8b,2026-08-20T18:42:28.916520+00:00,924.6949356650002,1835,server,ubuntu,500,psutil,13400891419,27034044303,0,0,4.0,16352.30078125,51.3,,,,,,,,,
20260820_142704_79edcc8b,2026-08-20T18:42:29.416958+00:00,925.1953730639943,1836,server,ubuntu,500,psutil,13400891419,27034044303,0,0,4.5,16360.375,51.3,,,,,,,,,
20260820_142704_79edcc8b,2026-08-20T18:42:29.917428+00:00,925.6958433690015,1837,server,ubuntu,500,psutil,13400891419,27034044303,0,0,3.3,16364.08984375,51.3,,,,,,,,,
20260820_142704_79edcc8b,2026-08-20T18:42:30.417902+00:00,926.1963173260156,1838,server,ubuntu,500,psutil,13400891607,27034044369,188,66,3.5,16363.14453125,51.3,,,,,,,,,
20260820_142704_79edcc8b,2026-08-20T18:42:30.918508+00:00,926.6969235430006,1839,server,ubuntu,500,psutil,13400891607,27034044369,0,0,2.8,16363.421875,51.3,,,,,,,,,
20260820_142704_79edcc8b,2026-08-20T18:42:31.418989+00:00,927.197404733015,1840,server,ubuntu,500,psutil,13400891607,27034044369,0,0,3.3,16363.86328125,51.3,,,,,,,,,
20260820_142704_79edcc8b,2026-08-20T18:42:31.919476+00:00,927.6978913499916,1841,server,ubuntu,500,psutil,13400892030,27034044606,423,237,4.0,16364.0859375,51.3,,,,,,,,,
20260820_142704_79edcc8b,2026-08-20T18:42:32.420179+00:00,928.1985944579937,1842,server,ubuntu,500,psutil,13400892437,27034045063,407,457,4.0,16360.98046875,51.3,,,,,,,,,
20260820_142704_79edcc8b,2026-08-20T18:42:32.920922+00:00,928.6993373699952,1843,server,ubuntu,500,psutil,13400892437,27034045063,0,0,3.2,16361.921875,51.3,,,,,,,,,
20260820_142704_79edcc8b,2026-08-20T18:42:33.421649+00:00,929.2000633139978,1844,server,ubuntu,500,psutil,13400892437,27034045063,0,0,3.0,16362.06640625,51.3,,,,,,,,,
20260820_142704_79edcc8b,2026-08-20T18:42:33.922128+00:00,929.7005432019942,1845,server,ubuntu,500,psutil,13400892437,27034045063,0,0,3.8,16361.421875,51.3,,,,,,,,,
20260820_142704_79edcc8b,2026-08-20T18:42:34.422625+00:00,930.201040215994,1846,server,ubuntu,500,psutil,13400892531,27034045168,94,105,3.5,16359.296875,51.3,,,,,,,,,
20260820_142704_79edcc8b,2026-08-20T18:42:34.923366+00:00,930.7017812019913,1847,server,ubuntu,500,psutil,13400892531,27034045168,0,0,3.8,16358.91015625,51.3,,,,,,,,,
20260820_142704_79edcc8b,2026-08-20T18:42:35.423740+00:00,931.2021548710181,1848,server,ubuntu,500,psutil,13400892531,27034045168,0,0,3.8,16359.4296875,51.3,,,,,,,,,
20260820_142704_79edcc8b,2026-08-20T18:42:35.924153+00:00,931.7025684209948,1849,server,ubuntu,500,psutil,13400892531,27034045168,0,0,4.0,16357.5546875,51.3,,,,,,,,,
20260820_142704_79edcc8b,2026-08-20T18:42:36.424515+00:00,932.2029303600139,1850,server,ubuntu,500,psutil,13400913573,27034049977,21042,4809,12.8,16381.38671875,51.4,,,,,,,,,
20260820_142704_79edcc8b,2026-08-20T18:42:36.924914+00:00,932.7033285789948,1851,server,ubuntu,500,psutil,13400914108,27034051930,535,1953,6.5,16386.69140625,51.4,,,,,,,,,
20260820_142704_79edcc8b,2026-08-20T18:42:37.425279+00:00,933.2036942290142,1852,server,ubuntu,500,psutil,13400929870,27034064418,15762,12488,8.0,16375.64453125,51.4,,,,,,,,,
20260820_142704_79edcc8b,2026-08-20T18:42:37.925689+00:00,933.7041037169984,1853,server,ubuntu,500,psutil,13400930760,27034064848,890,430,5.0,16376.08203125,51.4,,,,,,,,,
20260820_142704_79edcc8b,2026-08-20T18:42:38.426084+00:00,934.2044987929985,1854,server,ubuntu,500,psutil,13400932631,27034067040,1871,2192,5.5,16362.328125,51.3,,,,,,,,,
20260820_142704_79edcc8b,2026-08-20T18:42:38.926463+00:00,934.7048749480164,1855,server,ubuntu,500,psutil,13400932734,27034068310,103,1270,5.0,16360.87109375,51.3,,,,,,,,,
20260820_142704_79edcc8b,2026-08-20T18:42:39.426948+00:00,935.2053628540016,1856,server,ubuntu,500,psutil,13400935714,27034070969,2980,2659,7.0,16343.69140625,51.3,,,,,,,,,
20260820_142704_79edcc8b,2026-08-20T18:42:39.927406+00:00,935.7058208220114,1857,server,ubuntu,500,psutil,13400941328,27034077347,5614,6378,7.0,16340.109375,51.3,,,,,,,,,
20260820_142704_79edcc8b,2026-08-20T18:42:40.427759+00:00,936.2061740799982,1858,server,ubuntu,500,psutil,13400942977,27034100592,1649,23245,10.0,16376.4609375,51.4,,,,,,,,,
20260820_142704_79edcc8b,2026-08-20T18:42:40.928155+00:00,936.7065703390108,1859,server,ubuntu,500,psutil,13401032523,27034185515,89546,84923,13.6,16397.09765625,51.4,,,,,,,,,
20260820_142704_79edcc8b,2026-08-20T18:42:41.428543+00:00,937.2069582199911,1860,server,ubuntu,500,psutil,13401032733,27034187029,210,1514,4.5,16395.45703125,51.4,,,,,,,,,
20260820_142704_79edcc8b,2026-08-20T18:42:41.928998+00:00,937.7074135710136,1861,server,ubuntu,500,psutil,13401032847,27034187107,114,78,3.8,16395.8203125,51.4,,,,,,,,,
20260820_142704_79edcc8b,2026-08-20T18:42:42.429467+00:00,938.2078822340118,1862,server,ubuntu,500,psutil,13401032847,27034187107,0,0,4.3,16386.484375,51.4,,,,,,,,,
20260820_142704_79edcc8b,2026-08-20T18:42:42.929966+00:00,938.7083812720084,1863,server,ubuntu,500,psutil,13401032847,27034187107,0,0,4.8,16389.6875,51.4,,,,,,,,,
20260820_142704_79edcc8b,2026-08-20T18:42:43.430435+00:00,939.208849963994,1864,server,ubuntu,500,psutil,13401032847,27034187107,0,0,4.0,16390.74609375,51.4,,,,,,,,,
20260820_142704_79edcc8b,2026-08-20T18:42:43.930787+00:00,939.7092023820151,1865,server,ubuntu,500,psutil,13401037451,27034187599,4604,492,8.1,16415.484375,51.5,,,,,,,,,
20260820_142704_79edcc8b,2026-08-20T18:42:44.431358+00:00,940.2097728149965,1866,server,ubuntu,500,psutil,13401037451,27034187599,0,0,1.8,16411.0390625,51.5,,,,,,,,,
20260820_142704_79edcc8b,2026-08-20T18:42:44.931844+00:00,940.7102583899978,1867,server,ubuntu,500,psutil,13401037521,27034187641,70,42,1.5,16420.62890625,51.5,,,,,,,,,
20260820_142704_79edcc8b,2026-08-20T18:42:45.432599+00:00,941.211013794993,1868,server,ubuntu,500,psutil,13401037521,27034187641,0,0,1.5,16386.23046875,51.4,,,,,,,,,
20260820_142704_79edcc8b,2026-08-20T18:42:45.933078+00:00,941.7114934159908,1869,server,ubuntu,500,psutil,13401037521,27034187641,0,0,1.5,16386.23046875,51.4,,,,,,,,,
20260820_142704_79edcc8b,2026-08-20T18:42:46.433824+00:00,942.2122398150095,1870,server,ubuntu,500,psutil,13401041206,27034192644,3685,5003,1.5,16386.71484375,51.4,,,,,,,,,
20260820_142704_79edcc8b,2026-08-20T18:42:46.934550+00:00,942.7129642300133,1871,server,ubuntu,500,psutil,13401041300,27034192749,94,105,1.3,16386.984375,51.4,,,,,,,,,
20260820_142704_79edcc8b,2026-08-20T18:42:47.435027+00:00,943.2134422009985,1872,server,ubuntu,500,psutil,13401042951,27034194013,1651,1264,2.0,16385.07421875,51.4,,,,,,,,,
20260820_142704_79edcc8b,2026-08-20T18:42:47.935724+00:00,943.7141391710029,1873,server,ubuntu,500,psutil,13401042951,27034194013,0,0,0.8,16385.33984375,51.4,,,,,,,,,
20260820_142704_79edcc8b,2026-08-20T18:42:48.436206+00:00,944.2146215900138,1874,server,ubuntu,500,psutil,13401042951,27034194013,0,0,1.7,16383.328125,51.4,,,,,,,,,
20260820_142704_79edcc8b,2026-08-20T18:42:48.936734+00:00,944.7151498309977,1875,server,ubuntu,500,psutil,13401042951,27034194013,0,0,1.3,16383.328125,51.4,,,,,,,,,
20260820_142704_79edcc8b,2026-08-20T18:42:49.437210+00:00,945.215625420009,1876,server,ubuntu,500,psutil,13401043066,27034194094,115,81,1.5,16381.41796875,51.4,,,,,,,,,
20260820_142704_79edcc8b,2026-08-20T18:42:49.937718+00:00,945.7161330319941,1877,server,ubuntu,500,psutil,13401043066,27034194094,0,0,1.7,16381.7265625,51.4,,,,,,,,,
20260820_142704_79edcc8b,2026-08-20T18:42:50.438336+00:00,946.2167510619911,1878,server,ubuntu,500,psutil,13401043254,27034194160,188,66,1.8,16380.1796875,51.4,,,,,,,,,
20260820_142704_79edcc8b,2026-08-20T18:42:50.938752+00:00,946.7171673880075,1879,server,ubuntu,500,psutil,13401043254,27034194160,0,0,1.3,16380.1796875,51.4,,,,,,,,,
20260820_142704_79edcc8b,2026-08-20T18:42:51.439486+00:00,947.2179013470013,1880,server,ubuntu,500,psutil,13401043382,27034194260,128,100,1.8,16378.359375,51.4,,,,,,,,,
20260820_142704_79edcc8b,2026-08-20T18:42:51.940042+00:00,947.7184573239938,1881,server,ubuntu,500,psutil,13401043382,27034194326,0,66,1.8,16378.671875,51.4,,,,,,,,,
20260820_142704_79edcc8b,2026-08-20T18:42:52.440444+00:00,948.218858726992,1882,server,ubuntu,500,psutil,13401043382,27034194326,0,0,2.5,16378.671875,51.4,,,,,,,,,
20260820_142704_79edcc8b,2026-08-20T18:42:52.940878+00:00,948.7192924300034,1883,server,ubuntu,500,psutil,13401043382,27034194326,0,0,1.3,16378.671875,51.4,,,,,,,,,
20260820_142704_79edcc8b,2026-08-20T18:42:53.441274+00:00,949.2196896930109,1884,server,ubuntu,500,psutil,13401043476,27034194431,94,105,2.0,16378.671875,51.4,,,,,,,,,
20260820_142704_79edcc8b,2026-08-20T18:42:53.941798+00:00,949.7201957979996,1885,server,ubuntu,500,psutil,13401043476,27034194431,0,0,1.8,16378.671875,51.4,,,,,,,,,
20260820_142704_79edcc8b,2026-08-20T18:42:54.442309+00:00,950.2207243700104,1886,server,ubuntu,500,psutil,13401043476,27034194431,0,0,1.0,16378.6640625,51.4,,,,,,,,,
20260820_142704_79edcc8b,2026-08-20T18:42:54.942864+00:00,950.7212789290061,1887,server,ubuntu,500,psutil,13401043476,27034194431,0,0,1.3,16378.8984375,51.4,,,,,,,,,
20260820_142704_79edcc8b,2026-08-20T18:42:55.443241+00:00,951.221655936999,1888,server,ubuntu,500,psutil,13401043476,27034194431,0,0,10.6,16448.5390625,51.6,,,,,,,,,
20260820_142704_79edcc8b,2026-08-20T18:42:55.943632+00:00,951.7220469290041,1889,server,ubuntu,500,psutil,13401043476,27034194431,0,0,3.8,16472.2265625,51.7,,,,,,,,,
20260820_142704_79edcc8b,2026-08-20T18:42:56.444099+00:00,952.2225140549999,1890,server,ubuntu,500,psutil,13401043476,27034194431,0,0,1.7,16472.078125,51.7,,,,,,,,,
20260820_142704_79edcc8b,2026-08-20T18:42:56.944589+00:00,952.7230041419971,1891,server,ubuntu,500,psutil,13401044480,27034195174,1004,743,2.0,16464.203125,51.7,,,,,,,,,
20260820_142704_79edcc8b,2026-08-20T18:42:57.444918+00:00,953.2233334390039,1892,server,ubuntu,500,psutil,13401044700,27034195322,220,148,2.5,16464.265625,51.7,,,,,,,,,
20260820_142704_79edcc8b,2026-08-20T18:42:57.945284+00:00,953.7236989329976,1893,server,ubuntu,500,psutil,13401044700,27034195322,0,0,1.3,16464.51171875,51.7,,,,,,,,,
20260820_142704_79edcc8b,2026-08-20T18:42:58.445624+00:00,954.2240393790125,1894,server,ubuntu,500,psutil,13401058625,27034196179,13925,857,2.2,16465.1875,51.7,,,,,,,,,
20260820_142704_79edcc8b,2026-08-20T18:42:58.946092+00:00,954.7245067089971,1895,server,ubuntu,500,psutil,13401058625,27034196179,0,0,1.5,16465.1875,51.7,,,,,,,,,
20260820_142704_79edcc8b,2026-08-20T18:42:59.446644+00:00,955.2250590950134,1896,server,ubuntu,500,psutil,13401060084,27034197051,1459,872,1.5,16456.5078125,51.6,,,,,,,,,
20260820_142704_79edcc8b,2026-08-20T18:42:59.947125+00:00,955.7255399970163,1897,server,ubuntu,500,psutil,13401060178,27034197156,94,105,1.5,16458.92578125,51.6,,,,,,,,,
20260820_142704_79edcc8b,2026-08-20T18:43:00.447630+00:00,956.2260450519971,1898,server,ubuntu,500,psutil,13401060178,27034197156,0,0,2.5,16447.6484375,51.6,,,,,,,,,
20260820_142704_79edcc8b,2026-08-20T18:43:00.948178+00:00,956.7265932000009,1899,server,ubuntu,500,psutil,13401060178,27034197156,0,0,3.3,16447.203125,51.6,,,,,,,,,
20260820_142704_79edcc8b,2026-08-20T18:43:01.448728+00:00,957.2271433380083,1900,server,ubuntu,500,psutil,13401060605,27034197406,427,250,1.8,16439.32421875,51.6,,,,,,,,,
20260820_142704_79edcc8b,2026-08-20T18:43:01.949352+00:00,957.7277675459918,1901,server,ubuntu,500,psutil,13401060605,27034197406,0,0,1.3,16439.32421875,51.6,,,,,,,,,
20260820_142704_79edcc8b,2026-08-20T18:43:02.449908+00:00,958.2283236079966,1902,server,ubuntu,500,psutil,13401061417,27034198100,812,694,2.3,16429.671875,51.5,,,,,,,,,
20260820_142704_79edcc8b,2026-08-20T18:43:02.950625+00:00,958.729040080012,1903,server,ubuntu,500,psutil,13401061532,27034198181,115,81,3.5,16433.59765625,51.6,,,,,,,,,
20260820_142704_79edcc8b,2026-08-20T18:43:03.451092+00:00,959.2295065940125,1904,server,ubuntu,500,psutil,13401061532,27034198181,0,0,1.8,16428.70703125,51.5,,,,,,,,,
20260820_142704_79edcc8b,2026-08-20T18:43:03.951574+00:00,959.7299898700148,1905,server,ubuntu,500,psutil,13401061532,27034198181,0,0,1.5,16428.70703125,51.5,,,,,,,,,
20260820_142704_79edcc8b,2026-08-20T18:43:04.452049+00:00,960.230464081018,1906,server,ubuntu,500,psutil,13401061532,27034198181,0,0,1.8,16423.22265625,51.5,,,,,,,,,
20260820_142704_79edcc8b,2026-08-20T18:43:04.952518+00:00,960.7309333989979,1907,server,ubuntu,500,psutil,13401061532,27034198181,0,0,1.8,16423.28125,51.5,,,,,,,,,
20260820_142704_79edcc8b,2026-08-20T18:43:05.452988+00:00,961.2314037730102,1908,server,ubuntu,500,psutil,13401061532,27034198181,0,0,2.5,16417.80078125,51.5,,,,,,,,,
20260820_142704_79edcc8b,2026-08-20T18:43:05.953717+00:00,961.7321324759978,1909,server,ubuntu,500,psutil,13401061532,27034198181,0,0,3.5,16419.39453125,51.5,,,,,,,,,
20260820_142704_79edcc8b,2026-08-20T18:43:06.454198+00:00,962.2326133550087,1910,server,ubuntu,500,psutil,13401064889,27034200309,3357,2128,1.3,16415.6875,51.5,,,,,,,,,
20260820_142704_79edcc8b,2026-08-20T18:43:06.954842+00:00,962.7332573260064,1911,server,ubuntu,500,psutil,13401064983,27034200375,94,66,2.0,16415.6953125,51.5,,,,,,,,,
20260820_142704_79edcc8b,2026-08-20T18:43:07.455580+00:00,963.2339945870044,1912,server,ubuntu,500,psutil,13401065297,27034200535,314,160,2.0,16411.859375,51.5,,,,,,,,,
20260820_142704_79edcc8b,2026-08-20T18:43:07.955973+00:00,963.7343732260051,1913,server,ubuntu,500,psutil,13401065391,27034200640,94,105,2.5,16420.16796875,51.5,,,,,,,,,
20260820_142704_79edcc8b,2026-08-20T18:43:08.456534+00:00,964.2349493990187,1914,server,ubuntu,500,psutil,13401065391,27034200640,0,0,1.3,16417.1953125,51.5,,,,,,,,,
20260820_142704_79edcc8b,2026-08-20T18:43:08.957189+00:00,964.7356035400007,1915,server,ubuntu,500,psutil,13401065391,27034200640,0,0,1.3,16417.1953125,51.5,,,,,,,,,
20260820_142704_79edcc8b,2026-08-20T18:43:09.457617+00:00,965.2360325829941,1916,server,ubuntu,500,psutil,13401065391,27034200640,0,0,1.5,16414.390625,51.5,,,,,,,,,
20260820_142704_79edcc8b,2026-08-20T18:43:09.958015+00:00,965.736430229008,1917,server,ubuntu,500,psutil,13401065391,27034200640,0,0,1.0,16414.390625,51.5,,,,,,,,,
20260820_142704_79edcc8b,2026-08-20T18:43:10.458455+00:00,966.2368698950158,1918,server,ubuntu,500,psutil,13401065579,27034200706,188,66,1.0,16411.6953125,51.5,,,,,,,,,
20260820_142704_79edcc8b,2026-08-20T18:43:10.958964+00:00,966.7373787889956,1919,server,ubuntu,500,psutil,13401065579,27034201384,0,678,1.5,16410.4296875,51.5,,,,,,,,,
20260820_142704_79edcc8b,2026-08-20T18:43:11.459426+00:00,967.237840346992,1920,server,ubuntu,500,psutil,13401074487,27034209172,8908,7788,1.8,16408.71875,51.5,,,,,,,,,
20260820_142704_79edcc8b,2026-08-20T18:43:11.959850+00:00,967.7382649790088,1921,server,ubuntu,500,psutil,13401074487,27034209172,0,0,2.8,16408.71875,51.5,,,,,,,,,
20260820_142704_79edcc8b,2026-08-20T18:43:12.460309+00:00,968.2387245820137,1922,server,ubuntu,500,psutil,13401074487,27034209172,0,0,5.3,16406.83984375,51.5,,,,,,,,,
20260820_142704_79edcc8b,2026-08-20T18:43:12.960745+00:00,968.7391602040152,1923,server,ubuntu,500,psutil,13401074487,27034209172,0,0,1.5,16406.83984375,51.5,,,,,,,,,
20260820_142704_79edcc8b,2026-08-20T18:43:13.461125+00:00,969.2395400190144,1924,server,ubuntu,500,psutil,13401074581,27034209277,94,105,15.8,16446.828125,51.6,,,,,,,,,
20260820_142704_79edcc8b,2026-08-20T18:43:13.961634+00:00,969.7400490549917,1925,server,ubuntu,500,psutil,13401075215,27034209277,634,0,9.5,16494.34375,51.7,,,,,,,,,
20260820_142704_79edcc8b,2026-08-20T18:43:14.462066+00:00,970.2404814510082,1926,server,ubuntu,500,psutil,13401075215,27034209277,0,0,2.0,16475.98046875,51.7,,,,,,,,,
20260820_142704_79edcc8b,2026-08-20T18:43:14.962525+00:00,970.7409404609934,1927,server,ubuntu,500,psutil,13401075215,27034209277,0,0,2.3,16476.2265625,51.7,,,,,,,,,
20260820_142704_79edcc8b,2026-08-20T18:43:15.462986+00:00,971.2414013110101,1928,server,ubuntu,500,psutil,13401075215,27034209277,0,0,1.8,16463.31640625,51.7,,,,,,,,,
20260820_142704_79edcc8b,2026-08-20T18:43:15.963446+00:00,971.7418615159986,1929,server,ubuntu,500,psutil,13401075215,27034209277,0,0,1.3,16461.890625,51.6,,,,,,,,,
20260820_142704_79edcc8b,2026-08-20T18:43:16.463943+00:00,972.242358663003,1930,server,ubuntu,500,psutil,13401075215,27034209277,0,0,2.0,16449.7578125,51.6,,,,,,,,,
20260820_142704_79edcc8b,2026-08-20T18:43:16.964406+00:00,972.7428212630039,1931,server,ubuntu,500,psutil,13401075452,27034209514,237,237,3.3,16450.5078125,51.6,,,,,,,,,
20260820_142704_79edcc8b,2026-08-20T18:43:17.464806+00:00,973.243220925011,1932,server,ubuntu,500,psutil,13401076315,27034209939,863,425,2.5,16434.453125,51.6,,,,,,,,,
20260820_142704_79edcc8b,2026-08-20T18:43:17.965196+00:00,973.7436105569941,1933,server,ubuntu,500,psutil,13401076704,27034210397,389,458,14.1,16510.578125,51.8,,,,,,,,,
20260820_142704_79edcc8b,2026-08-20T18:43:18.465589+00:00,974.2440038330096,1934,server,ubuntu,500,psutil,13401076704,27034210397,0,0,4.3,16501.69140625,51.8,,,,,,,,,
20260820_142704_79edcc8b,2026-08-20T18:43:18.966314+00:00,974.744728723017,1935,server,ubuntu,500,psutil,13401076704,27034210397,0,0,1.3,16501.69140625,51.8,,,,,,,,,
20260820_142704_79edcc8b,2026-08-20T18:43:19.466704+00:00,975.2451196570182,1936,server,ubuntu,500,psutil,13401078163,27034211269,1459,872,1.8,16480.65625,51.7,,,,,,,,,
20260820_142704_79edcc8b,2026-08-20T18:43:19.967389+00:00,975.7458045489911,1937,server,ubuntu,500,psutil,13401078163,27034211269,0,0,1.8,16480.65625,51.7,,,,,,,,,
20260820_142704_79edcc8b,2026-08-20T18:43:20.467752+00:00,976.2461669679906,1938,server,ubuntu,500,psutil,13401078163,27034211269,0,0,1.5,16467.62109375,51.7,,,,,,,,,
20260820_142704_79edcc8b,2026-08-20T18:43:20.968224+00:00,976.7466397680109,1939,server,ubuntu,500,psutil,13401078163,27034211269,0,0,2.0,16467.83984375,51.7,,,,,,,,,
20260820_142704_79edcc8b,2026-08-20T18:43:21.468585+00:00,977.2470006509975,1940,server,ubuntu,500,psutil,13401078163,27034211269,0,0,2.5,16451.54296875,51.6,,,,,,,,,
20260820_142704_79edcc8b,2026-08-20T18:43:21.969052+00:00,977.7474670069932,1941,server,ubuntu,500,psutil,13401078351,27034211440,188,171,2.3,16451.54296875,51.6,,,,,,,,,
20260820_142704_79edcc8b,2026-08-20T18:43:22.469596+00:00,978.2480117419909,1942,server,ubuntu,500,psutil,13401078445,27034211506,94,66,1.5,16440.08984375,51.6,,,,,,,,,
20260820_142704_79edcc8b,2026-08-20T18:43:22.970069+00:00,978.748484434007,1943,server,ubuntu,500,psutil,13401078445,27034211506,0,0,3.0,16449.88671875,51.6,,,,,,,,,
20260820_142704_79edcc8b,2026-08-20T18:43:23.470556+00:00,979.2489712570095,1944,server,ubuntu,500,psutil,13401078445,27034211506,0,0,1.3,16439.796875,51.6,,,,,,,,,
20260820_142704_79edcc8b,2026-08-20T18:43:23.971051+00:00,979.7494667730061,1945,server,ubuntu,500,psutil,13401088922,27034219577,10477,8071,2.5,16440.4453125,51.6,,,,,,,,,
20260820_142704_79edcc8b,2026-08-20T18:43:24.471528+00:00,980.2499438380182,1946,server,ubuntu,500,psutil,13401088922,27034219577,0,0,2.8,16440.4296875,51.6,,,,,,,,,
20260820_142704_79edcc8b,2026-08-20T18:43:24.972083+00:00,980.7504976100172,1947,server,ubuntu,500,psutil,13401088922,27034219577,0,0,2.3,16440.93359375,51.6,,,,,,,,,
20260820_142704_79edcc8b,2026-08-20T18:43:25.472565+00:00,981.2509795229998,1948,server,ubuntu,500,psutil,13401088922,27034219577,0,0,2.0,16438.703125,51.6,,,,,,,,,
20260820_142704_79edcc8b,2026-08-20T18:43:25.973309+00:00,981.7517243080074,1949,server,ubuntu,500,psutil,13401088922,27034219577,0,0,2.3,16438.5859375,51.6,,,,,,,,,
20260820_142704_79edcc8b,2026-08-20T18:43:26.473850+00:00,982.2522653719934,1950,server,ubuntu,500,psutil,13401092209,27034221663,3287,2086,3.7,16434.171875,51.6,,,,,,,,,
20260820_142704_79edcc8b,2026-08-20T18:43:26.974255+00:00,982.7526696060086,1951,server,ubuntu,500,psutil,13401092279,27034221705,70,42,1.8,16434.62109375,51.6,,,,,,,,,
20260820_142704_79edcc8b,2026-08-20T18:43:27.474685+00:00,983.2531005750061,1952,server,ubuntu,500,psutil,13401145555,27036615502,53276,2393797,10.1,16438.44140625,51.6,,,,,,,,,
20260820_142704_79edcc8b,2026-08-20T18:43:27.975442+00:00,983.7538567339943,1953,server,ubuntu,500,psutil,13401226554,27039866138,80999,3250636,14.3,16455.89453125,51.6,,,,,,,,,
20260820_142704_79edcc8b,2026-08-20T18:43:28.488643+00:00,984.2670589179907,1954,server,ubuntu,500,psutil,13401299568,27043717859,73014,3851721,17.4,16474.88671875,51.7,,,,,,,,,
20260820_142704_79edcc8b,2026-08-20T18:43:28.991826+00:00,984.770242197992,1955,server,ubuntu,500,psutil,13401376146,27047616409,76578,3898550,14.5,16495.7109375,51.8,,,,,,,,,
20260820_142704_79edcc8b,2026-08-20T18:43:29.504836+00:00,985.2832519939984,1956,server,ubuntu,500,psutil,13401410824,27051605799,34678,3989390,11.7,16516.09375,51.8,,,,,,,,,
20260820_142704_79edcc8b,2026-08-20T18:43:30.006227+00:00,985.7846434969979,1957,server,ubuntu,500,psutil,13401441881,27055839426,31057,4233627,12.8,16539.69140625,51.9,,,,,,,,,
20260820_142704_79edcc8b,2026-08-20T18:43:30.517315+00:00,986.2957303019939,1958,server,ubuntu,500,psutil,13401468953,27059937890,27072,4098464,13.1,16559.453125,52.0,,,,,,,,,
20260820_142704_79edcc8b,2026-08-20T18:43:31.033645+00:00,986.8120607369929,1959,server,ubuntu,500,psutil,13401494897,27064021148,25944,4083258,12.2,16581.79296875,52.0,,,,,,,,,
20260820_142704_79edcc8b,2026-08-20T18:43:31.535396+00:00,987.3138123730023,1960,server,ubuntu,500,psutil,13401520653,27068105920,25756,4084772,13.3,16602.82421875,52.1,,,,,,,,,
20260820_142704_79edcc8b,2026-08-20T18:43:32.042125+00:00,987.8205408549984,1961,server,ubuntu,500,psutil,13401542953,27071777370,22300,3671450,13.1,16624.22265625,52.2,,,,,,,,,
20260820_142704_79edcc8b,2026-08-20T18:43:32.555426+00:00,988.3338416969927,1962,server,ubuntu,500,psutil,13401571294,27076149802,28341,4372432,12.5,16648.69921875,52.2,,,,,,,,,
20260820_142704_79edcc8b,2026-08-20T18:43:33.064470+00:00,988.8428858089901,1963,server,ubuntu,500,psutil,13401597966,27080232251,26672,4082449,15.9,16676.7265625,52.3,,,,,,,,,
20260820_142704_79edcc8b,2026-08-20T18:43:33.582254+00:00,989.3606693920156,1964,server,ubuntu,500,psutil,13402065924,27081057461,467958,825210,14.7,17091.66796875,53.6,,,,,,,,,
20260820_142704_79edcc8b,2026-08-20T18:43:34.100400+00:00,989.8788165409933,1965,server,ubuntu,500,psutil,13404465358,27081072390,2399434,14929,10.1,17098.91796875,53.6,,,,,,,,,
20260820_142704_79edcc8b,2026-08-20T18:43:34.603484+00:00,990.3818999630166,1966,server,ubuntu,500,psutil,13406749154,27081084711,2283796,12321,8.5,17106.03125,53.7,,,,,,,,,
20260820_142704_79edcc8b,2026-08-20T18:43:35.104799+00:00,990.8832156269928,1967,server,ubuntu,500,psutil,13409099162,27081098265,2350008,13554,8.6,17117.21875,53.7,,,,,,,,,
20260820_142704_79edcc8b,2026-08-20T18:43:35.605234+00:00,991.3836489570094,1968,server,ubuntu,500,psutil,13411532438,27081112125,2433276,13860,10.2,17130.20703125,53.7,,,,,,,,,
20260820_142704_79edcc8b,2026-08-20T18:43:36.105740+00:00,991.8841548880155,1969,server,ubuntu,500,psutil,13414143044,27081125919,2610606,13794,8.3,17127.66796875,53.7,,,,,,,,,
20260820_142704_79edcc8b,2026-08-20T18:43:36.606233+00:00,992.3846487599949,1970,server,ubuntu,500,psutil,13416536966,27081139265,2393922,13346,8.8,17112.1484375,53.7,,,,,,,,,
20260820_142704_79edcc8b,2026-08-20T18:43:37.106624+00:00,992.8850398389914,1971,server,ubuntu,500,psutil,13419143154,27081149901,2606188,10636,8.3,17111.61328125,53.7,,,,,,,,,
20260820_142704_79edcc8b,2026-08-20T18:43:37.607723+00:00,993.3861391569953,1972,server,ubuntu,500,psutil,13421467688,27081161747,2324534,11846,8.0,17111.76953125,53.7,,,,,,,,,
20260820_142704_79edcc8b,2026-08-20T18:43:38.108049+00:00,993.8864641269902,1973,server,ubuntu,500,psutil,13423868659,27081177200,2400971,15453,8.8,17114.21484375,53.7,,,,,,,,,
20260820_142704_79edcc8b,2026-08-20T18:43:38.611263+00:00,994.3896784399985,1974,server,ubuntu,500,psutil,13426286472,27081191113,2417813,13913,12.2,17126.96875,53.7,,,,,,,,,
20260820_142704_79edcc8b,2026-08-20T18:43:39.112538+00:00,994.8909539309971,1975,server,ubuntu,500,psutil,13428687366,27081203299,2400894,12186,8.3,17141.9453125,53.8,,,,,,,,,
20260820_142704_79edcc8b,2026-08-20T18:43:39.612976+00:00,995.3913926660025,1976,server,ubuntu,500,psutil,13431156108,27081216176,2468742,12877,9.2,17138.99609375,53.8,,,,,,,,,
20260820_142704_79edcc8b,2026-08-20T18:43:40.113443+00:00,995.8918589100067,1977,server,ubuntu,500,psutil,13433558544,27081228440,2402436,12264,9.0,17154.44140625,53.8,,,,,,,,,
20260820_142704_79edcc8b,2026-08-20T18:43:40.618318+00:00,996.396734709997,1978,server,ubuntu,500,psutil,13436028828,27081242271,2470284,13831,7.8,17169.86328125,53.9,,,,,,,,,
20260820_142704_79edcc8b,2026-08-20T18:43:41.118645+00:00,996.8970612270059,1979,server,ubuntu,500,psutil,13438500677,27081255554,2471849,13283,8.3,17177.55078125,53.9,,,,,,,,,
20260820_142704_79edcc8b,2026-08-20T18:43:41.619083+00:00,997.3974988670088,1980,server,ubuntu,500,psutil,13440890883,27081268188,2390206,12634,8.1,17191.8359375,53.9,,,,,,,,,
20260820_142704_79edcc8b,2026-08-20T18:43:42.119471+00:00,997.8978871589934,1981,server,ubuntu,500,psutil,13443217969,27081281428,2327086,13240,11.5,17193.3984375,53.9,,,,,,,,,
20260820_142704_79edcc8b,2026-08-20T18:43:44.073802+00:00,999.8522165210161,1982,server,ubuntu,500,psutil,13452097422,27081327708,8879453,46280,13.5,17198.95703125,54.0,,,,,,,,,
20260820_142704_79edcc8b,2026-08-20T18:43:44.580564+00:00,1000.3589806990058,1983,server,ubuntu,500,psutil,13454211504,27081339978,2114082,12270,7.9,17200.98046875,54.0,,,,,,,,,
20260820_142704_79edcc8b,2026-08-20T18:43:45.085011+00:00,1000.8634275440127,1984,server,ubuntu,500,psutil,13456424396,27081351426,2212892,11448,10.9,17211.41796875,54.0,,,,,,,,,
20260820_142704_79edcc8b,2026-08-20T18:43:45.585418+00:00,1001.3638328130182,1985,server,ubuntu,500,psutil,13458499928,27081363798,2075532,12372,10.0,17230.49609375,54.1,,,,,,,,,
20260820_142704_79edcc8b,2026-08-20T18:43:46.086461+00:00,1001.8648730580171,1986,server,ubuntu,500,psutil,13460634498,27081376657,2134570,12859,13.5,17262.140625,54.2,,,,,,,,,
20260820_142704_79edcc8b,2026-08-20T18:43:46.586811+00:00,1002.365225985006,1987,server,ubuntu,500,psutil,13462871441,27081403001,2236943,26344,13.7,17263.73828125,54.2,,,,,,,,,
20260820_142704_79edcc8b,2026-08-20T18:43:47.087217+00:00,1002.865631838009,1988,server,ubuntu,500,psutil,13465048745,27081413477,2177304,10476,10.5,17282.4140625,54.2,,,,,,,,,
20260820_142704_79edcc8b,2026-08-20T18:43:47.587663+00:00,1003.3660777650075,1989,server,ubuntu,500,psutil,13466850091,27081424929,1801346,11452,9.8,17270.2265625,54.2,,,,,,,,,
20260820_142704_79edcc8b,2026-08-20T18:43:48.088154+00:00,1003.8665690910129,1990,server,ubuntu,500,psutil,13468071509,27081439151,1221418,14222,10.1,17271.23828125,54.2,,,,,,,,,
20260820_142704_79edcc8b,2026-08-20T18:43:48.588529+00:00,1004.3669437289936,1991,server,ubuntu,500,psutil,13469368551,27081452530,1297042,13379,8.0,17274.796875,54.2,,,,,,,,,
20260820_142704_79edcc8b,2026-08-20T18:43:49.090484+00:00,1004.8689000979939,1992,server,ubuntu,500,psutil,13470639159,27081465742,1270608,13212,8.8,17279.52734375,54.2,,,,,,,,,
20260820_142704_79edcc8b,2026-08-20T18:43:49.591360+00:00,1005.369747018005,1993,server,ubuntu,500,psutil,13471800285,27081478762,1161126,13020,8.3,17290.80859375,54.2,,,,,,,,,
20260820_142704_79edcc8b,2026-08-20T18:43:50.093869+00:00,1005.8722844500153,1994,server,ubuntu,500,psutil,13472586799,27081491417,786514,12655,7.3,17285.75,54.2,,,,,,,,,
20260820_142704_79edcc8b,2026-08-20T18:43:50.594224+00:00,1006.3726393489924,1995,server,ubuntu,500,psutil,13473208319,27081501347,621520,9930,7.0,17290.0546875,54.2,,,,,,,,,
20260820_142704_79edcc8b,2026-08-20T18:43:51.094638+00:00,1006.8730543460115,1996,server,ubuntu,500,psutil,13473817503,27081510461,609184,9114,8.0,17287.6328125,54.2,,,,,,,,,
20260820_142704_79edcc8b,2026-08-20T18:43:51.595027+00:00,1007.3734426430019,1997,server,ubuntu,500,psutil,13474400507,27081518895,583004,8434,7.0,17300.5078125,54.3,,,,,,,,,
20260820_142704_79edcc8b,2026-08-20T18:43:52.095612+00:00,1007.8740279670164,1998,server,ubuntu,500,psutil,13474986467,27081528123,585960,9228,6.8,17282.83984375,54.2,,,,,,,,,
20260820_142704_79edcc8b,2026-08-20T18:43:52.595975+00:00,1008.3743915939995,1999,server,ubuntu,500,psutil,13475620229,27081537213,633762,9090,8.0,17290.71875,54.2,,,,,,,,,
20260820_142704_79edcc8b,2026-08-20T18:43:53.096417+00:00,1008.8748325530032,2000,server,ubuntu,500,psutil,13476175349,27081545595,555120,8382,7.0,17291.95703125,54.3,,,,,,,,,
20260820_142704_79edcc8b,2026-08-20T18:43:53.596749+00:00,1009.375165467005,2001,server,ubuntu,500,psutil,13476719675,27081554523,544326,8928,6.6,17285.78515625,54.2,,,,,,,,,
20260820_142704_79edcc8b,2026-08-20T18:43:54.097195+00:00,1009.8756107939989,2002,server,ubuntu,500,psutil,13477287131,27081563079,567456,8556,6.8,17280.5234375,54.2,,,,,,,,,
20260820_142704_79edcc8b,2026-08-20T18:43:54.597603+00:00,1010.3760188909946,2003,server,ubuntu,500,psutil,13477840709,27081571425,553578,8346,6.3,17280.1796875,54.2,,,,,,,,,
20260820_142704_79edcc8b,2026-08-20T18:43:55.098041+00:00,1010.8764569310006,2004,server,ubuntu,500,psutil,13478397371,27081579129,556662,7704,6.8,17282.65625,54.2,,,,,,,,,
20260820_142704_79edcc8b,2026-08-20T18:43:55.598619+00:00,1011.3770349929982,2005,server,ubuntu,500,psutil,13478861513,27081586281,464142,7152,6.6,17291.69140625,54.3,,,,,,,,,
20260820_142704_79edcc8b,2026-08-20T18:43:56.100533+00:00,1011.8789495629899,2006,server,ubuntu,500,psutil,13479421259,27081592215,559746,5934,6.5,17302.60546875,54.3,,,,,,,,,
20260820_142704_79edcc8b,2026-08-20T18:43:56.600944+00:00,1012.3793606830004,2007,server,ubuntu,500,psutil,13479925615,27081601509,504356,9294,6.0,17306.59765625,54.3,,,,,,,,,
20260820_142704_79edcc8b,2026-08-20T18:43:57.101447+00:00,1012.8798618059955,2008,server,ubuntu,500,psutil,13480419170,27081609372,493555,7863,6.8,17299.5234375,54.3,,,,,,,,,
20260820_142704_79edcc8b,2026-08-20T18:43:57.601934+00:00,1013.3803495210013,2009,server,ubuntu,500,psutil,13481001927,27081616435,582757,7063,7.3,17304.953125,54.3,,,,,,,,,
20260820_142704_79edcc8b,2026-08-20T18:43:58.102297+00:00,1013.8807128969929,2010,server,ubuntu,500,psutil,13481537764,27081626682,535837,10247,7.6,17296.1875,54.3,,,,,,,,,
20260820_142704_79edcc8b,2026-08-20T18:43:58.602722+00:00,1014.381137024,2011,server,ubuntu,500,psutil,13482082310,27081634498,544546,7816,6.1,17289.26171875,54.2,,,,,,,,,
20260820_142704_79edcc8b,2026-08-20T18:43:59.103213+00:00,1014.8816281970066,2012,server,ubuntu,500,psutil,13482568040,27081642250,485730,7752,6.3,17283.81640625,54.2,,,,,,,,,
20260820_142704_79edcc8b,2026-08-20T18:43:59.603588+00:00,1015.3820038000122,2013,server,ubuntu,500,psutil,13483081526,27081649546,513486,7296,6.0,17229.83203125,54.1,,,,,,,,,
20260820_142704_79edcc8b,2026-08-20T18:44:00.104443+00:00,1015.8828595170053,2014,server,ubuntu,500,psutil,13483630560,27081657515,549034,7969,6.3,17235.140625,54.1,,,,,,,,,
20260820_142704_79edcc8b,2026-08-20T18:44:00.604792+00:00,1016.3832073179947,2015,server,ubuntu,500,psutil,13484122485,27081666172,491925,8657,6.3,17240.08203125,54.1,,,,,,,,,
20260820_142704_79edcc8b,2026-08-20T18:44:01.107233+00:00,1016.8856484960124,2016,server,ubuntu,500,psutil,13484677605,27081673732,555120,7560,6.3,17241.90234375,54.1,,,,,,,,,
20260820_142704_79edcc8b,2026-08-20T18:44:01.611440+00:00,1017.389855699992,2017,server,ubuntu,500,psutil,13485170711,27081682678,493106,8946,6.0,17245.421875,54.1,,,,,,,,,
20260820_142704_79edcc8b,2026-08-20T18:44:02.111806+00:00,1017.8902204300102,2018,server,ubuntu,500,psutil,13485696533,27081690064,525822,7386,6.5,17246.0078125,54.1,,,,,,,,,
20260820_142704_79edcc8b,2026-08-20T18:44:02.612272+00:00,1018.3906877789996,2019,server,ubuntu,500,psutil,13486231701,27081697651,535168,7587,6.5,17239.32421875,54.1,,,,,,,,,
20260820_142704_79edcc8b,2026-08-20T18:44:03.112612+00:00,1018.8910270030028,2020,server,ubuntu,500,psutil,13486736131,27081704437,504430,6786,6.5,17249.3046875,54.1,,,,,,,,,
20260820_142704_79edcc8b,2026-08-20T18:44:03.613094+00:00,1019.3915100230079,2021,server,ubuntu,500,psutil,13487213247,27081712948,477116,8511,5.6,17255.15625,54.1,,,,,,,,,
20260820_142704_79edcc8b,2026-08-20T18:44:04.113555+00:00,1019.8919701220002,2022,server,ubuntu,500,psutil,13487745619,27081721299,532372,8351,11.0,17293.6171875,54.3,,,,,,,,,
20260820_142704_79edcc8b,2026-08-20T18:44:04.614027+00:00,1020.3924433329958,2023,server,ubuntu,500,psutil,13488285703,27081733878,540084,12579,12.8,17303.69140625,54.3,,,,,,,,,
20260820_142704_79edcc8b,2026-08-20T18:44:05.114471+00:00,1020.8928874440026,2024,server,ubuntu,500,psutil,13488768654,27081743136,482951,9258,8.1,17307.98046875,54.3,,,,,,,,,
20260820_142704_79edcc8b,2026-08-20T18:44:05.614916+00:00,1021.3933317660121,2025,server,ubuntu,500,psutil,13489277018,27081751002,508364,7866,8.3,17308.77734375,54.3,,,,,,,,,
20260820_142704_79edcc8b,2026-08-20T18:44:06.115242+00:00,1021.8936579970177,2026,server,ubuntu,500,psutil,13489873117,27081760318,596099,9316,9.0,17303.5390625,54.3,,,,,,,,,
20260820_142704_79edcc8b,2026-08-20T18:44:06.615607+00:00,1022.3940222469973,2027,server,ubuntu,500,psutil,13490424003,27081769891,550886,9573,8.3,17308.09375,54.3,,,,,,,,,
20260820_142704_79edcc8b,2026-08-20T18:44:07.116073+00:00,1022.8944896500034,2028,server,ubuntu,500,psutil,13490984850,27081780320,560847,10429,7.6,17311.6015625,54.3,,,,,,,,,
20260820_142704_79edcc8b,2026-08-20T18:44:07.616519+00:00,1023.3949353749922,2029,server,ubuntu,500,psutil,13491537023,27081787920,552173,7600,7.8,17317.79296875,54.3,,,,,,,,,
20260820_142704_79edcc8b,2026-08-20T18:44:08.116993+00:00,1023.8954087129969,2030,server,ubuntu,500,psutil,13492079046,27081797355,542023,9435,8.3,17324.55078125,54.4,,,,,,,,,
20260820_142704_79edcc8b,2026-08-20T18:44:08.620483+00:00,1024.3988990810176,2031,server,ubuntu,500,psutil,13492673348,27081805922,594302,8567,7.8,17333.1640625,54.4,,,,,,,,,
20260820_142704_79edcc8b,2026-08-20T18:44:09.122388+00:00,1024.900803735014,2032,server,ubuntu,500,psutil,13493217277,27081853159,543929,47237,19.1,17341.640625,54.4,,,,,,,,,
20260820_142704_79edcc8b,2026-08-20T18:44:09.622763+00:00,1025.401178547996,2033,server,ubuntu,500,psutil,13493775208,27082047716,557931,194557,17.8,17327.0234375,54.4,,,,,,,,,
20260820_142704_79edcc8b,2026-08-20T18:44:10.123150+00:00,1025.9015650550136,2034,server,ubuntu,500,psutil,13494317196,27082057045,541988,9329,6.8,17314.23828125,54.3,,,,,,,,,
20260820_142704_79edcc8b,2026-08-20T18:44:10.623587+00:00,1026.402001562994,2035,server,ubuntu,500,psutil,13494872316,27082063957,555120,6912,6.3,17323.94921875,54.4,,,,,,,,,
20260820_142704_79edcc8b,2026-08-20T18:44:11.124007+00:00,1026.902422078012,2036,server,ubuntu,500,psutil,13495423289,27082072274,550973,8317,8.2,17316.48046875,54.3,,,,,,,,,
20260820_142704_79edcc8b,2026-08-20T18:44:11.624407+00:00,1027.4028217040177,2037,server,ubuntu,500,psutil,13495966187,27082079426,542898,7152,8.5,17319.015625,54.3,,,,,,,,,
20260820_142704_79edcc8b,2026-08-20T18:44:12.124930+00:00,1027.9033456420002,2038,server,ubuntu,500,psutil,13496549063,27082086824,582876,7398,13.7,17321.82421875,54.3,,,,,,,,,
20260820_142704_79edcc8b,2026-08-20T18:44:12.625330+00:00,1028.403743966017,2039,server,ubuntu,500,psutil,13496845710,27082092224,296647,5400,5.0,17315.1796875,54.3,,,,,,,,,
20260820_142704_79edcc8b,2026-08-20T18:44:13.125823+00:00,1028.904236803006,2040,server,ubuntu,500,psutil,13496846412,27082092728,702,504,6.3,17195.84765625,54.0,,,,,,,,,
20260820_142704_79edcc8b,2026-08-20T18:44:13.657764+00:00,1029.4361794040015,2041,server,ubuntu,500,psutil,13496851575,27082099248,5163,6520,15.6,16901.78125,53.0,,,,,,,,,
20260820_142704_79edcc8b,2026-08-20T18:44:14.159292+00:00,1029.9377072160132,2042,server,ubuntu,500,psutil,13496851575,27082099314,0,66,29.6,16943.8671875,53.2,,,,,,,,,
20260820_142704_79edcc8b,2026-08-20T18:44:14.743371+00:00,1030.5217869630142,2043,server,ubuntu,500,psutil,13496851575,27082099314,0,0,19.3,16925.41796875,53.1,,,,,,,,,
20260820_142704_79edcc8b,2026-08-20T18:44:15.527330+00:00,1031.305744985002,2044,server,ubuntu,500,psutil,13496851791,27082099470,216,156,16.8,16907.90625,53.0,,,,,,,,,
20260820_142704_79edcc8b,2026-08-20T18:44:16.152811+00:00,1031.9312264340115,2045,server,ubuntu,500,psutil,13496851885,27082099575,94,105,16.9,16895.5703125,53.0,,,,,,,,,
20260820_142704_79edcc8b,2026-08-20T18:44:16.756535+00:00,1032.5349504979968,2046,server,ubuntu,500,psutil,13496852007,27082099731,122,156,17.0,16893.1328125,53.0,,,,,,,,,
20260820_142704_79edcc8b,2026-08-20T18:44:17.466764+00:00,1033.245179940015,2047,server,ubuntu,500,psutil,13496852227,27082099825,220,94,16.3,16881.23046875,53.0,,,,,,,,,
20260820_142704_79edcc8b,2026-08-20T18:44:18.229417+00:00,1034.007832564006,2048,server,ubuntu,500,psutil,13496852447,27082099919,220,94,16.6,16855.8125,52.9,,,,,,,,,
20260820_142704_79edcc8b,2026-08-20T18:44:18.961374+00:00,1034.739788900013,2049,server,ubuntu,500,psutil,13496853259,27082100613,812,694,15.9,16858.7890625,52.9,,,,,,,,,
20260820_142704_79edcc8b,2026-08-20T18:44:19.692451+00:00,1035.470865943993,2050,server,ubuntu,500,psutil,13496853259,27082100613,0,0,16.0,16835.3828125,52.8,,,,,,,,,
20260820_142704_79edcc8b,2026-08-20T18:44:20.199506+00:00,1035.9779221450153,2051,server,ubuntu,500,psutil,13496853259,27082100613,0,0,16.2,16833.69921875,52.8,,,,,,,,,
20260820_142704_79edcc8b,2026-08-20T18:44:20.851353+00:00,1036.6297685099998,2052,server,ubuntu,500,psutil,13496853259,27082100613,0,0,16.7,16833.9296875,52.8,,,,,,,,,
20260820_142704_79edcc8b,2026-08-20T18:44:21.491498+00:00,1037.2699138970056,2053,server,ubuntu,500,psutil,13496853259,27082100613,0,0,16.4,16824.8046875,52.8,,,,,,,,,
20260820_142704_79edcc8b,2026-08-20T18:44:22.170333+00:00,1037.9487485830032,2054,server,ubuntu,500,psutil,13496855051,27082101617,1792,1004,16.4,16814.34375,52.8,,,,,,,,,
20260820_142704_79edcc8b,2026-08-20T18:44:22.744213+00:00,1038.5226278740156,2055,server,ubuntu,500,psutil,13496855145,27082101683,94,66,16.6,16817.64453125,52.8,,,,,,,,,
20260820_142704_79edcc8b,2026-08-20T18:44:23.327340+00:00,1039.1057549779944,2056,server,ubuntu,500,psutil,13496855145,27082101683,0,0,15.6,16806.25390625,52.7,,,,,,,,,
20260820_142704_79edcc8b,2026-08-20T18:44:24.162528+00:00,1039.9409441050084,2057,server,ubuntu,500,psutil,13496855145,27082101683,0,0,16.1,16794.58203125,52.7,,,,,,,,,
20260820_142704_79edcc8b,2026-08-20T18:44:24.696394+00:00,1040.474809620995,2058,server,ubuntu,500,psutil,13496855239,27082101788,94,105,16.2,16793.27734375,52.7,,,,,,,,,
20260820_142704_79edcc8b,2026-08-20T18:44:25.426672+00:00,1041.2050869840023,2059,server,ubuntu,500,psutil,13496855354,27082101869,115,81,16.6,16791.89453125,52.7,,,,,,,,,
20260820_142704_79edcc8b,2026-08-20T18:44:26.390157+00:00,1042.1685730960162,2060,server,ubuntu,500,psutil,13496858825,27082106651,3471,4782,16.4,16788.9375,52.7,,,,,,,,,
20260820_142704_79edcc8b,2026-08-20T18:44:27.012520+00:00,1042.7909362060018,2061,server,ubuntu,500,psutil,13496858825,27082106651,0,0,16.1,16793.62109375,52.7,,,,,,,,,
20260820_142704_79edcc8b,2026-08-20T18:44:27.680473+00:00,1043.4588884660043,2062,server,ubuntu,500,psutil,13496858825,27082106651,0,0,17.0,16796.859375,52.7,,,,,,,,,
20260820_142704_79edcc8b,2026-08-20T18:44:28.409540+00:00,1044.1879564129922,2063,server,ubuntu,500,psutil,13496859139,27082106850,314,199,16.2,16789.2265625,52.7,,,,,,,,,
20260820_142704_79edcc8b,2026-08-20T18:44:29.042292+00:00,1044.820707136998,2064,server,ubuntu,500,psutil,13496859139,27082106850,0,0,17.1,16785.1484375,52.7,,,,,,,,,
20260820_142704_79edcc8b,2026-08-20T18:44:29.753334+00:00,1045.5317493640177,2065,server,ubuntu,500,psutil,13496859209,27082106892,70,42,16.1,16787.10546875,52.7,,,,,,,,,
20260820_142704_79edcc8b,2026-08-20T18:44:30.347033+00:00,1046.125448745006,2066,server,ubuntu,500,psutil,13496859397,27082106958,188,66,16.7,16787.03125,52.7,,,,,,,,,
20260820_142704_79edcc8b,2026-08-20T18:44:31.074465+00:00,1046.8528803480149,2067,server,ubuntu,500,psutil,13496859397,27082106958,0,0,16.1,16786.75390625,52.7,,,,,,,,,
20260820_142704_79edcc8b,2026-08-20T18:44:31.754420+00:00,1047.5328353430086,2068,server,ubuntu,500,psutil,13496859823,27082107208,426,250,16.2,16781.7578125,52.7,,,,,,,,,
20260820_142704_79edcc8b,2026-08-20T18:44:32.585500+00:00,1048.3639159850136,2069,server,ubuntu,500,psutil,13496859823,27082107208,0,0,16.6,16783.36328125,52.7,,,,,,,,,
20260820_142704_79edcc8b,2026-08-20T18:44:33.408823+00:00,1049.187237570004,2070,server,ubuntu,500,psutil,13496859823,27082107208,0,0,16.2,16787.20703125,52.7,,,,,,,,,
20260820_142704_79edcc8b,2026-08-20T18:44:34.163421+00:00,1049.9418366180034,2071,server,ubuntu,500,psutil,13496860559,27082107816,736,608,16.8,16789.50390625,52.7,,,,,,,,,
20260820_142704_79edcc8b,2026-08-20T18:44:35.042339+00:00,1050.8207546900085,2072,server,ubuntu,500,psutil,13496860559,27082107816,0,0,16.7,16788.33203125,52.7,,,,,,,,,
20260820_142704_79edcc8b,2026-08-20T18:44:35.678371+00:00,1051.4567873679916,2073,server,ubuntu,500,psutil,13496860559,27082107816,0,0,16.6,16782.07421875,52.7,,,,,,,,,
20260820_142704_79edcc8b,2026-08-20T18:44:36.294606+00:00,1052.0730219730176,2074,server,ubuntu,500,psutil,13496860559,27082107816,0,0,16.4,16782.578125,52.7,,,,,,,,,
20260820_142704_79edcc8b,2026-08-20T18:44:37.063462+00:00,1052.8418747760006,2075,server,ubuntu,500,psutil,13496868393,27082108598,7834,782,16.5,16784.98046875,52.7,,,,,,,,,
20260820_142704_79edcc8b,2026-08-20T18:44:37.650619+00:00,1053.4290349770163,2076,server,ubuntu,500,psutil,13496868696,27082108811,303,213,16.7,16777.5703125,52.6,,,,,,,,,
20260820_142704_79edcc8b,2026-08-20T18:44:38.328568+00:00,1054.1069842140132,2077,server,ubuntu,500,psutil,13496869010,27082109010,314,199,16.2,16775.53125,52.6,,,,,,,,,
20260820_142704_79edcc8b,2026-08-20T18:44:38.925796+00:00,1054.7042120129918,2078,server,ubuntu,500,psutil,13496869010,27082109010,0,0,16.3,16778.765625,52.6,,,,,,,,,
20260820_142704_79edcc8b,2026-08-20T18:44:39.549621+00:00,1055.3280364419916,2079,server,ubuntu,500,psutil,13496869010,27082109010,0,0,16.8,16782.265625,52.7,,,,,,,,,
20260820_142704_79edcc8b,2026-08-20T18:44:40.192070+00:00,1055.9704848419933,2080,server,ubuntu,500,psutil,13496873555,27082111475,4545,2465,16.9,16771.875,52.6,,,,,,,,,
20260820_142704_79edcc8b,2026-08-20T18:44:40.874475+00:00,1056.652891336009,2081,server,ubuntu,500,psutil,13496873555,27082112153,0,678,16.0,16771.58984375,52.6,,,,,,,,,
20260820_142704_79edcc8b,2026-08-20T18:44:41.559240+00:00,1057.337655172014,2082,server,ubuntu,500,psutil,13496873555,27082112153,0,0,16.4,16772.61328125,52.6,,,,,,,,,
20260820_142704_79edcc8b,2026-08-20T18:44:42.192492+00:00,1057.9708852260082,2083,server,ubuntu,500,psutil,13496875014,27082113025,1459,872,17.0,16775.69921875,52.6,,,,,,,,,
20260820_142704_79edcc8b,2026-08-20T18:44:42.961786+00:00,1058.7402016019914,2084,server,ubuntu,500,psutil,13496875108,27082113130,94,105,16.0,16775.80859375,52.6,,,,,,,,,
20260820_142704_79edcc8b,2026-08-20T18:44:43.697510+00:00,1059.4759260239953,2085,server,ubuntu,500,psutil,13496875836,27082113196,728,66,16.7,16773.17578125,52.6,,,,,,,,,
20260820_142704_79edcc8b,2026-08-20T18:44:44.441626+00:00,1060.22004168501,2086,server,ubuntu,500,psutil,13496875836,27082113196,0,0,16.5,16777.8359375,52.6,,,,,,,,,
20260820_142704_79edcc8b,2026-08-20T18:44:45.195556+00:00,1060.973952100001,2087,server,ubuntu,500,psutil,13496875836,27082113196,0,0,16.9,16783.0546875,52.7,,,,,,,,,
20260820_142704_79edcc8b,2026-08-20T18:44:45.911540+00:00,1061.6899556230055,2088,server,ubuntu,500,psutil,13496875836,27082113196,0,0,17.0,16776.58984375,52.6,,,,,,,,,
20260820_142704_79edcc8b,2026-08-20T18:44:46.545133+00:00,1062.3235483700118,2089,server,ubuntu,500,psutil,13496879289,27082117979,3453,4783,17.2,16773.1328125,52.6,,,,,,,,,
20260820_142704_79edcc8b,2026-08-20T18:44:47.195364+00:00,1062.9737796359987,2090,server,ubuntu,500,psutil,13496879289,27082117979,0,0,16.8,16775.3515625,52.6,,,,,,,,,
20260820_142704_79edcc8b,2026-08-20T18:44:47.861241+00:00,1063.639656843996,2091,server,ubuntu,500,psutil,13496879509,27082118073,220,94,16.1,16778.5625,52.6,,,,,,,,,
20260820_142704_79edcc8b,2026-08-20T18:44:48.446163+00:00,1064.2245784910046,2092,server,ubuntu,500,psutil,13496879729,27082118167,220,94,16.3,16782.2890625,52.7,,,,,,,,,
20260820_142704_79edcc8b,2026-08-20T18:44:49.077691+00:00,1064.8561068770068,2093,server,ubuntu,500,psutil,13496880465,27082118795,736,628,16.6,16786.484375,52.7,,,,,,,,,
20260820_142704_79edcc8b,2026-08-20T18:44:49.669506+00:00,1065.4479217379994,2094,server,ubuntu,500,psutil,13496880580,27082118876,115,81,17.1,16781.30078125,52.7,,,,,,,,,
20260820_142704_79edcc8b,2026-08-20T18:44:50.377294+00:00,1066.1557095500175,2095,server,ubuntu,500,psutil,13496880768,27082118942,188,66,16.2,16785.49609375,52.7,,,,,,,,,
20260820_142704_79edcc8b,2026-08-20T18:44:51.077465+00:00,1066.8558793539996,2096,server,ubuntu,500,psutil,13496880768,27082118942,0,0,16.4,16787.66796875,52.7,,,,,,,,,
20260820_142704_79edcc8b,2026-08-20T18:44:51.723317+00:00,1067.5017327239912,2097,server,ubuntu,500,psutil,13496880966,27082119150,198,208,17.4,16786.28125,52.7,,,,,,,,,
20260820_142704_79edcc8b,2026-08-20T18:44:52.321511+00:00,1068.0999270140019,2098,server,ubuntu,500,psutil,13496880966,27082119150,0,0,16.8,16787.125,52.7,,,,,,,,,
20260820_142704_79edcc8b,2026-08-20T18:44:53.082831+00:00,1068.8612461019948,2099,server,ubuntu,500,psutil,13496881060,27082119255,94,105,16.9,16785.2734375,52.7,,,,,,,,,
20260820_142704_79edcc8b,2026-08-20T18:44:53.730841+00:00,1069.5092569770059,2100,server,ubuntu,500,psutil,13496881060,27082119255,0,0,16.5,16785.1875,52.7,,,,,,,,,
20260820_142704_79edcc8b,2026-08-20T18:44:54.478801+00:00,1070.2572167410108,2101,server,ubuntu,500,psutil,13496881060,27082119255,0,0,16.4,16785.69921875,52.7,,,,,,,,,
20260820_142704_79edcc8b,2026-08-20T18:44:55.199504+00:00,1070.9779199860059,2102,server,ubuntu,500,psutil,13496881854,27082119915,794,660,16.7,16786.37890625,52.7,,,,,,,,,
20260820_142704_79edcc8b,2026-08-20T18:44:55.808881+00:00,1071.5872760509956,2103,server,ubuntu,500,psutil,13496881956,27082119915,102,0,16.4,16769.33203125,52.6,,,,,,,,,
20260820_142704_79edcc8b,2026-08-20T18:44:56.427952+00:00,1072.206368101004,2104,server,ubuntu,500,psutil,13496882058,27082119915,102,0,17.0,16772.828125,52.6,,,,,,,,,
20260820_142704_79edcc8b,2026-08-20T18:44:57.044250+00:00,1072.8226646230032,2105,server,ubuntu,500,psutil,13496882282,27082120071,224,156,16.2,16777.1875,52.6,,,,,,,,,
20260820_142704_79edcc8b,2026-08-20T18:44:57.942276+00:00,1073.7206904980121,2106,server,ubuntu,500,psutil,13496882540,27082120398,258,327,17.1,16773.98046875,52.6,,,,,,,,,
20260820_142704_79edcc8b,2026-08-20T18:44:58.741386+00:00,1074.5198004890117,2107,server,ubuntu,500,psutil,13496882862,27082120492,322,94,16.4,16777.09765625,52.6,,,,,,,,,
20260820_142704_79edcc8b,2026-08-20T18:44:59.592884+00:00,1075.3713002869918,2108,server,ubuntu,500,psutil,13496882862,27082120492,0,0,16.7,16778.609375,52.6,,,,,,,,,
20260820_142704_79edcc8b,2026-08-20T18:45:00.403508+00:00,1076.181924036995,2109,server,ubuntu,500,psutil,13496882964,27082120492,102,0,16.4,16782.09765625,52.7,,,,,,,,,
20260820_142704_79edcc8b,2026-08-20T18:45:01.258090+00:00,1077.0365055529983,2110,server,ubuntu,500,psutil,13496882964,27082120492,0,0,17.0,16777.8984375,52.6,,,,,,,,,
20260820_142704_79edcc8b,2026-08-20T18:45:01.943691+00:00,1077.7221064339974,2111,server,ubuntu,500,psutil,13496883181,27082120573,217,81,16.0,16779.0546875,52.6,,,,,,,,,
20260820_142704_79edcc8b,2026-08-20T18:45:02.591364+00:00,1078.36977948001,2112,server,ubuntu,500,psutil,13496894741,27082127739,11560,7166,19.0,16782.23046875,52.7,,,,,,,,,
20260820_142704_79edcc8b,2026-08-20T18:45:03.124520+00:00,1078.9029345590097,2113,server,ubuntu,500,psutil,13496895234,27082129660,493,1921,18.0,16785.15234375,52.7,,,,,,,,,
20260820_142704_79edcc8b,2026-08-20T18:45:03.925717+00:00,1079.704133051011,2114,server,ubuntu,500,psutil,13496895563,27082129660,329,0,16.9,16776.203125,52.6,,,,,,,,,
20260820_142704_79edcc8b,2026-08-20T18:45:04.571500+00:00,1080.3499161110085,2115,server,ubuntu,500,psutil,13496896046,27082130354,483,694,17.6,16780.3046875,52.6,,,,,,,,,
20260820_142704_79edcc8b,2026-08-20T18:45:05.176715+00:00,1080.9551306159992,2116,server,ubuntu,500,psutil,13496896046,27082130354,0,0,17.0,16783.6796875,52.7,,,,,,,,,
20260820_142704_79edcc8b,2026-08-20T18:45:05.869500+00:00,1081.6479153980035,2117,server,ubuntu,500,psutil,13496896161,27082130478,115,124,16.7,16781.7890625,52.7,,,,,,,,,
20260820_142704_79edcc8b,2026-08-20T18:45:06.626029+00:00,1082.4044450329966,2118,server,ubuntu,500,psutil,13496899730,27082135326,3569,4848,16.5,16776.5546875,52.6,,,,,,,,,
20260820_142704_79edcc8b,2026-08-20T18:45:07.344477+00:00,1083.122892976011,2119,server,ubuntu,500,psutil,13496900146,27082135669,416,343,17.5,16772.68359375,52.6,,,,,,,,,
20260820_142704_79edcc8b,2026-08-20T18:45:07.914542+00:00,1083.6929573150119,2120,server,ubuntu,500,psutil,13496900146,27082135669,0,0,17.2,16775.1640625,52.6,,,,,,,,,
20260820_142704_79edcc8b,2026-08-20T18:45:08.470264+00:00,1084.248679915996,2121,server,ubuntu,500,psutil,13496900366,27082135763,220,94,16.4,16778.9609375,52.6,,,,,,,,,
20260820_142704_79edcc8b,2026-08-20T18:45:09.033763+00:00,1084.8121786930133,2122,server,ubuntu,500,psutil,13496900687,27082136039,321,276,16.3,16780.30078125,52.6,,,,,,,,,
20260820_142704_79edcc8b,2026-08-20T18:45:09.710499+00:00,1085.488914518006,2123,server,ubuntu,500,psutil,13496900687,27082136039,0,0,16.3,16782.46875,52.7,,,,,,,,,
20260820_142704_79edcc8b,2026-08-20T18:45:10.577648+00:00,1086.356063704996,2124,server,ubuntu,500,psutil,13496900875,27082136783,188,744,16.5,16782.21484375,52.7,,,,,,,,,
20260820_142704_79edcc8b,2026-08-20T18:45:11.272026+00:00,1087.0504416570184,2125,server,ubuntu,500,psutil,13496900875,27082136783,0,0,16.0,16774.875,52.6,,,,,,,,,
20260820_142704_79edcc8b,2026-08-20T18:45:12.091502+00:00,1087.8699172690103,2126,server,ubuntu,500,psutil,13496901095,27082136947,220,164,20.2,16776.125,52.6,,,,,,,,,
